label,idx,offset,size,sha1,name
JP,0,3,458808,53f6fda1767819f9,000=levels\tracks\proto8\1P\data.vrm
JP,1,228,553144,0fc3b3d4e8084736,001=levels\tracks\proto8\1P\data.lev
JP,2,499,458808,80b7b1b7bd5f0ca3,002=levels\tracks\proto8\2P\data.vrm
JP,3,724,517820,9a80481461260871,003=levels\tracks\proto8\2P\data.lev
JP,4,977,458808,44c5da46b31e080b,004=levels\tracks\proto8\4P\data.vrm
JP,5,1202,439172,fb6c67769262f3de,005=levels\tracks\proto8\4P\data.lev
JP,6,1417,458808,8b83eccff83560cc,006=levels\tracks\proto8\relic\data.vrm
JP,7,1642,578004,81dd6c55b01017d8,007=levels\tracks\proto8\relic\data.lev
JP,8,1925,458808,b2faba70c2799ef8,008=levels\tracks\proto9\1P\data.vrm
JP,9,2150,700740,e3a9f2960513c88a,009=levels\tracks\proto9\1P\data.lev
JP,10,2493,458808,6ae214ed9168ec54,010=levels\tracks\proto9\2P\data.vrm
JP,11,2718,699916,a77f7d2e281d8ce8,011=levels\tracks\proto9\2P\data.lev
JP,12,3060,458808,84ac601968edefe4,012=levels\tracks\proto9\4P\data.vrm
JP,13,3285,393668,27039a257ae1791f,013=levels\tracks\proto9\4P\data.lev
JP,14,3478,458808,5a9671cf34de7f3c,014=levels\tracks\proto9\relic\data.vrm
JP,15,3703,720552,ef50d9329547f7e7,015=levels\tracks\proto9\relic\data.lev
JP,16,4055,458808,5162974eeadf385d,016=levels\tracks\desert2\1P\data.vrm
JP,17,4280,718268,5d71dd64dbb00169,017=levels\tracks\desert2\1P\data.lev
JP,18,4631,458808,edbd1898a98005d5,018=levels\tracks\desert2\2P\data.vrm
JP,19,4856,692964,084fc1e44676db72,019=levels\tracks\desert2\2P\data.lev
JP,20,5195,458808,b7278b2d1e674fa8,020=levels\tracks\desert2\4P\data.vrm
JP,21,5420,470672,aad1b36772630d38,021=levels\tracks\desert2\4P\data.lev
JP,22,5650,458808,6663a028b0a4dc66,022=levels\tracks\desert2\relic\data.vrm
JP,23,5875,744684,e1e80fc3abdd9345,023=levels\tracks\desert2\relic\data.lev
JP,24,6239,458808,b5de5311f7b4450e,024=levels\tracks\island1\1P\data.vrm
JP,25,6464,768540,c04468145cd52a56,025=levels\tracks\island1\1P\data.lev
JP,26,6840,458808,fbf937bae716a249,026=levels\tracks\island1\2P\data.vrm
JP,27,7065,753368,8fc813ae4b135100,027=levels\tracks\island1\2P\data.lev
JP,28,7433,458808,e9df51b29b5fed22,028=levels\tracks\island1\4P\data.vrm
JP,29,7658,620764,7405550f957467da,029=levels\tracks\island1\4P\data.lev
JP,30,7962,458808,6bc4989ade83b430,030=levels\tracks\island1\relic\data.vrm
JP,31,8187,793704,1330a59f522eccb6,031=levels\tracks\island1\relic\data.lev
JP,32,8575,458808,ee1709636b4dcfff,032=levels\tracks\temple1\1P\data.vrm
JP,33,8800,728296,171e319de0657105,033=levels\tracks\temple1\1P\data.lev
JP,34,9156,458808,8b28fd8e6fc121a6,034=levels\tracks\temple1\2P\data.vrm
JP,35,9381,707740,8478b52069fdf3be,035=levels\tracks\temple1\2P\data.lev
JP,36,9727,458808,10238586acb1d866,036=levels\tracks\temple1\4P\data.vrm
JP,37,9952,584976,b46e7b83be5da742,037=levels\tracks\temple1\4P\data.lev
JP,38,10238,458808,2511e13749bc2339,038=levels\tracks\temple1\relic\data.vrm
JP,39,10463,765284,cca5eaf1f96b5174,039=levels\tracks\temple1\relic\data.lev
JP,40,10837,458808,a5cb01387555ed7b,040=levels\tracks\temple2\1P\data.vrm
JP,41,11062,721380,f3af4a144606d8de,041=levels\tracks\temple2\1P\data.lev
JP,42,11415,458808,8fe07ccd5b48970d,042=levels\tracks\temple2\2P\data.vrm
JP,43,11640,707716,b4ecc6f955d7d3a9,043=levels\tracks\temple2\2P\data.lev
JP,44,11986,458808,a2a0ec3339333b5b,044=levels\tracks\temple2\4P\data.vrm
JP,45,12211,678992,1674c69ee7da4417,045=levels\tracks\temple2\4P\data.lev
JP,46,12543,458808,588d640b362943e2,046=levels\tracks\temple2\relic\data.vrm
JP,47,12768,763852,a0c2ee10134d035c,047=levels\tracks\temple2\relic\data.lev
JP,48,13141,458808,d38a2b64e70bf3e3,048=levels\tracks\tube1\1P\data.vrm
JP,49,13366,618772,adac79739e008ffd,049=levels\tracks\tube1\1P\data.lev
JP,50,13669,458808,1e346a507d3b728f,050=levels\tracks\tube1\2P\data.vrm
JP,51,13894,606512,ebc735e5cbe6a212,051=levels\tracks\tube1\2P\data.lev
JP,52,14191,458808,942e5efc761f4e03,052=levels\tracks\tube1\4P\data.vrm
JP,53,14416,529944,a6f6443de48238b8,053=levels\tracks\tube1\4P\data.lev
JP,54,14675,458808,fb3c3c7118bf07d1,054=levels\tracks\tube1\relic\data.vrm
JP,55,14900,638580,f58b4da9516162ba,055=levels\tracks\tube1\relic\data.lev
JP,56,15212,458808,826eb33e693ccb3c,056=levels\tracks\blimp1\1P\data.vrm
JP,57,15437,766896,dccd6f3b8fb13b49,057=levels\tracks\blimp1\1P\data.lev
JP,58,15812,458808,56fe5e735b38f096,058=levels\tracks\blimp1\2P\data.vrm
JP,59,16037,731984,18a712fcda9beab3,059=levels\tracks\blimp1\2P\data.lev
JP,60,16395,458808,9d422179bcdd9c7a,060=levels\tracks\blimp1\4P\data.vrm
JP,61,16620,559008,f18b6cc6124d2b17,061=levels\tracks\blimp1\4P\data.lev
JP,62,16893,458808,ed701fb0f80b7622,062=levels\tracks\blimp1\relic\data.vrm
JP,63,17118,764448,11629885fecd3ba0,063=levels\tracks\blimp1\relic\data.lev
JP,64,17492,458808,cfafe760d64d90d7,064=levels\tracks\sewer1\1P\data.vrm
JP,65,17717,652644,12af09b621b5195c,065=levels\tracks\sewer1\1P\data.lev
JP,66,18036,458808,09a473c396dcdac5,066=levels\tracks\sewer1\2P\data.vrm
JP,67,18261,653220,aadb62bd99849fd5,067=levels\tracks\sewer1\2P\data.lev
JP,68,18580,458808,9dc3578042242a0d,068=levels\tracks\sewer1\4P\data.vrm
JP,69,18805,609120,701eff795631716a,069=levels\tracks\sewer1\4P\data.lev
JP,70,19103,458808,d1c7b056010152d6,070=levels\tracks\sewer1\relic\data.vrm
JP,71,19328,692928,3a8920dc709444bd,071=levels\tracks\sewer1\relic\data.lev
JP,72,19667,458808,ee4f8aeab6cd4137,072=levels\tracks\cave1\1P\data.vrm
JP,73,19892,779464,30be40efa6417191,073=levels\tracks\cave1\1P\data.lev
JP,74,20273,458808,3e47410138e32a54,074=levels\tracks\cave1\2P\data.vrm
JP,75,20498,787448,80310130417a0513,075=levels\tracks\cave1\2P\data.lev
JP,76,20883,458808,c0840a1af9de5aad,076=levels\tracks\cave1\4P\data.vrm
JP,77,21108,599132,f79d2ef8b94bd1e5,077=levels\tracks\cave1\4P\data.lev
JP,78,21401,458808,b2e36d08b87eda47,078=levels\tracks\cave1\relic\data.vrm
JP,79,21626,796876,5eb68a8ae8a9d0b1,079=levels\tracks\cave1\relic\data.lev
JP,80,22016,458808,770753cd86d16cb0,080=levels\tracks\castle1\1P\data.vrm
JP,81,22241,748416,057b7550ed187d07,081=levels\tracks\castle1\1P\data.lev
JP,82,22607,458808,8639ba7d111a5c91,082=levels\tracks\castle1\2P\data.vrm
JP,83,22832,733976,86a18bce21e5918d,083=levels\tracks\castle1\2P\data.lev
JP,84,23191,458808,65f84ca273ee558e,084=levels\tracks\castle1\4P\data.vrm
JP,85,23416,667452,b7ee067e302aaf5d,085=levels\tracks\castle1\4P\data.lev
JP,86,23742,458808,4f6f7efa45cfd4ce,086=levels\tracks\castle1\relic\data.vrm
JP,87,23967,769936,ce364ebfb0ac8ab3,087=levels\tracks\castle1\relic\data.lev
JP,88,24343,458808,d8d3e72fcca8e4ab,088=levels\tracks\labs1\1P\data.vrm
JP,89,24568,765832,609bf0e059f81c27,089=levels\tracks\labs1\1P\data.lev
JP,90,24942,458808,03fae80612b81d9a,090=levels\tracks\labs1\2P\data.vrm
JP,91,25167,770344,0394f29d50cce446,091=levels\tracks\labs1\2P\data.lev
JP,92,25544,458808,78682b369ab52a28,092=levels\tracks\labs1\4P\data.vrm
JP,93,25769,570340,fc2561249c8f9207,093=levels\tracks\labs1\4P\data.lev
JP,94,26048,458808,efe45272fb7b5e54,094=levels\tracks\labs1\relic\data.vrm
JP,95,26273,793964,33c9cbd2e7da87ca,095=levels\tracks\labs1\relic\data.lev
JP,96,26661,458808,49238a0e5feeec8d,096=levels\tracks\ice1\1P\data.vrm
JP,97,26886,781620,558cbf9268fd632a,097=levels\tracks\ice1\1P\data.lev
JP,98,27268,458808,99a5829d9df535a1,098=levels\tracks\ice1\2P\data.vrm
JP,99,27493,779952,c25d602a4b6b037a,099=levels\tracks\ice1\2P\data.lev
JP,100,27874,458808,55810e67dfff5403,100=levels\tracks\ice1\4P\data.vrm
JP,101,28099,710796,6885f42d7837a602,101=levels\tracks\ice1\4P\data.lev
JP,102,28447,458808,377f67cbaa0de1fb,102=levels\tracks\ice1\relic\data.vrm
JP,103,28672,797404,14d39ca136fc0cc7,103=levels\tracks\ice1\relic\data.lev
JP,104,29062,458808,e340672aaa661b91,104=levels\tracks\space\1P\data.vrm
JP,105,29287,770812,38bdf88eda5fc4f9,105=levels\tracks\space\1P\data.lev
JP,106,29664,458808,3c98d62812cf25b4,106=levels\tracks\space\2P\data.vrm
JP,107,29889,771868,91c32fbee69095c4,107=levels\tracks\space\2P\data.lev
JP,108,30266,458808,4e599b6bf22a623b,108=levels\tracks\space\4P\data.vrm
JP,109,30491,757172,02ebec5b3976a921,109=levels\tracks\space\4P\data.lev
JP,110,30861,458808,dd1ab0af28382f71,110=levels\tracks\space\relic\data.vrm
JP,111,31086,792708,7c870b01b7322ca6,111=levels\tracks\space\relic\data.lev
JP,112,31474,458808,490d1dc621e82aaa,112=levels\tracks\coco1\1P\data.vrm
JP,113,31699,539440,1dbe6236cc1b72fb,113=levels\tracks\coco1\1P\data.lev
JP,114,31963,458808,e50d438bb8a6446c,114=levels\tracks\coco1\2P\data.vrm
JP,115,32188,517972,f118fa6d2abd1780,115=levels\tracks\coco1\2P\data.lev
JP,116,32441,458808,0ce48439a4326bb5,116=levels\tracks\coco1\4P\data.vrm
JP,117,32666,413068,4285772abcf16d6a,117=levels\tracks\coco1\4P\data.lev
JP,118,32868,458808,5e61510ed78c5cf4,118=levels\tracks\coco1\relic\data.vrm
JP,119,33093,571912,b21f214d8fa9e5bc,119=levels\tracks\coco1\relic\data.lev
JP,120,33373,458808,649797d1b0eb9742,120=levels\tracks\arena2\1P\data.vrm
JP,121,33598,733944,42d69cfdec019242,121=levels\tracks\arena2\1P\data.lev
JP,122,33957,458808,fc2a7269b9d81bc5,122=levels\tracks\arena2\2P\data.vrm
JP,123,34182,726424,ef35af217324060f,123=levels\tracks\arena2\2P\data.lev
JP,124,34537,458808,722d8b34b73341e4,124=levels\tracks\arena2\4P\data.vrm
JP,125,34762,677780,5a5bdd60ac189351,125=levels\tracks\arena2\4P\data.lev
JP,126,35093,458808,28acfc9466debe1f,126=levels\tracks\arena2\relic\data.vrm
JP,127,35318,783728,ccfd4ce1630c5e16,127=levels\tracks\arena2\relic\data.lev
JP,128,35701,458808,a222a461a5769942,128=levels\tracks\secret1\1P\data.vrm
JP,129,35926,686608,2ca850074b3fcde5,129=levels\tracks\secret1\1P\data.lev
JP,130,36262,458808,e88162dd47818611,130=levels\tracks\secret1\2P\data.vrm
JP,131,36487,681308,4ad0bacf4ca88395,131=levels\tracks\secret1\2P\data.lev
JP,132,36820,458808,d56686e6734345be,132=levels\tracks\secret1\4P\data.vrm
JP,133,37045,631628,7246640faec641ba,133=levels\tracks\secret1\4P\data.lev
JP,134,37354,458808,2c66d4f88d087053,134=levels\tracks\secret1\relic\data.vrm
JP,135,37579,734660,0d11d09a0f7312f5,135=levels\tracks\secret1\relic\data.lev
JP,136,37938,458808,70de9a007a7867e7,136=levels\tracks\secret2\1P\data.vrm
JP,137,38163,763340,c53fa2f3d273f502,137=levels\tracks\secret2\1P\data.lev
JP,138,38536,458808,bd3c274663b4f4bf,138=levels\tracks\secret2\2P\data.vrm
JP,139,38761,758520,2b0bea9323fbb952,139=levels\tracks\secret2\2P\data.lev
JP,140,39132,458808,b40e0450cebd3671,140=levels\tracks\secret2\4P\data.vrm
JP,141,39357,698776,30de836279100045,141=levels\tracks\secret2\4P\data.lev
JP,142,39699,458808,9397c4d4a2f90c19,142=levels\tracks\secret2\relic\data.vrm
JP,143,39924,828116,bc50ece4ad05a40f,143=levels\tracks\secret2\relic\data.lev
JP,144,40329,458808,a34ce0de11217aa2,144=levels\battle\nitro_court\1\data.vrm
JP,145,40554,444012,3e489f020c0ab00f,145=levels\battle\nitro_court\1\data.lev
JP,146,40771,458808,689f27c4c2e4e3a7,146=levels\battle\nitro_court\2\data.vrm
JP,147,40996,429440,e956551c1ea554aa,147=levels\battle\nitro_court\2\data.lev
JP,148,41206,458808,4cbbf9d1139d1247,148=levels\battle\nitro_court\3\data.vrm
JP,149,41431,429864,9e7fe108889e9b37,149=levels\battle\nitro_court\3\data.lev
JP,150,41641,458808,a6e81c41d32fb42a,150=levels\battle\nitro_court\4\data.vrm
JP,151,41866,401388,8150ff9ef9dad4a4,151=levels\battle\nitro_court\4\data.lev
JP,152,42062,458808,e50b1202c15e3023,152=levels\battle\rampage_ruins\1\data.vrm
JP,153,42287,323488,620ead573400c023,153=levels\battle\rampage_ruins\1\data.lev
JP,154,42445,458808,0002373f028013bd,154=levels\battle\rampage_ruins\2\data.vrm
JP,155,42670,307092,34c7d1de74d66727,155=levels\battle\rampage_ruins\2\data.lev
JP,156,42820,458808,2dbc6f858d7df0f7,156=levels\battle\rampage_ruins\3\data.vrm
JP,157,43045,296184,c432ec428114eb96,157=levels\battle\rampage_ruins\3\data.lev
JP,158,43190,458808,82ec9a0d93ef59cb,158=levels\battle\rampage_ruins\4\data.vrm
JP,159,43415,308664,a3c55782d07fadcd,159=levels\battle\rampage_ruins\4\data.lev
JP,160,43566,458808,e9f0fd0b1c5c6c05,160=levels\battle\parking_lot\1\data.vrm
JP,161,43791,269532,9cc1ed50186b7d30,161=levels\battle\parking_lot\1\data.lev
JP,162,43923,458808,37bd6e5f19fb6e74,162=levels\battle\parking_lot\2\data.vrm
JP,163,44148,254772,1b3cab09ff8dad74,163=levels\battle\parking_lot\2\data.lev
JP,164,44273,458808,c07242e565569aaa,164=levels\battle\parking_lot\3\data.vrm
JP,165,44498,218296,114300b79b99caa2,165=levels\battle\parking_lot\3\data.lev
JP,166,44605,458808,44c7b0a265412dca,166=levels\battle\parking_lot\4\data.vrm
JP,167,44830,238864,857f96dba8697cee,167=levels\battle\parking_lot\4\data.lev
JP,168,44947,458808,ae837517be75e31a,168=levels\battle\skull_rock\1\data.vrm
JP,169,45172,307676,36ffd24a932858f8,169=levels\battle\skull_rock\1\data.lev
JP,170,45323,458808,e71353f870aa4aef,170=levels\battle\skull_rock\2\data.vrm
JP,171,45548,298224,b9e759adc3894f6f,171=levels\battle\skull_rock\2\data.lev
JP,172,45694,458808,ea25bb81664db329,172=levels\battle\skull_rock\3\data.vrm
JP,173,45919,283560,dca961ee654028c2,173=levels\battle\skull_rock\3\data.lev
JP,174,46058,458808,1b17c0a00c23716b,174=levels\battle\skull_rock\4\data.vrm
JP,175,46283,293732,a13b029d271d8eab,175=levels\battle\skull_rock\4\data.lev
JP,176,46427,458808,4139e69d6dcdf1fd,176=levels\battle\north_bowl\1\data.vrm
JP,177,46652,238572,b8cc9872c0d4827a,177=levels\battle\north_bowl\1\data.lev
JP,178,46769,458808,8ce600f553c04f4a,178=levels\battle\north_bowl\2\data.vrm
JP,179,46994,227360,ad562740c2ae1ede,179=levels\battle\north_bowl\2\data.lev
JP,180,47106,458808,12a220c5ad89b26d,180=levels\battle\north_bowl\3\data.vrm
JP,181,47331,227040,6bb3c068130dc045,181=levels\battle\north_bowl\3\data.lev
JP,182,47442,458808,12e8440d05ebac0e,182=levels\battle\north_bowl\4\data.vrm
JP,183,47667,218344,4f3aba7d84b8d4c8,183=levels\battle\north_bowl\4\data.lev
JP,184,47774,458808,07c1f1352765b83e,184=levels\battle\rocky_road\1\data.vrm
JP,185,47999,293372,3514de67003e171d,185=levels\battle\rocky_road\1\data.lev
JP,186,48143,458808,115bff8a7fb067e8,186=levels\battle\rocky_road\2\data.vrm
JP,187,48368,277232,b0f9d080ee3e7a33,187=levels\battle\rocky_road\2\data.lev
JP,188,48504,458808,5f525014c5e055e5,188=levels\battle\rocky_road\3\data.vrm
JP,189,48729,276220,e0108d86b95165e6,189=levels\battle\rocky_road\3\data.lev
JP,190,48864,458808,fd96781d77f263f5,190=levels\battle\rocky_road\4\data.vrm
JP,191,49089,277412,3773516e4e5db053,191=levels\battle\rocky_road\4\data.lev
JP,192,49225,458808,4ea9d6a1b4413455,192=levels\battle\lab_basement\1\data.vrm
JP,193,49450,236848,5d3df2e4475656b9,193=levels\battle\lab_basement\1\data.lev
JP,194,49566,458808,537735b2df052aa8,194=levels\battle\lab_basement\2\data.vrm
JP,195,49791,241292,d284debe4db763e9,195=levels\battle\lab_basement\2\data.lev
JP,196,49909,458808,fcd3072502d22d1f,196=levels\battle\lab_basement\3\data.vrm
JP,197,50134,225884,db36db1e0a09fedc,197=levels\battle\lab_basement\3\data.lev
JP,198,50245,458808,6d4f0a0382253844,198=levels\battle\lab_basement\4\data.vrm
JP,199,50470,224424,c5c43d2dee2d7f3b,199=levels\battle\lab_basement\4\data.lev
JP,200,50580,229432,3b68fc5902cd553a,200=levels\adventure\gem_valley\data.vrm
JP,201,50693,421168,bafce331b1ff7c77,201=levels\adventure\gem_valley\data.lev
JP,202,50899,48032,9eb32922a4220e3b,202=levels\adventure\gem_valley\data.ptr
JP,203,50923,229396,a400f4c39f78d085,203=levels\adventure\nsanity_beach\data.vrm
JP,204,51036,403400,03a2b36e09cd5f6a,204=levels\adventure\nsanity_beach\data.lev
JP,205,51233,45072,341734b787a35a79,205=levels\adventure\nsanity_beach\data.ptr
JP,206,51256,229396,c4dd4328ab68ffaa,206=levels\adventure\lost_ruins\data.vrm
JP,207,51369,426012,a90a4a59137db41f,207=levels\adventure\lost_ruins\data.lev
JP,208,51578,47268,c02479a97fd65918,208=levels\adventure\lost_ruins\data.ptr
JP,209,51602,229432,7163e02c628e8bae,209=levels\adventure\glacier_park\data.vrm
JP,210,51715,406936,65c22f6fcf151635,210=levels\adventure\glacier_park\data.lev
JP,211,51914,45492,da0edcf319fe73fd,211=levels\adventure\glacier_park\data.ptr
JP,212,51937,229396,ed99ffb91babd9b1,212=levels\adventure\citadel_city\data.vrm
JP,213,52050,426332,dc5b9cc8576d765b,213=levels\adventure\citadel_city\data.lev
JP,214,52259,44096,df09abe6facd5cae,214=levels\adventure\citadel_city\data.ptr
JP,215,52281,458808,4ec3336d6892d328,215=levels\menu_models\data.vrm
JP,216,52506,454596,501b5b8d4a0d96ca,216=levels\menu_models\data.lev
JP,217,52728,458808,6f86c7ca532ce25a,217=levels\adv_player_select\data.vrm
JP,218,52953,897496,628a3374334a5a9c,218=levels\adv_player_select\data.lev
JP,219,53392,32788,638ab86c6c89c3db,219=packs\jpnfont.vrm
JP,220,53409,9568,72b299582386c6c0,220=packs\jpnfont.mpk
JP,221,53414,1328,865e3630c5e958f7,221=overlays\221_EndRaceMenu_CrystalChallenge.bin
JP,222,53415,5540,501dde0fa5eb4e24,222=overlays\222_EndRaceMenu_ArcadeAdventure.bin
JP,223,53418,5640,31fb32a1ee829116,223=overlays\223_EndRaceMenu_Relic.bin
JP,224,53421,3788,07f515ca63e2d6d8,224=overlays\224_EndRaceMenu_TimeTrial.bin
JP,225,53423,2988,4da47d55d3fd2504,225=overlays\225_EndRaceMenu_BattleVS.bin
JP,226,53425,44216,5142b0264dc8f949,226=overlays\226_Quadblock_1P.bin
JP,227,53447,44344,49a6e65a53ded49b,227=overlays\227_Quadblock_2P.bin
JP,228,53469,34208,05b1d1965ee19bd2,228=overlays\228_Quadblock_3P.bin
JP,229,53486,34388,f9906aa82f4eadcb,229=overlays\229_Quadblock_4P.bin
JP,230,53503,47540,5af5b322a34a3453,230=overlays\230_Threads_MainMenu.bin
JP,231,53527,60380,9c8ac6dded6d348f,231=overlays\231_Threads_Racing.bin
JP,232,53557,40032,536478c62677c0e5,232=overlays\232_Threads_AdvHub.bin
JP,233,53577,57568,4a15cc4597f95675,233=overlays\233_Threads_Cutscene.bin
JP,234,53606,12400,009ee6dad61d8280,234=lang\ja.lng
JP,235,53613,14748,bc9d24ec77ba494f,235=lang\en.lng
JP,236,53621,14760,6368fe7b13f6cb83,236=lang\uk.lng
JP,237,53629,15784,eb7b52c68011fa6c,237=lang\fr.lng
JP,238,53637,15672,edd81fb4a9edbe58,238=lang\de.lng
JP,239,53645,16248,ff1bd7c49a815665,239=lang\it.lng
JP,240,53653,15932,e69f1d743e2afd07,240=lang\es.lng
JP,241,53661,15292,a54151b0c34e8417,241=lang\ne.lng
JP,242,53669,24064,28f3a5f0d08c422a,242=models\racers\hi\crash.ctr
JP,243,53681,22392,dc6c0618642b020e,243=models\racers\hi\cortex.ctr
JP,244,53692,20576,6164d66d18f6f3e8,244=models\racers\hi\tiny.ctr
JP,245,53703,18236,591318ba68a36b7f,245=models\racers\hi\coco.ctr
JP,246,53712,20540,44534847e626ed78,246=models\racers\hi\ngin.ctr
JP,247,53723,24496,357916a3561048a5,247=models\racers\hi\dingo.ctr
JP,248,53735,15436,44d605c533225e5e,248=models\racers\hi\polar.ctr
JP,249,53743,23652,7e55b4bfd6179cca,249=models\racers\hi\pura.ctr
JP,250,53755,21164,62b8fb8e0757b6cb,250=models\racers\hi\pinstripe.ctr
JP,251,53766,17228,4f87195f1094f976,251=models\racers\hi\papu.ctr
JP,252,53775,18248,6b50ffb99fb5f098,252=models\racers\hi\roo.ctr
JP,253,53784,23344,f2daa4515b67ba1e,253=models\racers\hi\joe.ctr
JP,254,53796,20472,df33f9b9d0d1651e,254=models\racers\hi\ntropy.ctr
JP,255,53806,13668,56f1af8e6cf34353,255=models\racers\hi\pen.ctr
JP,256,53813,21340,119769c6f75f7f58,256=models\racers\hi\fake.ctr
JP,257,53824,41872,452b5a77f3ff9670,257=models\racers\hi\oxide.ctr
JP,258,53845,114744,ba6c59d7be9edba2,258=packs\shared.vrm
JP,259,53902,308972,7ae832654bc7c644,259=packs\shared.mpk
JP,260,54053,295456,3b8705c94a21ecd3,260=packs\1P_arcade\crash.mpk
JP,261,54198,297500,13697c5eea7772ff,261=packs\1P_arcade\cortex.mpk
JP,262,54344,295400,9694f089c6f1d3a4,262=packs\1P_arcade\tiny.mpk
JP,263,54489,297040,02f67cb52ddbdd1f,263=packs\1P_arcade\coco.mpk
JP,264,54635,295892,66896172ce4ec33f,264=packs\1P_arcade\ngin.mpk
JP,265,54780,295852,a0d833d69e4c8165,265=packs\1P_arcade\dingo.mpk
JP,266,54925,297076,eb193ec752c4c243,266=packs\1P_arcade\polar.mpk
JP,267,55071,296636,948b46ed55e5c631,267=packs\1P_arcade\pura.mpk
JP,268,55216,294148,6d5b75d31a2c0cdf,268=packs\1P_arcade\pinstripe.mpk
JP,269,55360,290212,713c3ba9349d6517,269=packs\1P_arcade\papu.mpk
JP,270,55502,291232,873e2329b5466a17,270=packs\1P_arcade\roo.mpk
JP,271,55645,296328,420adfeaaa90697d,271=packs\1P_arcade\joe.mpk
JP,272,55790,293456,ced4d0f4713c3f04,272=packs\1P_arcade\ntropy.mpk
JP,273,55934,286652,e4cd190496aec3f7,273=packs\1P_arcade\pen.mpk
JP,274,56074,294324,1e729443375d5cb4,274=packs\1P_arcade\fake.mpk
JP,275,56218,314856,467ab82e12830e8b,275=packs\1P_arcade\oxide.mpk
JP,276,56372,75476,b37e04ad12177ca2,276=packs\1P_adventure\crash.mpk
JP,277,56409,73804,83305047b7bde9e3,277=packs\1P_adventure\cortex.mpk
JP,278,56446,71988,295f7b8787d15250,278=packs\1P_adventure\tiny.mpk
JP,279,56482,69648,96053ec7b32e4b70,279=packs\1P_adventure\coco.mpk
JP,280,56517,71952,a68924bf388c09fe,280=packs\1P_adventure\ngin.mpk
JP,281,56553,75908,3f082c909d7b55fd,281=packs\1P_adventure\dingo.mpk
JP,282,56591,66848,dad2c080689b5dfb,282=packs\1P_adventure\polar.mpk
JP,283,56624,75064,d06879040ca96d5a,283=packs\1P_adventure\pura.mpk
JP,284,56661,72576,3a1973b4d2c44157,284=packs\1P_adventure\pinstripe.mpk
JP,285,56697,68640,662a5c9ccfe81151,285=packs\1P_adventure\papu.mpk
JP,286,56731,69660,48786a430ee26cbc,286=packs\1P_adventure\roo.mpk
JP,287,56766,74756,2fec2e59e6c66a3f,287=packs\1P_adventure\joe.mpk
JP,288,56803,71884,402f0173082ea6b4,288=packs\1P_adventure\ntropy.mpk
JP,289,56839,65080,1272e7e9ecea2289,289=packs\1P_adventure\pen.mpk
JP,290,56871,72752,d7dd116a61c7b1ec,290=packs\1P_adventure\fake.mpk
JP,291,56907,93284,cdd2a86d26c1a169,291=packs\1P_adventure\oxide.mpk
JP,292,56953,184244,16c4d3edbd424fae,292=packs\1P_timetrial\crash.mpk
JP,293,57043,180528,36af8659fe61c8a1,293=packs\1P_timetrial\cortex.mpk
JP,294,57132,180812,8336be68189a082d,294=packs\1P_timetrial\tiny.mpk
JP,295,57221,176832,b430cfbafb55557a,295=packs\1P_timetrial\coco.mpk
JP,296,57308,180284,e84e3c924b0ae7c0,296=packs\1P_timetrial\ngin.mpk
JP,297,57397,184280,fb77eb0339e6acbd,297=packs\1P_timetrial\dingo.mpk
JP,298,57487,173996,82ab011f37293769,298=packs\1P_timetrial\polar.mpk
JP,299,57572,182652,ee05fc0e43623e92,299=packs\1P_timetrial\pura.mpk
JP,300,57662,180944,08c9809ac603ba0e,300=packs\1P_timetrial\pinstripe.mpk
JP,301,57751,177400,4f0e7f465ed39448,301=packs\1P_timetrial\papu.mpk
JP,302,57838,176880,1fbcc7f506eaf0d2,302=packs\1P_timetrial\roo.mpk
JP,303,57925,183220,336c9f64b1c0d3a4,303=packs\1P_timetrial\joe.mpk
JP,304,58015,154476,5d3e5868eed59f71,304=packs\1P_timetrial\ntropy.mpk
JP,305,58091,173476,98cd72cf7b0831ac,305=packs\1P_timetrial\pen.mpk
JP,306,58176,182748,931025f273e6b663,306=packs\1P_timetrial\fake.mpk
JP,307,58266,154476,ca4c8c88f4a1d242,307=packs\1P_timetrial\oxide.mpk
JP,308,58342,31244,8ba73ea5a6568cbc,308=models\racers\med\crash.ctr
JP,309,58358,28356,e63897e372075b12,309=models\racers\med\cortex.ctr
JP,310,58372,24928,b88cd437d20534c3,310=models\racers\med\tiny.ctr
JP,311,58385,21784,b12c7ed2908659b2,311=models\racers\med\coco.ctr
JP,312,58396,26476,136a078c91cf19b1,312=models\racers\med\ngin.ctr
JP,313,58409,29616,d88c223a665096ce,313=models\racers\med\dingo.ctr
JP,314,58424,20036,d16c2a97737f1730,314=models\racers\med\polar.ctr
JP,315,58434,29168,e7540b29ebab11ec,315=models\racers\med\pura.ctr
JP,316,58449,26004,215f418f183a0b7e,316=models\racers\med\pinstripe.ctr
JP,317,58462,22848,76531f3b395d03b8,317=models\racers\med\papu.ctr
JP,318,58474,23340,27eab2f0c0374b0e,318=models\racers\med\roo.ctr
JP,319,58486,29264,d9e1da3023167cf2,319=models\racers\med\joe.ctr
JP,320,58501,27128,f0f2ed66c64d8dce,320=models\racers\med\ntropy.ctr
JP,321,58515,21260,96aabc71762b0c22,321=models\racers\med\pen.ctr
JP,322,58526,31916,d431c514fe056151,322=models\racers\med\fake.ctr
JP,323,58542,58832,952ac0a224ef0e4e,323=models\racers\med\oxide.ctr
JP,324,58571,138364,3ff1c249b13d4fb1,324=packs\2P\bots1.mpk	# coco; ngin; polar; tiny
JP,325,58639,141696,07412ec6026b3d30,325=packs\2P\bots2.mpk	# coco; crash; dingo; polar
JP,326,58709,141936,ddc0397bd956c535,326=packs\2P\bots3.mpk	# cortex; crash; polar; tiny
JP,327,58779,142896,022d4d6c7ef83ccb,327=packs\2P\bots4.mpk	# crash; ngin; polar; pura
JP,328,58849,142588,e1639e18cc6b74e4,328=packs\2P\bots5.mpk	# coco; cortex; dingo; tiny
JP,329,58919,143548,02e1e6f7e5c829ec,329=packs\2P\bots6.mpk	# coco; dingo; ngin; pura
JP,330,58990,143788,aab18dc36e5f104e,330=packs\2P\bots7.mpk	# cortex; ngin; pura; tiny
JP,331,59061,142064,a8063f113fb7101e,331=packs\gem_bosses.mpk	#roo; papu; pin; joe
JP,332,59131,14464,2d4a0f01c5375c00,332=models\racers\low\crash.ctr
JP,333,59139,13980,81b524f993200510,333=models\racers\low\cortex.ctr
JP,334,59146,10912,78afff005287b344,334=models\racers\low\tiny.ctr
JP,335,59152,10164,7c10d4fe5887bcc9,335=models\racers\low\coco.ctr
JP,336,59157,13752,a85aa5ec4e33c332,336=models\racers\low\ngin.ctr
JP,337,59164,13932,d5a76d39d2498f79,337=models\racers\low\dingo.ctr
JP,338,59171,10740,6510c6a05abc983b,338=models\racers\low\polar.ctr
JP,339,59177,14440,c7e7938d80cb5d49,339=models\racers\low\pura.ctr
JP,340,59185,12672,8a298c05aa0bbe39,340=models\racers\low\pinstripe.ctr
JP,341,59192,10352,51ee9d80c4b2603e,341=models\racers\low\papu.ctr
JP,342,59198,12084,ce68f219eda728a5,342=models\racers\low\roo.ctr
JP,343,59204,15280,3482cb258170a75d,343=models\racers\low\joe.ctr
JP,344,59212,13700,262c290ba0b8e86e,344=models\racers\low\ntropy.ctr
JP,345,59219,11088,b14cb1d644f51ec0,345=models\racers\low\pen.ctr
JP,346,59225,14584,f8d2d3267884182e,346=models\racers\low\fake.ctr
JP,347,59233,23488,821c7c9767ba50aa,347=models\racers\low\oxide.ctr
JP,348,59245,107804,cf992b35cfd8264e,348=packs\4P\crash.mpk
JP,349,59298,107320,3fb0f6a3e20e19e8,349=packs\4P\cortex.mpk
JP,350,59351,104252,6245e993d990cfd8,350=packs\4P\tiny.mpk
JP,351,59402,103504,e17fc894196db440,351=packs\4P\coco.mpk
JP,352,59453,107092,4868473852126f8e,352=packs\4P\ngin.mpk
JP,353,59506,107272,032719f2cbd439c2,353=packs\4P\dingo.mpk
JP,354,59559,104080,022c654d75e3f7cf,354=packs\4P\polar.mpk
JP,355,59610,107780,c4123b6aa5fc07c9,355=packs\4P\pura.mpk
JP,356,59663,106012,deba53d66f6284e5,356=packs\4P\pinstripe.mpk
JP,357,59715,103692,0f50dbb0a7c282d7,357=packs\4P\papu.mpk
JP,358,59766,105424,a12badd6cb181562,358=packs\4P\roo.mpk
JP,359,59818,108620,6ca5cbaedee37653,359=packs\4P\joe.mpk
JP,360,59872,107040,758b69b0ddb7df19,360=packs\4P\ntropy.mpk
JP,361,59925,104428,3ebf7b69a2a90f66,361=packs\4P\pen.mpk
JP,362,59976,107924,16ef1016001ffd6e,362=packs\4P\fake.mpk
JP,363,60029,116828,10bef9894d1b487c,363=packs\4P\oxide.mpk
JP,364,60087,229432,43987e3b54bc3386,364=models\cutscenes1.vrm	#vram layout 1
JP,365,60200,229396,d48d4cc99f196c7a,365=models\cutscenes2.vrm	#vram layout 2
JP,366,60313,119228,7689bdcf9726bcfb,366=models\trophy_win\crashdance.ctr
JP,367,60372,119228,2b27a8ec0d4e61d9,367=models\trophy_win\crashdance2.ctr
JP,368,60431,107372,a09f20802b618992,368=models\trophy_win\cortexdance.ctr
JP,369,60484,107372,5d31fa7d690ed75f,369=models\trophy_win\cortexdance2.ctr
JP,370,60537,95548,e11ac200a963e9d7,370=models\trophy_win\tinydance.ctr
JP,371,60584,95548,0ab1e02a52c7ecba,371=models\trophy_win\tinydance2.ctr
JP,372,60631,95856,2a624df18229aa67,372=models\trophy_win\cocodance.ctr
JP,373,60678,95856,4c1336b34cbf4291,373=models\trophy_win\cocodance2.ctr
JP,374,60725,114056,67f07cf516f63d64,374=models\trophy_win\ngindance.ctr
JP,375,60781,114056,85d767bf8d13c4ac,375=models\trophy_win\ngindance2.ctr
JP,376,60837,111800,bb639ba08c044bf3,376=models\trophy_win\dingodance.ctr
JP,377,60892,111800,b63e1e68f003cea3,377=models\trophy_win\dingodance2.ctr
JP,378,60947,13004,7217e0b038234bf3,378=models\trophy_win\polardance.ctr
JP,379,60954,13004,8c5ec1f3997f3ca7,379=models\trophy_win\polardance2.ctr
JP,380,60961,25936,609782d085af5e75,380=models\trophy_win\puradance.ctr
JP,381,60974,25936,52dd64d06195f181,381=models\trophy_win\puradance2.ctr
JP,382,60987,168636,23c1db8a1b127abc,382=models\trophy_win\pinstripedance.ctr
JP,383,61070,168636,2519fa3f4ecbd42c,383=models\trophy_win\pinstripedance2.ctr
JP,384,61153,46904,8d95b88637a1c6cd,384=models\trophy_win\papudance.ctr
JP,385,61176,46904,2eb5a2165f8e9b08,385=models\trophy_win\papudance2.ctr
JP,386,61199,106368,099216057a131cb7,386=models\trophy_win\roodance.ctr
JP,387,61251,106368,72599652907e652a,387=models\trophy_win\roodance2.ctr
JP,388,61303,60040,fb6542cebfccedf3,388=models\trophy_win\joedance.ctr
JP,389,61333,60040,2783718b1e47f75e,389=models\trophy_win\joedance2.ctr
JP,390,61363,123776,f0204b55d88e10d1,390=models\trophy_win\ntropydance.ctr
JP,391,61424,123776,f3e42d417ba0a590,391=models\trophy_win\ntropydance2.ctr
JP,392,61485,34432,4e4b938cf4851c54,392=models\trophy_win\pendance.ctr
JP,393,61502,34432,50486f0b9dc5f882,393=models\trophy_win\pendance2.ctr
JP,394,61519,132968,1dba5096018ba7a7,394=models\trophy_win\fakedance.ctr
JP,395,61584,132968,603f0821c43a7211,395=models\trophy_win\fakedance2.ctr
JP,396,61649,0,,396=models\trophy_win\oxidedance.ctr
JP,397,61649,0,,397=models\trophy_win\oxidedance2.ctr
JP,398,61649,22424,c4ba35c93e146da9,398=models\trophy_lose\crashlose.ctr
JP,399,61660,22424,6d83d93ad34e2dc7,399=models\trophy_lose\crashlose2.ctr
JP,400,61671,29876,d9dc45abfa1f36a8,400=models\trophy_lose\cortexlose.ctr
JP,401,61686,29876,ab8b8b35d60b9ee7,401=models\trophy_lose\cortexlose2.ctr
JP,402,61701,58644,bfe8405cd941cc8e,402=models\trophy_lose\tinylose.ctr
JP,403,61730,58644,a42cbea2b9d95c5b,403=models\trophy_lose\tinylose2.ctr
JP,404,61759,44260,cbc29659b04684dd,404=models\trophy_lose\cocolose.ctr
JP,405,61781,44260,f513deaf2f98931c,405=models\trophy_lose\cocolose2.ctr
JP,406,61803,25884,68cbeee82ad440fe,406=models\trophy_lose\nginlose.ctr
JP,407,61816,25884,c373b95fbe9c9d95,407=models\trophy_lose\nginlose2.ctr
JP,408,61829,45076,7c8c2db20d83b31f,408=models\trophy_lose\dingolose.ctr
JP,409,61852,45076,39482376929aa13d,409=models\trophy_lose\dingolose2.ctr
JP,410,61875,19496,e9882f9b5a72479f,410=models\trophy_lose\polarlose.ctr
JP,411,61885,19496,8b94946834e0e144,411=models\trophy_lose\polarlose2.ctr
JP,412,61895,12752,a060feb8d913b8ff,412=models\trophy_lose\puralose.ctr
JP,413,61902,12752,3c04844775489223,413=models\trophy_lose\puralose2.ctr
JP,414,61909,43384,f8b4ee8cb678fe13,414=models\trophy_lose\pinstripelose.ctr
JP,415,61931,43384,31544fc6e91ef76b,415=models\trophy_lose\pinstripelose2.ctr
JP,416,61953,48796,f200d15ae08dc178,416=models\trophy_lose\papulose.ctr
JP,417,61977,48796,6b0beb46c331dad3,417=models\trophy_lose\papulose2.ctr
JP,418,62001,19484,e2e3d590715ccdb4,418=models\trophy_lose\roolose.ctr
JP,419,62011,19484,310956cf8b4c746f,419=models\trophy_lose\roolose2.ctr
JP,420,62021,53368,97a1166c61c6d994,420=models\trophy_lose\joelose.ctr
JP,421,62048,53368,a4a4f7cf7cae5d25,421=models\trophy_lose\joelose2.ctr
JP,422,62075,51584,d987dfb360ca1bf6,422=models\trophy_lose\ntropylose.ctr
JP,423,62101,51584,a4aa4a3001c91df5,423=models\trophy_lose\ntropylose2.ctr
JP,424,62127,8388,e349556ee663f683,424=models\trophy_lose\penlose.ctr
JP,425,62132,8388,231e4beba2395ac9,425=models\trophy_lose\penlose2.ctr
JP,426,62137,49200,716f63e58bd21c04,426=models\trophy_lose\fakelose.ctr
JP,427,62162,49200,97ed42a4afa0b795,427=models\trophy_lose\fakelose2.ctr
JP,428,62187,98124,28c6faa2670ed670,428=models\trophy_lose\oxidelose.ctr
JP,429,62235,98124,2a5162ca583f90f0,429=models\trophy_lose\oxidelose2.ctr
JP,430,62283,76512,55a6835b984aa9c2,430=models\trophy_girl\amidance1.ctr
JP,431,62321,76512,3f7d5277b383ce7e,431=models\trophy_girl\amidance2.ctr
JP,432,62359,82196,aa0d929e05191217,432=models\trophy_girl\isabelladance1.ctr
JP,433,62400,82196,50833c8306c9531b,433=models\trophy_girl\isabelladance2.ctr
JP,434,62441,84436,ca3a33962af56b37,434=models\trophy_girl\lizdance1.ctr
JP,435,62483,84436,379bed127d80234a,435=models\trophy_girl\lizdance2.ctr
JP,436,62525,82720,b616f54e008705ac,436=models\trophy_girl\megumidance1.ctr
JP,437,62566,82720,f43252ace194ed8d,437=models\trophy_girl\megumidance2.ctr
JP,438,62607,229432,13cdbb698544d8ef,438=models\misc\aku1.vrm
JP,439,62720,4880,0bc8a69aff9affa5,439=models\misc\aku1.ctr
JP,440,62723,229396,e35d8c43ed59657f,440=models\misc\aku2.vrm
JP,441,62836,4880,fe307ac78f819100,441=models\misc\aku2.ctr
JP,442,62839,229432,0dae966830bdbdae,442=models\misc\uka1.vrm
JP,443,62952,9116,de866d1be1e9127c,443=models\misc\uka1.ctr
JP,444,62957,229396,f7d29f01961a4239,444=models\misc\uka2.vrm
JP,445,63070,9116,b87c1fb9e24a8024,445=models\misc\uka2.ctr
JP,446,63075,7896,fb00f1685ac1d09f,446=models\misc\dingofire1.ctr
JP,447,63079,7896,d2bf5308cdc0f942,447=models\misc\dingofire2.ctr
JP,448,63083,2116,f354fb853d9ffa97,448=models\misc\podium1.ctr
JP,449,63085,2116,a71047d4ed2ccf16,449=models\misc\podium2.ctr
JP,450,63087,133684,e9215fc1d4f433e1,450=models\boss_head\roohead1.ctr
JP,451,63153,133684,f0de9ff4c326cdc0,451=models\boss_head\roohead2.ctr
JP,452,63219,201088,608a6435f8baa8b1,452=models\boss_head\joehead1.ctr
JP,453,63318,201088,0a7b5f2819439dde,453=models\boss_head\joehead2.ctr
JP,454,63417,301804,0820ec5170c63739,454=models\boss_head\pinstripehead1.ctr
JP,455,63565,301804,780a18f8184ad875,455=models\boss_head\pinstripehead2.ctr
JP,456,63713,227144,2f236de642fefcc9,456=models\boss_head\papuhead1.ctr
JP,457,63824,227144,7974bc8dd80c15d1,457=models\boss_head\papuhead2.ctr
JP,458,63935,319724,edf999d97d889dcc,458=models\boss_head\noxidehead1.ctr
JP,459,64092,319724,cc19e98b61b0d187,459=models\boss_head\noxidehead2.ctr
JP,460,64249,95264,20503b0aa62c3d4c,460=models\boss_headlose\rooheadlose1.ctr
JP,461,64296,95264,4bbf00df34644a4e,461=models\boss_headlose\rooheadlose2.ctr
JP,462,64343,247148,c744fe648937cd69,462=models\boss_headlose\joeheadlose1.ctr
JP,463,64464,247148,d5d5876690339671,463=models\boss_headlose\joeheadlose2.ctr
JP,464,64585,176756,1ddcebe22dcfb5d6,464=models\boss_headlose\pinstripeheadlose1.ctr
JP,465,64672,176756,8ac3ab74a713fb9c,465=models\boss_headlose\pinstripeheadlose2.ctr
JP,466,64759,244812,60f0b12c700386d6,466=models\boss_headlose\papuheadlose1.ctr
JP,467,64879,244812,9f7dd9d11a6edc8e,467=models\boss_headlose\papuheadlose2.ctr
JP,468,64999,303384,e25f44ebce13501e,468=models\boss_headlose\noxideheadlose1.ctr
JP,469,65148,303384,d2d4e52487c2f1b1,469=models\boss_headlose\noxideheadlose2.ctr
JP,470,65297,40716,a56814d8ac173c5b,470=models\boss_body\roobody1.ctr
JP,471,65317,40716,c3948d4003e8cd73,471=models\boss_body\roobody2.ctr
JP,472,65337,48668,3bc1ece86564357d,472=models\boss_body\joebody1.ctr
JP,473,65361,48668,a1c06127f4950ff9,473=models\boss_body\joebody2.ctr
JP,474,65385,46192,b03b39cb564cf65f,474=models\boss_body\pinstripebody1.ctr
JP,475,65408,46192,c2f1c8f69d5c4839,475=models\boss_body\pinstripebody2.ctr
JP,476,65431,43348,c5b07ec4380ff2d4,476=models\boss_body\papubody1.ctr
JP,477,65453,43348,7850ed51e081d842,477=models\boss_body\papubody2.ctr
JP,478,65475,50460,7b926305a612c701,478=models\boss_body\noxidebody1.ctr
JP,479,65500,50460,5f0953b1e8d7536e,479=models\boss_body\noxidebody2.ctr
JP,480,65525,69632,19dd54d8ace191e7,480=VlcTable.bin
JP,481,65559,4159488,38bd56722082a289,481=thumbs\proto8.str
JP,482,67590,3962880,1775d744693cf8c4,482=thumbs\proto9.str
JP,483,69525,4405248,dffceddac5ab5688,483=thumbs\desert2.str
JP,484,71676,3686400,2805b7460261f190,484=thumbs\island1.str
JP,485,73476,4909056,ab645e32ae708f99,485=thumbs\temple1.str
JP,486,75873,4773888,d77fcaab68f9028e,486=thumbs\temple2.str
JP,487,78204,7981056,60cbb57dd6340081,487=thumbs\blimp1.str
JP,488,82101,5670912,6088b45f2fc0c335,488=thumbs\sewer1.str
JP,489,84870,5689344,abb97ee81092930a,489=thumbs\cave1.str
JP,490,87648,6457344,38c668f1d97c1475,490=thumbs\castle1.str
JP,491,90801,6733824,8fa44b46e53ec47a,491=thumbs\labs1.str
JP,492,94089,7538688,cb9a0be6bbd53df3,492=thumbs\ice1.str
JP,493,97770,9203712,80226e30238c0c70,493=thumbs\space.str
JP,494,102264,4134912,73548352e9b0f04a,494=thumbs\coco1.str
JP,495,104283,8736768,121eede06abb58a6,495=thumbs\arena2.str
JP,496,108549,5664768,7d6aac9d5c7befc2,496=thumbs\secret1.str
JP,497,111315,6027264,0b2a86319c82350a,497=thumbs\secret2.str
JP,498,114258,2500608,33523ca76af4146b,498=thumbs\battle1.str
JP,499,115479,2519040,6c16428e50503034,499=thumbs\battle2.str
JP,500,116709,2512896,0d9b451a83d7f5c8,500=thumbs\battle3.str
JP,501,117936,2519040,4f04ba9a970a9612,501=thumbs\battle4.str
JP,502,119166,2519040,122afa191b4b5541,502=thumbs\battle5.str
JP,503,120396,2519040,31cbd9461e5a1f5f,503=thumbs\battle6.str
JP,504,121626,2519040,54a1dec4b8c78c43,504=thumbs\battle7.str
JP,505,122856,0,,505=thumbs\null.str
JP,506,122856,3950592,e36a775ee646f45b,506=thumbs\tube1.str
JP,507,124785,262164,e933b72cd7dde610,507=screen\title01_jpn.tim
JP,508,124914,262164,d894cdb88f7ce908,508=screen\title01_pal.tim
JP,509,125043,262164,3495abd86dc6e998,509=screen\title01_usa.tim
JP,510,125172,262164,e71b51e60edebeb5,510=screen\title02_usa.tim
JP,511,125301,262164,e71b51e60edebeb5,511=screen\title02_pal.tim
JP,512,125430,262164,d61933773d9be3c0,512=screen\title02_jpn.tim
JP,513,125559,458808,4719e9398d1c1aa5,513=cutscenes\intro_box\data.vrm
JP,514,125784,671140,3118e24db78957de,514=cutscenes\intro_box\data.lev
JP,515,126112,229432,c1a823bc916e0286,515=cutscenes\race_today\data.vrm
JP,516,126225,328420,b71aac117fed096e,516=cutscenes\race_today\data.lev
JP,517,126386,26456,9dac2ede167e588f,517=cutscenes\race_today\data.ptr
JP,518,126399,229396,9a706e6809102a25,518=cutscenes\canyon_coco\data.vrm
JP,519,126512,260592,3a76d03b1e535daf,519=cutscenes\canyon_coco\data.lev
JP,520,126640,18588,1640c4603aa7493c,520=cutscenes\canyon_coco\data.ptr
JP,521,126650,229432,cf88897fa5d6527d,521=cutscenes\pass_tiny\data.vrm
JP,522,126763,353916,3d136137fe671c1f,522=cutscenes\pass_tiny\data.lev
JP,523,126936,16596,128d553c8df89dd0,523=cutscenes\pass_tiny\data.ptr
JP,524,126945,229396,ee82e7e89b31ce84,524=cutscenes\temple_polar\data.vrm
JP,525,127058,179668,cc9ea4f54c898619,525=cutscenes\temple_polar\data.lev
JP,526,127146,13416,ecd8fbb3dee2543e,526=cutscenes\temple_polar\data.ptr
JP,527,127153,229432,2da76ceeed40c7d3,527=cutscenes\skyway_dingodile\data.vrm
JP,528,127266,296584,ae3fcb9cd1ea5af6,528=cutscenes\skyway_dingodile\data.lev
JP,529,127411,22296,3ebe396c1d6e5e2e,529=cutscenes\skyway_dingodile\data.ptr
JP,530,127422,229396,dd94275f57e1a52b,530=cutscenes\sewer_cortex\data.vrm
JP,531,127535,221096,89faf077aa1b5b88,531=cutscenes\sewer_cortex\data.lev
JP,532,127643,17556,18b08fc9bd37be14,532=cutscenes\sewer_cortex\data.ptr
JP,533,127652,229396,4d0c6ddb1f6ec100,533=cutscenes\oxide\data.vrm
JP,534,127765,166892,5c7712b818f331be,534=cutscenes\oxide\data.lev
JP,535,127847,12408,e6a62cac1688a33a,535=cutscenes\oxide\data.ptr
JP,536,127854,229432,7098580dfa406752,536=cutscenes\sleeping_crash\data.vrm
JP,537,127967,100812,431017ae01490362,537=cutscenes\sleeping_crash\data.lev
JP,538,128017,8360,033195ac5488db86,538=cutscenes\sleeping_crash\data.ptr
JP,539,128022,229432,b2049d7672e9015f,539=cutscenes\last_oxide_intro\data.vrm
JP,540,128135,434988,f5f3a19a1ee11d7a,540=cutscenes\last_oxide_intro\data.lev
JP,541,128348,14224,ed6dc0aad6dd84cf,541=cutscenes\last_oxide_intro\data.ptr
JP,542,128355,458808,873564d1748b4b99,542=cutscenes\oxide01\data.vrm
JP,543,128580,641532,8e4cfeae41b3cd79,543=cutscenes\oxide01\data.lev
JP,544,128894,458808,f5a3bff3953c6dd4,544=cutscenes\oxide02\data.vrm
JP,545,129119,510020,0e9d075ca6806c26,545=cutscenes\oxide02\data.lev
JP,546,129369,229432,39fc91da6926015b,546=credits\crashdance\data.vrm
JP,547,129482,158484,9d8c55cfca873c6f,547=credits\crashdance\data.lev
JP,548,129560,240,84af385acfe9206a,548=credits\crashdance\data.ptr
JP,549,129561,229396,4339bd97f6142f31,549=credits\cortexdance\data.vrm
JP,550,129674,107796,4123316932094255,550=credits\cortexdance\data.lev
JP,551,129727,420,106d1e14d9255a83,551=credits\cortexdance\data.ptr
JP,552,129728,229432,ed38fba60eb24c62,552=credits\tinydance\data.vrm
JP,553,129841,95984,eff15ab408fe5735,553=credits\tinydance\data.lev
JP,554,129888,408,4b386c8ae004f1d6,554=credits\tinydance\data.ptr
JP,555,129889,229396,d32c3fef603074f7,555=credits\cocodance\data.vrm
JP,556,130002,96448,5700036e87a534e0,556=credits\cocodance\data.lev
JP,557,130050,252,a32284d62a5244e2,557=credits\cocodance\data.ptr
JP,558,130051,229432,57afc37f8d3e2a4e,558=credits\ngindance\data.vrm
JP,559,130164,114580,bf6693d51041ed63,559=credits\ngindance\data.lev
JP,560,130220,320,7eb5243da5edb176,560=credits\ngindance\data.ptr
JP,561,130221,229396,93a8320f76b0b661,561=credits\dingodance\data.vrm
JP,562,130334,119468,3d8e0b8707a726eb,562=credits\dingodance\data.lev
JP,563,130393,1072,4b2dc206aa2b7c77,563=credits\dingodance\data.ptr
JP,564,130394,229432,593cc0b1a9cba43f,564=credits\polardance\data.vrm
JP,565,130507,13676,a9b0778c2b0b690a,565=credits\polardance\data.lev
JP,566,130514,172,66904961a809f101,566=credits\polardance\data.ptr
JP,567,130515,229396,45a509f80b84b542,567=credits\puradance\data.vrm
JP,568,130628,26396,a2a6c9cdc2bfe85b,568=credits\puradance\data.lev
JP,569,130641,384,20eb445ed4f7f49e,569=credits\puradance\data.ptr
JP,570,130642,229432,e4bb7f274e8d0192,570=credits\pinstripedance\data.vrm
JP,571,130755,168744,3983c90036d22303,571=credits\pinstripedance\data.lev
JP,572,130838,736,38dfab9e03151dc7,572=credits\pinstripedance\data.ptr
JP,573,130839,229396,c6fead1e4102e250,573=credits\papudance\data.vrm
JP,574,130952,46932,34ecdf6c1b9e9b91,574=credits\papudance\data.lev
JP,575,130975,816,9b63226b68ee353a,575=credits\papudance\data.ptr
JP,576,130976,229432,346c562973beaaa2,576=credits\roodance\data.vrm
JP,577,131089,106604,fd34545c3e5db5c6,577=credits\roodance\data.lev
JP,578,131142,608,2b268331a2fe318a,578=credits\roodance\data.ptr
JP,579,131143,229396,5c688335e86d8f78,579=credits\joedance\data.vrm
JP,580,131256,60404,3b05df1c7dd7945f,580=credits\joedance\data.lev
JP,581,131286,480,69f373c56bc0ea9d,581=credits\joedance\data.ptr
JP,582,131287,229432,c9caa5e36585fd7d,582=credits\ntropydance\data.vrm
JP,583,131400,123520,1c0c757a9ded481c,583=credits\ntropydance\data.lev
JP,584,131461,1100,cfdf7422c749da8a,584=credits\ntropydance\data.ptr
JP,585,131462,229396,93a4589f111467d6,585=credits\pendance\data.vrm
JP,586,131575,34924,1846435ce2248a4d,586=credits\pendance\data.lev
JP,587,131593,352,b5ce0bc2fa71bdb9,587=credits\pendance\data.ptr
JP,588,131594,229432,8b71a246ef25f1c6,588=credits\fakedance\data.vrm
JP,589,131707,134100,e4c11d09cb4bb226,589=credits\fakedance\data.lev
JP,590,131773,224,a3a75271a04fdb93,590=credits\fakedance\data.ptr
JP,591,131774,229396,530a340849cf1595,591=credits\oxidelose\data.vrm
JP,592,131887,186372,a46f3c247b4b5d20,592=credits\oxidelose\data.lev
JP,593,131979,516,7a66268804b7563e,593=credits\oxidelose\data.ptr
JP,594,131980,229432,3e38f4f3675d2876,594=credits\amidance\data.vrm
JP,595,132093,76700,c3dfe9a00a29d7b5,595=credits\amidance\data.lev
JP,596,132131,656,2b19ff49854c028e,596=credits\amidance\data.ptr
JP,597,132132,229396,ca84a40eb8c582ad,597=credits\isabelladance\data.vrm
JP,598,132245,82280,5088f665c54230f2,598=credits\isabelladance\data.lev
JP,599,132286,760,f7c76d727ae6aef0,599=credits\isabelladance\data.ptr
JP,600,132287,229432,0a53013aa916b4c7,600=credits\lizdance\data.vrm
JP,601,132400,84544,733a3eba96810777,601=credits\lizdance\data.lev
JP,602,132442,736,27bb04e1f02638cd,602=credits\lizdance\data.ptr
JP,603,132443,229396,7cf7997fed9ae3ce,603=credits\megumidance\data.vrm
JP,604,132556,82832,75efe6872cb6cfca,604=credits\megumidance\data.lev
JP,605,132597,732,bd9f67742dc3aba0,605=credits\megumidance\data.ptr
JP,606,132598,458808,eaa0bd9f5819c637,606=null.vrm
JP,607,132823,840,396a1d73b7083745,607=null.lev
PAL,0,3,458808,528fef370e9be46b,000=levels\tracks\proto8\1P\data.vrm
PAL,1,228,551532,219e78dea4bd36ca,001=levels\tracks\proto8\1P\data.lev
PAL,2,498,458808,7b87f8b9ce61aa40,002=levels\tracks\proto8\2P\data.vrm
PAL,3,723,517820,83c178688f45c46a,003=levels\tracks\proto8\2P\data.lev
PAL,4,976,458808,920b822b193757ac,004=levels\tracks\proto8\4P\data.vrm
PAL,5,1201,439172,5789921389ac1b16,005=levels\tracks\proto8\4P\data.lev
PAL,6,1416,458808,984996f56e6b671c,006=levels\tracks\proto8\relic\data.vrm
PAL,7,1641,576392,eb763c5532d1c877,007=levels\tracks\proto8\relic\data.lev
PAL,8,1923,458808,7a4135ec187fe27a,008=levels\tracks\proto9\1P\data.vrm
PAL,9,2148,699128,d7b6f986e34e9ad6,009=levels\tracks\proto9\1P\data.lev
PAL,10,2490,458808,72a064f56f1608dc,010=levels\tracks\proto9\2P\data.vrm
PAL,11,2715,699916,4fbb775b9ed87196,011=levels\tracks\proto9\2P\data.lev
PAL,12,3057,458808,fcca5db76f27893c,012=levels\tracks\proto9\4P\data.vrm
PAL,13,3282,393668,ce64b0d1394085b8,013=levels\tracks\proto9\4P\data.lev
PAL,14,3475,458808,1461a83d8b029eca,014=levels\tracks\proto9\relic\data.vrm
PAL,15,3700,718940,d9af537d77486b56,015=levels\tracks\proto9\relic\data.lev
PAL,16,4052,458808,e83d84ede18b954b,016=levels\tracks\desert2\1P\data.vrm
PAL,17,4277,716656,d0ff81610e70b3b6,017=levels\tracks\desert2\1P\data.lev
PAL,18,4627,458808,7a27aee457d8e72e,018=levels\tracks\desert2\2P\data.vrm
PAL,19,4852,692964,cbf6aabc03803c1f,019=levels\tracks\desert2\2P\data.lev
PAL,20,5191,458808,e8e58721f3eab687,020=levels\tracks\desert2\4P\data.vrm
PAL,21,5416,470672,d171ae4d0803e450,021=levels\tracks\desert2\4P\data.lev
PAL,22,5646,458808,211e29bf0cb024bf,022=levels\tracks\desert2\relic\data.vrm
PAL,23,5871,743072,1e09453df75ffab8,023=levels\tracks\desert2\relic\data.lev
PAL,24,6234,458808,f11010f8feb5420a,024=levels\tracks\island1\1P\data.vrm
PAL,25,6459,766928,51be850f14009ac2,025=levels\tracks\island1\1P\data.lev
PAL,26,6834,458808,9f6da16c2dc83ee2,026=levels\tracks\island1\2P\data.vrm
PAL,27,7059,753368,fbc0f55ec5e14f5e,027=levels\tracks\island1\2P\data.lev
PAL,28,7427,458808,1851ba381c17d308,028=levels\tracks\island1\4P\data.vrm
PAL,29,7652,620764,2b8e1772786547e1,029=levels\tracks\island1\4P\data.lev
PAL,30,7956,458808,5b488b0a3156d8a1,030=levels\tracks\island1\relic\data.vrm
PAL,31,8181,792092,2580d5a3f108b56f,031=levels\tracks\island1\relic\data.lev
PAL,32,8568,458808,27f3ba326c48abf8,032=levels\tracks\temple1\1P\data.vrm
PAL,33,8793,726684,6cd2d50da4aef244,033=levels\tracks\temple1\1P\data.lev
PAL,34,9148,458808,7018724384dcac4b,034=levels\tracks\temple1\2P\data.vrm
PAL,35,9373,707740,4a983db7d9f490e8,035=levels\tracks\temple1\2P\data.lev
PAL,36,9719,458808,d6b6dfacb81ca59d,036=levels\tracks\temple1\4P\data.vrm
PAL,37,9944,584976,0ba232b424febd91,037=levels\tracks\temple1\4P\data.lev
PAL,38,10230,458808,928f666d1de17f68,038=levels\tracks\temple1\relic\data.vrm
PAL,39,10455,763672,d442d2519c4c515d,039=levels\tracks\temple1\relic\data.lev
PAL,40,10828,458808,27bb40ae418bc16c,040=levels\tracks\temple2\1P\data.vrm
PAL,41,11053,719768,370fbcbfbd73f3f8,041=levels\tracks\temple2\1P\data.lev
PAL,42,11405,458808,acc0087d00e8382f,042=levels\tracks\temple2\2P\data.vrm
PAL,43,11630,707716,eeab31eda003050f,043=levels\tracks\temple2\2P\data.lev
PAL,44,11976,458808,bb5be14213362231,044=levels\tracks\temple2\4P\data.vrm
PAL,45,12201,678992,435d62ceb373ee7d,045=levels\tracks\temple2\4P\data.lev
PAL,46,12533,458808,1b3fefbe8ec1b2de,046=levels\tracks\temple2\relic\data.vrm
PAL,47,12758,762240,7f0d48d7525e8cd0,047=levels\tracks\temple2\relic\data.lev
PAL,48,13131,458808,3ca869238b141834,048=levels\tracks\tube1\1P\data.vrm
PAL,49,13356,617160,02ee22100b1c6c71,049=levels\tracks\tube1\1P\data.lev
PAL,50,13658,458808,fc81059c21ba9ce4,050=levels\tracks\tube1\2P\data.vrm
PAL,51,13883,606512,ecf554e27a63b91c,051=levels\tracks\tube1\2P\data.lev
PAL,52,14180,458808,e2d0ead731bb95dc,052=levels\tracks\tube1\4P\data.vrm
PAL,53,14405,529944,02533906f0b7c5a3,053=levels\tracks\tube1\4P\data.lev
PAL,54,14664,458808,829524e4047a378f,054=levels\tracks\tube1\relic\data.vrm
PAL,55,14889,636968,70e14e6e396a4037,055=levels\tracks\tube1\relic\data.lev
PAL,56,15201,458808,46994195578ddc73,056=levels\tracks\blimp1\1P\data.vrm
PAL,57,15426,765284,dc7e30a90a839b0f,057=levels\tracks\blimp1\1P\data.lev
PAL,58,15800,458808,1dc2743c3e453d8e,058=levels\tracks\blimp1\2P\data.vrm
PAL,59,16025,731984,45a4392a829c2e56,059=levels\tracks\blimp1\2P\data.lev
PAL,60,16383,458808,5d855b701f3d5c3f,060=levels\tracks\blimp1\4P\data.vrm
PAL,61,16608,559008,bd49911d84f60032,061=levels\tracks\blimp1\4P\data.lev
PAL,62,16881,458808,0e0d1c71a2fce22e,062=levels\tracks\blimp1\relic\data.vrm
PAL,63,17106,762836,e5cccec0085155b5,063=levels\tracks\blimp1\relic\data.lev
PAL,64,17479,458808,e6d5621537295609,064=levels\tracks\sewer1\1P\data.vrm
PAL,65,17704,651032,97135a87841bee48,065=levels\tracks\sewer1\1P\data.lev
PAL,66,18022,458808,9c6a9c1083c850d4,066=levels\tracks\sewer1\2P\data.vrm
PAL,67,18247,653220,98ff2375e67dbbcd,067=levels\tracks\sewer1\2P\data.lev
PAL,68,18566,458808,8f0afa5e86011440,068=levels\tracks\sewer1\4P\data.vrm
PAL,69,18791,609120,0d1637a523e81d59,069=levels\tracks\sewer1\4P\data.lev
PAL,70,19089,458808,c99be5c1cfba7668,070=levels\tracks\sewer1\relic\data.vrm
PAL,71,19314,691316,93bfdbfd214f0507,071=levels\tracks\sewer1\relic\data.lev
PAL,72,19652,458808,14c4ad538e5a0352,072=levels\tracks\cave1\1P\data.vrm
PAL,73,19877,777852,0ed13e17056be0b1,073=levels\tracks\cave1\1P\data.lev
PAL,74,20257,458808,1652571bdd5bfc34,074=levels\tracks\cave1\2P\data.vrm
PAL,75,20482,787448,4c784283cbd086f4,075=levels\tracks\cave1\2P\data.lev
PAL,76,20867,458808,e660f5911e7c3cdd,076=levels\tracks\cave1\4P\data.vrm
PAL,77,21092,599132,e108f51419c39120,077=levels\tracks\cave1\4P\data.lev
PAL,78,21385,458808,bfcd5a9119d51d4e,078=levels\tracks\cave1\relic\data.vrm
PAL,79,21610,795264,e7a2813b179df293,079=levels\tracks\cave1\relic\data.lev
PAL,80,21999,458808,7c7ef0ea2b9344b0,080=levels\tracks\castle1\1P\data.vrm
PAL,81,22224,746804,08d7d55296577b51,081=levels\tracks\castle1\1P\data.lev
PAL,82,22589,458808,3da15f93caa6ecce,082=levels\tracks\castle1\2P\data.vrm
PAL,83,22814,733976,b08fe3acea72599a,083=levels\tracks\castle1\2P\data.lev
PAL,84,23173,458808,1ed57052c786d17f,084=levels\tracks\castle1\4P\data.vrm
PAL,85,23398,667452,3a67dee00139f68b,085=levels\tracks\castle1\4P\data.lev
PAL,86,23724,458808,c25a8f26cb35cc7d,086=levels\tracks\castle1\relic\data.vrm
PAL,87,23949,768324,b38ce737e95fcaae,087=levels\tracks\castle1\relic\data.lev
PAL,88,24325,458808,e994a27d839623a6,088=levels\tracks\labs1\1P\data.vrm
PAL,89,24550,764220,86637c8cdab242c2,089=levels\tracks\labs1\1P\data.lev
PAL,90,24924,458808,54c8b8076534ad79,090=levels\tracks\labs1\2P\data.vrm
PAL,91,25149,770344,fd10d689e64cf215,091=levels\tracks\labs1\2P\data.lev
PAL,92,25526,458808,28ce37f0ed3f62f7,092=levels\tracks\labs1\4P\data.vrm
PAL,93,25751,570340,f3467dc4a1598df4,093=levels\tracks\labs1\4P\data.lev
PAL,94,26030,458808,bc9805b61614529c,094=levels\tracks\labs1\relic\data.vrm
PAL,95,26255,792352,d391f15cb895ff95,095=levels\tracks\labs1\relic\data.lev
PAL,96,26642,458808,8f22243285c70515,096=levels\tracks\ice1\1P\data.vrm
PAL,97,26867,780008,68e914a746e12612,097=levels\tracks\ice1\1P\data.lev
PAL,98,27248,458808,a045c151f7ff40d7,098=levels\tracks\ice1\2P\data.vrm
PAL,99,27473,779952,f078721ed9d8fcd3,099=levels\tracks\ice1\2P\data.lev
PAL,100,27854,458808,36b9536402f8771e,100=levels\tracks\ice1\4P\data.vrm
PAL,101,28079,710796,7748df06e2534984,101=levels\tracks\ice1\4P\data.lev
PAL,102,28427,458808,01a9ecf6c305d372,102=levels\tracks\ice1\relic\data.vrm
PAL,103,28652,795792,554ae9c97c94f267,103=levels\tracks\ice1\relic\data.lev
PAL,104,29041,458808,40574fd441295884,104=levels\tracks\space\1P\data.vrm
PAL,105,29266,769200,77f9b19846b2dcfd,105=levels\tracks\space\1P\data.lev
PAL,106,29642,458808,9538ca1d59f29eda,106=levels\tracks\space\2P\data.vrm
PAL,107,29867,771868,58837522022aaf9d,107=levels\tracks\space\2P\data.lev
PAL,108,30244,458808,bfdd3912fd83d69f,108=levels\tracks\space\4P\data.vrm
PAL,109,30469,757172,789248aa439ef162,109=levels\tracks\space\4P\data.lev
PAL,110,30839,458808,d2c6f136ad1fdf48,110=levels\tracks\space\relic\data.vrm
PAL,111,31064,791096,4b216969350d9575,111=levels\tracks\space\relic\data.lev
PAL,112,31451,458808,4acdbbd9a315c28d,112=levels\tracks\coco1\1P\data.vrm
PAL,113,31676,537828,922e07b4921e3cda,113=levels\tracks\coco1\1P\data.lev
PAL,114,31939,458808,6628a9eb25b78c06,114=levels\tracks\coco1\2P\data.vrm
PAL,115,32164,517972,86412d88b5bc0d0f,115=levels\tracks\coco1\2P\data.lev
PAL,116,32417,458808,24ddd43edab469c2,116=levels\tracks\coco1\4P\data.vrm
PAL,117,32642,413068,d8a1e1137268ab27,117=levels\tracks\coco1\4P\data.lev
PAL,118,32844,458808,f390cad4d02dbfa7,118=levels\tracks\coco1\relic\data.vrm
PAL,119,33069,570300,190a33ff83fcc980,119=levels\tracks\coco1\relic\data.lev
PAL,120,33348,458808,104e0183dbefb0f4,120=levels\tracks\arena2\1P\data.vrm
PAL,121,33573,732332,ef774ae4ad628c43,121=levels\tracks\arena2\1P\data.lev
PAL,122,33931,458808,02977d0b7171716f,122=levels\tracks\arena2\2P\data.vrm
PAL,123,34156,726424,c5d8291f641dde2d,123=levels\tracks\arena2\2P\data.lev
PAL,124,34511,458808,ea0fe8b2571151fd,124=levels\tracks\arena2\4P\data.vrm
PAL,125,34736,677780,e122f1970390896b,125=levels\tracks\arena2\4P\data.lev
PAL,126,35067,458808,9428465f8c525f8c,126=levels\tracks\arena2\relic\data.vrm
PAL,127,35292,782116,29295d2a3b31c573,127=levels\tracks\arena2\relic\data.lev
PAL,128,35674,458808,7a3af2acd2e7549b,128=levels\tracks\secret1\1P\data.vrm
PAL,129,35899,686608,226e4b206879b434,129=levels\tracks\secret1\1P\data.lev
PAL,130,36235,458808,3c88fc42e1ae3fda,130=levels\tracks\secret1\2P\data.vrm
PAL,131,36460,681308,521e5737c4aa69c3,131=levels\tracks\secret1\2P\data.lev
PAL,132,36793,458808,1077ef15346ca944,132=levels\tracks\secret1\4P\data.vrm
PAL,133,37018,631628,9609920416d787ee,133=levels\tracks\secret1\4P\data.lev
PAL,134,37327,458808,c8a12bb052bd703b,134=levels\tracks\secret1\relic\data.vrm
PAL,135,37552,734660,ca6b6f64e9af6397,135=levels\tracks\secret1\relic\data.lev
PAL,136,37911,458808,24134911600562cb,136=levels\tracks\secret2\1P\data.vrm
PAL,137,38136,763340,7aa34bd5c4820f5b,137=levels\tracks\secret2\1P\data.lev
PAL,138,38509,458808,0cde9f3adcf2b615,138=levels\tracks\secret2\2P\data.vrm
PAL,139,38734,758520,6fcc8f82cc239da1,139=levels\tracks\secret2\2P\data.lev
PAL,140,39105,458808,10f8b151a30bfbf7,140=levels\tracks\secret2\4P\data.vrm
PAL,141,39330,698776,3f6461837bb2a7a7,141=levels\tracks\secret2\4P\data.lev
PAL,142,39672,458808,1d70e5c769f92010,142=levels\tracks\secret2\relic\data.vrm
PAL,143,39897,828116,ee7b03351df47d9d,143=levels\tracks\secret2\relic\data.lev
PAL,144,40302,458808,e8dc08be25a70484,144=levels\battle\nitro_court\1\data.vrm
PAL,145,40527,438772,ab1803b138f37006,145=levels\battle\nitro_court\1\data.lev
PAL,146,40742,458808,3b63c68e5e596876,146=levels\battle\nitro_court\2\data.vrm
PAL,147,40967,424200,ac468527deb74b58,147=levels\battle\nitro_court\2\data.lev
PAL,148,41175,458808,f4ab9bde432a349f,148=levels\battle\nitro_court\3\data.vrm
PAL,149,41400,424624,b1a88d0c95c0cda5,149=levels\battle\nitro_court\3\data.lev
PAL,150,41608,458808,8996ae214dcf392a,150=levels\battle\nitro_court\4\data.vrm
PAL,151,41833,396148,20aada9c9279b5f3,151=levels\battle\nitro_court\4\data.lev
PAL,152,42027,458808,144b2230c6029fae,152=levels\battle\rampage_ruins\1\data.vrm
PAL,153,42252,323488,acbfa7aef35ec9f4,153=levels\battle\rampage_ruins\1\data.lev
PAL,154,42410,458808,15520686de7d8d0e,154=levels\battle\rampage_ruins\2\data.vrm
PAL,155,42635,307092,1ff491758861bb8c,155=levels\battle\rampage_ruins\2\data.lev
PAL,156,42785,458808,6a9a1e8c916ff457,156=levels\battle\rampage_ruins\3\data.vrm
PAL,157,43010,296184,13b6a6f06290a817,157=levels\battle\rampage_ruins\3\data.lev
PAL,158,43155,458808,4b6be21027cfabb9,158=levels\battle\rampage_ruins\4\data.vrm
PAL,159,43380,308664,1b14be559105f09d,159=levels\battle\rampage_ruins\4\data.lev
PAL,160,43531,458808,835f72b8680c774f,160=levels\battle\parking_lot\1\data.vrm
PAL,161,43756,269532,1a8cacdfb797eeb1,161=levels\battle\parking_lot\1\data.lev
PAL,162,43888,458808,02aad565bb0d7409,162=levels\battle\parking_lot\2\data.vrm
PAL,163,44113,254772,8f0bff510b5b159a,163=levels\battle\parking_lot\2\data.lev
PAL,164,44238,458808,83789b158301c61d,164=levels\battle\parking_lot\3\data.vrm
PAL,165,44463,218296,7f4964b352632bfb,165=levels\battle\parking_lot\3\data.lev
PAL,166,44570,458808,359902d4becdd78c,166=levels\battle\parking_lot\4\data.vrm
PAL,167,44795,238864,c343eac4fdd3ab33,167=levels\battle\parking_lot\4\data.lev
PAL,168,44912,458808,05fd038c33e9007a,168=levels\battle\skull_rock\1\data.vrm
PAL,169,45137,307676,b20373079a4ab8e2,169=levels\battle\skull_rock\1\data.lev
PAL,170,45288,458808,44b40899810676b4,170=levels\battle\skull_rock\2\data.vrm
PAL,171,45513,298224,686772ee5556ab1f,171=levels\battle\skull_rock\2\data.lev
PAL,172,45659,458808,6ee56e78204974f3,172=levels\battle\skull_rock\3\data.vrm
PAL,173,45884,283560,9b6c4999f54314fe,173=levels\battle\skull_rock\3\data.lev
PAL,174,46023,458808,47bfa14a90f61e6a,174=levels\battle\skull_rock\4\data.vrm
PAL,175,46248,293732,ed3f150c30773271,175=levels\battle\skull_rock\4\data.lev
PAL,176,46392,458808,a0ef74582e09095c,176=levels\battle\north_bowl\1\data.vrm
PAL,177,46617,238572,7351f33ac9b67cdd,177=levels\battle\north_bowl\1\data.lev
PAL,178,46734,458808,9be9b1f4b8a3d614,178=levels\battle\north_bowl\2\data.vrm
PAL,179,46959,227360,43d0aff9a61a5458,179=levels\battle\north_bowl\2\data.lev
PAL,180,47071,458808,8cb7164b741bd3b1,180=levels\battle\north_bowl\3\data.vrm
PAL,181,47296,227040,f1feda78ce3c21dc,181=levels\battle\north_bowl\3\data.lev
PAL,182,47407,458808,d954d0768ea9c354,182=levels\battle\north_bowl\4\data.vrm
PAL,183,47632,218344,564d4a8785606a5f,183=levels\battle\north_bowl\4\data.lev
PAL,184,47739,458808,4384060c9c746002,184=levels\battle\rocky_road\1\data.vrm
PAL,185,47964,293400,e7ba01bad21c53b2,185=levels\battle\rocky_road\1\data.lev
PAL,186,48108,458808,dba06c216160f766,186=levels\battle\rocky_road\2\data.vrm
PAL,187,48333,277260,36d7e33e7855ec91,187=levels\battle\rocky_road\2\data.lev
PAL,188,48469,458808,629e63be03208dc4,188=levels\battle\rocky_road\3\data.vrm
PAL,189,48694,276220,54ff8e49d4f34e9c,189=levels\battle\rocky_road\3\data.lev
PAL,190,48829,458808,305dfc1bd1ccdb4d,190=levels\battle\rocky_road\4\data.vrm
PAL,191,49054,277440,22a13e4594abb27b,191=levels\battle\rocky_road\4\data.lev
PAL,192,49190,458808,6939ebbd3ede7280,192=levels\battle\lab_basement\1\data.vrm
PAL,193,49415,240192,315ee5386f36e4e9,193=levels\battle\lab_basement\1\data.lev
PAL,194,49533,458808,51ecaa32e3fd35ba,194=levels\battle\lab_basement\2\data.vrm
PAL,195,49758,244636,694dc24cb35ca19d,195=levels\battle\lab_basement\2\data.lev
PAL,196,49878,458808,57bfa8ba1954cc4e,196=levels\battle\lab_basement\3\data.vrm
PAL,197,50103,226568,a69fa08f85e7552f,197=levels\battle\lab_basement\3\data.lev
PAL,198,50214,458808,5823bd3d935affaf,198=levels\battle\lab_basement\4\data.vrm
PAL,199,50439,227768,d67a36c05cb367bb,199=levels\battle\lab_basement\4\data.lev
PAL,200,50551,229432,af49fbb1159cd098,200=levels\adventure\gem_valley\data.vrm
PAL,201,50664,421168,74c85ddbb3eb2d7f,201=levels\adventure\gem_valley\data.lev
PAL,202,50870,48032,9eb32922a4220e3b,202=levels\adventure\gem_valley\data.ptr
PAL,203,50894,229396,a400f4c39f78d085,203=levels\adventure\nsanity_beach\data.vrm
PAL,204,51007,403400,03a2b36e09cd5f6a,204=levels\adventure\nsanity_beach\data.lev
PAL,205,51204,45072,341734b787a35a79,205=levels\adventure\nsanity_beach\data.ptr
PAL,206,51227,229396,c4dd4328ab68ffaa,206=levels\adventure\lost_ruins\data.vrm
PAL,207,51340,426012,2657b3553d38379c,207=levels\adventure\lost_ruins\data.lev
PAL,208,51549,47268,c02479a97fd65918,208=levels\adventure\lost_ruins\data.ptr
PAL,209,51573,229432,59e7300a589516e3,209=levels\adventure\glacier_park\data.vrm
PAL,210,51686,406912,bfe967dfa6a0defb,210=levels\adventure\glacier_park\data.lev
PAL,211,51885,45492,7aa7ee9798d82a64,211=levels\adventure\glacier_park\data.ptr
PAL,212,51908,229396,a0799403471e6b9f,212=levels\adventure\citadel_city\data.vrm
PAL,213,52021,426308,67199236ba7898f9,213=levels\adventure\citadel_city\data.lev
PAL,214,52230,44096,a3c00ddb93821fc2,214=levels\adventure\citadel_city\data.ptr
PAL,215,52252,458808,a48ccaa31bb04051,215=levels\menu_models\data.vrm
PAL,216,52477,495684,682db7164d01c96b,216=levels\menu_models\data.lev
PAL,217,52720,458808,6f86c7ca532ce25a,217=levels\adv_player_select\data.vrm
PAL,218,52945,897496,628a3374334a5a9c,218=levels\adv_player_select\data.lev
PAL,219,53384,32788,638ab86c6c89c3db,219=packs\jpnfont.vrm
PAL,220,53401,9568,72b299582386c6c0,220=packs\jpnfont.mpk
PAL,221,53406,1328,c0cdc8ea8523849a,221=overlays\221_EndRaceMenu_CrystalChallenge.bin
PAL,222,53407,5424,d2f5b988ce6dcd67,222=overlays\222_EndRaceMenu_ArcadeAdventure.bin
PAL,223,53410,5640,fcfab3839d35d095,223=overlays\223_EndRaceMenu_Relic.bin
PAL,224,53413,3700,e4874f412c2f6e48,224=overlays\224_EndRaceMenu_TimeTrial.bin
PAL,225,53415,2944,750198f2cb0b2975,225=overlays\225_EndRaceMenu_BattleVS.bin
PAL,226,53417,44216,139858cff1e4c519,226=overlays\226_Quadblock_1P.bin
PAL,227,53439,44344,f3c219abf0ab2f45,227=overlays\227_Quadblock_2P.bin
PAL,228,53461,34208,4467ae3e937ecfbe,228=overlays\228_Quadblock_3P.bin
PAL,229,53478,34388,ad8cf9280c7129b4,229=overlays\229_Quadblock_4P.bin
PAL,230,53495,45784,8b9a7cfa718fd02f,230=overlays\230_Threads_MainMenu.bin
PAL,231,53518,60320,1b0491f1fd6efdfa,231=overlays\231_Threads_Racing.bin
PAL,232,53548,40224,2590b68df340c0a1,232=overlays\232_Threads_AdvHub.bin
PAL,233,53568,57952,10e38eaa8409a078,233=overlays\233_Threads_Cutscene.bin
PAL,234,53597,11820,cdffccde2acf1330,234=lang\ja.lng
PAL,235,53603,14564,75c4f121eacf1828,235=lang\en.lng
PAL,236,53611,14576,bacd7ed77ac47338,236=lang\uk.lng
PAL,237,53619,15600,49fbeb821fec842d,237=lang\fr.lng
PAL,238,53627,15488,28b1cf7b6d26961c,238=lang\de.lng
PAL,239,53635,16064,8f96a44abd665506,239=lang\it.lng
PAL,240,53643,15748,3b22115fbd67da78,240=lang\es.lng
PAL,241,53651,15108,0122ff654c3a6551,241=lang\ne.lng
PAL,242,53659,24064,b7e0f53df8412205,242=models\racers\hi\crash.ctr
PAL,243,53671,22392,5a2517f2ba979aa5,243=models\racers\hi\cortex.ctr
PAL,244,53682,20576,d082f2c5930eb9b0,244=models\racers\hi\tiny.ctr
PAL,245,53693,18236,67d0354902f776b3,245=models\racers\hi\coco.ctr
PAL,246,53702,20540,7a30c58105ef179a,246=models\racers\hi\ngin.ctr
PAL,247,53713,24496,00f495c1408bdba9,247=models\racers\hi\dingo.ctr
PAL,248,53725,15436,358b5e6d6e75df09,248=models\racers\hi\polar.ctr
PAL,249,53733,23652,315c4d27e952c09e,249=models\racers\hi\pura.ctr
PAL,250,53745,21164,fc14989365d3e57c,250=models\racers\hi\pinstripe.ctr
PAL,251,53756,17228,00aca04dcbb7024d,251=models\racers\hi\papu.ctr
PAL,252,53765,18248,3e533c06fdf376b6,252=models\racers\hi\roo.ctr
PAL,253,53774,23344,81f46e13ddc2831f,253=models\racers\hi\joe.ctr
PAL,254,53786,20472,4972aa24a8c56a1a,254=models\racers\hi\ntropy.ctr
PAL,255,53796,13668,88b04491f49eb194,255=models\racers\hi\pen.ctr
PAL,256,53803,21316,a2810b215055c4fb,256=models\racers\hi\fake.ctr
PAL,257,53814,41872,855f2ec42c18f83c,257=models\racers\hi\oxide.ctr
PAL,258,53835,106552,d57beb78a2fe3e46,258=packs\shared.vrm
PAL,259,53888,308972,941813d420efd5ac,259=packs\shared.mpk
PAL,260,54039,295456,5b2cc679630c23bd,260=packs\1P_arcade\crash.mpk
PAL,261,54184,297500,2990389df878a977,261=packs\1P_arcade\cortex.mpk
PAL,262,54330,295400,884bb23519c1f0c4,262=packs\1P_arcade\tiny.mpk
PAL,263,54475,297040,b16e6d248f222db6,263=packs\1P_arcade\coco.mpk
PAL,264,54621,295892,c14b1bacf13e7120,264=packs\1P_arcade\ngin.mpk
PAL,265,54766,295852,3c5028247f946c99,265=packs\1P_arcade\dingo.mpk
PAL,266,54911,297076,179828d6d38ed562,266=packs\1P_arcade\polar.mpk
PAL,267,55057,296636,6454c9eaf6408916,267=packs\1P_arcade\pura.mpk
PAL,268,55202,294148,54fe0b137e2f6b36,268=packs\1P_arcade\pinstripe.mpk
PAL,269,55346,290212,87bacf10890ff745,269=packs\1P_arcade\papu.mpk
PAL,270,55488,291232,2c81f51393076a2f,270=packs\1P_arcade\roo.mpk
PAL,271,55631,296328,633d2ade44f2e505,271=packs\1P_arcade\joe.mpk
PAL,272,55776,293456,d29e38715c171a0b,272=packs\1P_arcade\ntropy.mpk
PAL,273,55920,286652,b52255af6b04ed71,273=packs\1P_arcade\pen.mpk
PAL,274,56060,294324,efa7cb33bdd9e8e9,274=packs\1P_arcade\fake.mpk
PAL,275,56204,314856,6a3d9566076ebd93,275=packs\1P_arcade\oxide.mpk
PAL,276,56358,75476,93e43a2f50e69703,276=packs\1P_adventure\crash.mpk
PAL,277,56395,73804,56acad934313fdcf,277=packs\1P_adventure\cortex.mpk
PAL,278,56432,71988,20f04d5108d82399,278=packs\1P_adventure\tiny.mpk
PAL,279,56468,69648,1f33d74f8099f5fe,279=packs\1P_adventure\coco.mpk
PAL,280,56503,71952,2c3533ae04c45ada,280=packs\1P_adventure\ngin.mpk
PAL,281,56539,75908,fa6feb3d4b269e64,281=packs\1P_adventure\dingo.mpk
PAL,282,56577,66848,db0f9396db1f3653,282=packs\1P_adventure\polar.mpk
PAL,283,56610,75064,e85df99c6ba28433,283=packs\1P_adventure\pura.mpk
PAL,284,56647,72576,a0a9bd156f9166a1,284=packs\1P_adventure\pinstripe.mpk
PAL,285,56683,68640,5746035fb9b45ea1,285=packs\1P_adventure\papu.mpk
PAL,286,56717,69660,9bdb4b678003c023,286=packs\1P_adventure\roo.mpk
PAL,287,56752,74756,b88f611c011d6bb1,287=packs\1P_adventure\joe.mpk
PAL,288,56789,71884,18e7d6ab7d4467fa,288=packs\1P_adventure\ntropy.mpk
PAL,289,56825,65080,a53a85dc255da548,289=packs\1P_adventure\pen.mpk
PAL,290,56857,72752,beb63b6cc0c2cbb6,290=packs\1P_adventure\fake.mpk
PAL,291,56893,93284,ba4704b98f4b0f09,291=packs\1P_adventure\oxide.mpk
PAL,292,56939,184244,83f227d032ec848f,292=packs\1P_timetrial\crash.mpk
PAL,293,57029,180528,494f0d16f3f76a63,293=packs\1P_timetrial\cortex.mpk
PAL,294,57118,180812,906db8ee3aa9ae7e,294=packs\1P_timetrial\tiny.mpk
PAL,295,57207,176832,0aab6947abc44756,295=packs\1P_timetrial\coco.mpk
PAL,296,57294,180284,202ee22750361cac,296=packs\1P_timetrial\ngin.mpk
PAL,297,57383,184280,f5d51d7feafd2c36,297=packs\1P_timetrial\dingo.mpk
PAL,298,57473,173996,2b912f36eb5c6563,298=packs\1P_timetrial\polar.mpk
PAL,299,57558,182652,f341004d22878e4e,299=packs\1P_timetrial\pura.mpk
PAL,300,57648,180944,5a9b036dc9722bff,300=packs\1P_timetrial\pinstripe.mpk
PAL,301,57737,177400,0dd7c3ec11142f6a,301=packs\1P_timetrial\papu.mpk
PAL,302,57824,176880,62003e8786e28467,302=packs\1P_timetrial\roo.mpk
PAL,303,57911,183220,66d2843129df975a,303=packs\1P_timetrial\joe.mpk
PAL,304,58001,154476,280539e36c455f92,304=packs\1P_timetrial\ntropy.mpk
PAL,305,58077,173476,cc074b71ef85dede,305=packs\1P_timetrial\pen.mpk
PAL,306,58162,182748,3f5601219fb14f2d,306=packs\1P_timetrial\fake.mpk
PAL,307,58252,154476,dc360b11b2c4e51c,307=packs\1P_timetrial\oxide.mpk
PAL,308,58328,31244,97a6ca0dc0adcd60,308=models\racers\med\crash.ctr
PAL,309,58344,28356,e1136dd9190f60f7,309=models\racers\med\cortex.ctr
PAL,310,58358,24928,bb4924c9dd9f9bea,310=models\racers\med\tiny.ctr
PAL,311,58371,21784,1ada20b5a7910c74,311=models\racers\med\coco.ctr
PAL,312,58382,26476,c5ca73552de837b4,312=models\racers\med\ngin.ctr
PAL,313,58395,29616,8fcbbce3db6c3b54,313=models\racers\med\dingo.ctr
PAL,314,58410,20036,3b4ad64f72eb1547,314=models\racers\med\polar.ctr
PAL,315,58420,29168,9d90041c57c2f3a0,315=models\racers\med\pura.ctr
PAL,316,58435,26004,5f472b0002fe6c26,316=models\racers\med\pinstripe.ctr
PAL,317,58448,22848,aacaf16ccfadb626,317=models\racers\med\papu.ctr
PAL,318,58460,23340,02f7557dd3cb3cfa,318=models\racers\med\roo.ctr
PAL,319,58472,29264,3c43895d15faf1fd,319=models\racers\med\joe.ctr
PAL,320,58487,27128,f4aabb51fc4da7c8,320=models\racers\med\ntropy.ctr
PAL,321,58501,21260,6b5aa16bb8ce4403,321=models\racers\med\pen.ctr
PAL,322,58512,31700,1c01f0caf3f11e51,322=models\racers\med\fake.ctr
PAL,323,58528,58832,81f3b7961196da00,323=models\racers\med\oxide.ctr
PAL,324,58557,138364,b1ec63a3973cf660,324=packs\1P_gem_cups\324.mpk
PAL,325,58625,141696,f6f5994ded134bd3,325=packs\1P_gem_cups\325.mpk
PAL,326,58695,141936,54297a3daa66b894,326=packs\1P_gem_cups\326.mpk
PAL,327,58765,142896,c3ee0a6e69f91397,327=packs\1P_gem_cups\327.mpk
PAL,328,58835,142588,3952ca3034d08768,328=packs\1P_gem_cups\328.mpk
PAL,329,58905,143548,92fd00e1b9bcd303,329=packs\1P_gem_cups\329.mpk
PAL,330,58976,143788,32a9504ac4679408,330=packs\1P_gem_cups\330.mpk
PAL,331,59047,142064,43cec0a9bb312a4e,331=packs\1P_gem_cups\331_bosses.mpk
PAL,332,59117,14464,7cce6c45f857249d,332=models\racers\low\crash.ctr
PAL,333,59125,13980,c943fd46519c1434,333=models\racers\low\cortex.ctr
PAL,334,59132,10912,3f6512ccaed46f88,334=models\racers\low\tiny.ctr
PAL,335,59138,10164,7990822971917fbd,335=models\racers\low\coco.ctr
PAL,336,59143,13752,bc4e39b748c676bc,336=models\racers\low\ngin.ctr
PAL,337,59150,13932,79e44c11e74583d3,337=models\racers\low\dingo.ctr
PAL,338,59157,10740,7cc80410303efdde,338=models\racers\low\polar.ctr
PAL,339,59163,14440,a8f79cf256f26b10,339=models\racers\low\pura.ctr
PAL,340,59171,12672,a42d0a7cc94a821c,340=models\racers\low\pinstripe.ctr
PAL,341,59178,10352,5f1465daedca87ea,341=models\racers\low\papu.ctr
PAL,342,59184,12084,c77a0632374d8eb3,342=models\racers\low\roo.ctr
PAL,343,59190,15280,87de6491164f668f,343=models\racers\low\joe.ctr
PAL,344,59198,13700,496651efcf7e2e8c,344=models\racers\low\ntropy.ctr
PAL,345,59205,11088,70eaa43083ce1ce4,345=models\racers\low\pen.ctr
PAL,346,59211,14524,c4af58855606721b,346=models\racers\low\fake.ctr
PAL,347,59219,23488,0ffbb97850992691,347=models\racers\low\oxide.ctr
PAL,348,59231,107804,3b48457c81305e50,348=packs\unknown_long\crash.mpk
PAL,349,59284,107320,1e7ba3d5086ac346,349=packs\unknown_long\cortex.mpk
PAL,350,59337,104252,a8cede3e190fe7e4,350=packs\unknown_long\tiny.mpk
PAL,351,59388,103504,783aebf510e1799d,351=packs\unknown_long\coco.mpk
PAL,352,59439,107092,f0624e570805e3ed,352=packs\unknown_long\ngin.mpk
PAL,353,59492,107272,fb490702f5002f64,353=packs\unknown_long\dingo.mpk
PAL,354,59545,104080,c48cd695a632a412,354=packs\unknown_long\polar.mpk
PAL,355,59596,107780,32b5246267887ee2,355=packs\unknown_long\pura.mpk
PAL,356,59649,106012,d2c7769ff2b27ec4,356=packs\unknown_long\pinstripe.mpk
PAL,357,59701,103692,43d2534ca8c59c0f,357=packs\unknown_long\papu.mpk
PAL,358,59752,105424,930e85b6530d3d24,358=packs\unknown_long\roo.mpk
PAL,359,59804,108620,d176bd3cec35990b,359=packs\unknown_long\joe.mpk
PAL,360,59858,107040,83f2e0037f48cd95,360=packs\unknown_long\ntropy.mpk
PAL,361,59911,104428,f68cd31d512b31d4,361=packs\unknown_long\pen.mpk
PAL,362,59962,107924,a92f6fb909203657,362=packs\unknown_long\fake.mpk
PAL,363,60015,116828,2ee405ebaa70603d,363=packs\unknown_long\oxide.mpk
PAL,364,60073,229432,89897e7a1d9e4b0b,364=models\cutscenes1.vrm
PAL,365,60186,229396,340cd3164959bfdd,365=models\cutscenes2.vrm
PAL,366,60299,120184,f27e5c1c89d45350,366=models\trophy_win\crashdance.ctr
PAL,367,60358,120184,a29e7c99dc643b3b,367=models\trophy_win\crashdance2.ctr
PAL,368,60417,107372,8c9fa04a39b34910,368=models\trophy_win\cortexdance.ctr
PAL,369,60470,107372,7cbab756076dfe65,369=models\trophy_win\cortexdance2.ctr
PAL,370,60523,95548,f70b83d5c18ab4f3,370=models\trophy_win\tinydance.ctr
PAL,371,60570,95548,33505715d6a35c6d,371=models\trophy_win\tinydance2.ctr
PAL,372,60617,95856,b9b5fa56dcf52a22,372=models\trophy_win\cocodance.ctr
PAL,373,60664,95856,f99f7ba0e13611fe,373=models\trophy_win\cocodance2.ctr
PAL,374,60711,114056,4fb008af7c237bcb,374=models\trophy_win\ngindance.ctr
PAL,375,60767,114056,65b9cce8ed9fc77d,375=models\trophy_win\ngindance2.ctr
PAL,376,60823,111800,85f2116d4288aa43,376=models\trophy_win\dingodance.ctr
PAL,377,60878,111800,66220cc51fc19bcb,377=models\trophy_win\dingodance2.ctr
PAL,378,60933,13004,52b8b438f100673c,378=models\trophy_win\polardance.ctr
PAL,379,60940,13004,3bc6cb8dd6d17ae6,379=models\trophy_win\polardance2.ctr
PAL,380,60947,25936,87f94ff8aafa23ac,380=models\trophy_win\puradance.ctr
PAL,381,60960,25936,80924d3f449af9b5,381=models\trophy_win\puradance2.ctr
PAL,382,60973,168636,53bf987f397560ce,382=models\trophy_win\pinstripedance.ctr
PAL,383,61056,168636,160413e5a17b1738,383=models\trophy_win\pinstripedance2.ctr
PAL,384,61139,46904,1519e3d0194bf182,384=models\trophy_win\papudance.ctr
PAL,385,61162,46904,0fda1a828c953b00,385=models\trophy_win\papudance2.ctr
PAL,386,61185,106368,37109cddf7b55165,386=models\trophy_win\roodance.ctr
PAL,387,61237,106368,f50051107bf413d4,387=models\trophy_win\roodance2.ctr
PAL,388,61289,60040,7bb4756ea68edc4a,388=models\trophy_win\joedance.ctr
PAL,389,61319,60040,b40e7d927e8fbe83,389=models\trophy_win\joedance2.ctr
PAL,390,61349,123776,555ac52ac87e1b27,390=models\trophy_win\ntropydance.ctr
PAL,391,61410,123776,4de0d6d733d932be,391=models\trophy_win\ntropydance2.ctr
PAL,392,61471,34432,7d5b227af603d5de,392=models\trophy_win\pendance.ctr
PAL,393,61488,34432,44266b8fb4fc4d33,393=models\trophy_win\pendance2.ctr
PAL,394,61505,133480,00dd744bcd8c836c,394=models\trophy_win\fakedance.ctr
PAL,395,61571,133480,e913ba60e0884970,395=models\trophy_win\fakedance2.ctr
PAL,396,61637,0,,396=models\trophy_win\oxidedance.ctr
PAL,397,61637,0,,397=models\trophy_win\oxidedance2.ctr
PAL,398,61637,22928,a207d2b0b0ee0fba,398=models\trophy_lose\crashlose.ctr
PAL,399,61649,22928,16e5a4e472196e78,399=models\trophy_lose\crashlose2.ctr
PAL,400,61661,29876,ad7b9a6c3d0501cf,400=models\trophy_lose\cortexlose.ctr
PAL,401,61676,29876,4224aaefcd858c54,401=models\trophy_lose\cortexlose2.ctr
PAL,402,61691,58020,067710f17b0e9690,402=models\trophy_lose\tinylose.ctr
PAL,403,61720,58020,4f3446bc998e1012,403=models\trophy_lose\tinylose2.ctr
PAL,404,61749,44260,1054d165807ed18e,404=models\trophy_lose\cocolose.ctr
PAL,405,61771,44260,18437f4e1241354f,405=models\trophy_lose\cocolose2.ctr
PAL,406,61793,25884,dad393f16fd1820a,406=models\trophy_lose\nginlose.ctr
PAL,407,61806,25884,1bf2f517a5ce3eaf,407=models\trophy_lose\nginlose2.ctr
PAL,408,61819,45076,ba819899c9cebbef,408=models\trophy_lose\dingolose.ctr
PAL,409,61842,45076,05c1f76abb805fbe,409=models\trophy_lose\dingolose2.ctr
PAL,410,61865,19496,df47d9ddc30aea92,410=models\trophy_lose\polarlose.ctr
PAL,411,61875,19496,8a1d042d44e678ce,411=models\trophy_lose\polarlose2.ctr
PAL,412,61885,12752,876d55e3e46f10c9,412=models\trophy_lose\puralose.ctr
PAL,413,61892,12752,b5f611ccfa9f9ec6,413=models\trophy_lose\puralose2.ctr
PAL,414,61899,43384,f2c04a691e37b425,414=models\trophy_lose\pinstripelose.ctr
PAL,415,61921,43384,529c37d5be7365b3,415=models\trophy_lose\pinstripelose2.ctr
PAL,416,61943,48796,8d73cc0af0d22f4f,416=models\trophy_lose\papulose.ctr
PAL,417,61967,48796,401c357730c681a9,417=models\trophy_lose\papulose2.ctr
PAL,418,61991,19484,c110ba870c3c33bb,418=models\trophy_lose\roolose.ctr
PAL,419,62001,19484,ccda119e5f6cfb40,419=models\trophy_lose\roolose2.ctr
PAL,420,62011,53368,1f5a9a54c41e4b26,420=models\trophy_lose\joelose.ctr
PAL,421,62038,53368,3c667f413c760e15,421=models\trophy_lose\joelose2.ctr
PAL,422,62065,51584,4ea71dca254977d4,422=models\trophy_lose\ntropylose.ctr
PAL,423,62091,51584,ff1a26c15a813b6f,423=models\trophy_lose\ntropylose2.ctr
PAL,424,62117,8388,f9feeb262b281b15,424=models\trophy_lose\penlose.ctr
PAL,425,62122,8388,3c2608f0982a6133,425=models\trophy_lose\penlose2.ctr
PAL,426,62127,50540,4da9c2c3590683e5,426=models\trophy_lose\fakelose.ctr
PAL,427,62152,50540,55080724c6d7407b,427=models\trophy_lose\fakelose2.ctr
PAL,428,62177,98124,307c6b78520e8510,428=models\trophy_lose\oxidelose.ctr
PAL,429,62225,98124,f82ff58e95897495,429=models\trophy_lose\oxidelose2.ctr
PAL,430,62273,76512,6bc1ab6cb250fcb4,430=models\trophy_girl\tawna1dance.ctr
PAL,431,62311,76512,805b01c77778fed8,431=models\trophy_girl\tawna1dance2.ctr
PAL,432,62349,82196,a4423956777af281,432=models\trophy_girl\tawna2dance.ctr
PAL,433,62390,82196,e7d30894a85339e3,433=models\trophy_girl\tawna2dance2.ctr
PAL,434,62431,84436,0c859f0cec2249e3,434=models\trophy_girl\tawna3dance.ctr
PAL,435,62473,84436,4e2cd9d845b6e1cf,435=models\trophy_girl\tawna3dance2.ctr
PAL,436,62515,82720,1d69cfacfc16905b,436=models\trophy_girl\tawna4dance.ctr
PAL,437,62556,82720,85449bdd9c71b2b6,437=models\trophy_girl\tawna4dance2.ctr
PAL,438,62597,229432,13cdbb698544d8ef,438=models\misc\aku1.vrm
PAL,439,62710,4880,0bc8a69aff9affa5,439=models\misc\aku1.ctr
PAL,440,62713,229396,e35d8c43ed59657f,440=models\misc\aku2.vrm
PAL,441,62826,4880,fe307ac78f819100,441=models\misc\aku2.ctr
PAL,442,62829,229432,0dae966830bdbdae,442=models\misc\uka1.vrm
PAL,443,62942,9116,de866d1be1e9127c,443=models\misc\uka1.ctr
PAL,444,62947,229396,f7d29f01961a4239,444=models\misc\uka2.vrm
PAL,445,63060,9116,b87c1fb9e24a8024,445=models\misc\uka2.ctr
PAL,446,63065,7896,d0652f80dfb58d8e,446=models\misc\dingofire1.ctr
PAL,447,63069,7896,8b06017eaaa0ac40,447=models\misc\dingofire2.ctr
PAL,448,63073,2116,75a4e9036981f022,448=models\misc\podium1.ctr
PAL,449,63075,2116,fa0dc05a14f5578f,449=models\misc\podium2.ctr
PAL,450,63077,49828,aefaa9775431479e,450=models\boss\head\roohead1.ctr
PAL,451,63102,49828,0322c2b08d0ca9ad,451=models\boss\head\roohead2.ctr
PAL,452,63127,253640,7d495a2a23619981,452=models\boss\head\joehead1.ctr
PAL,453,63251,253640,55fca1bf21ff8329,453=models\boss\head\joehead2.ctr
PAL,454,63375,253640,a295c7da0a1e9aca,454=models\boss\head\joehead1_FRENCH.ctr
PAL,455,63499,253640,7de26c6d2c0d5e68,455=models\boss\head\joehead2_FRENCH.ctr
PAL,456,63623,253640,c1b3dfe3b92c44e2,456=models\boss\head\joehead1_GERMAN.ctr
PAL,457,63747,253640,1cb010f16cec7e50,457=models\boss\head\joehead2_GERMAN.ctr
PAL,458,63871,256228,b641ad00aa5182a5,458=models\boss\head\joehead1_ITALIAN.ctr
PAL,459,63997,256228,d441555c27ebde4c,459=models\boss\head\joehead2_ITALIAN.ctr
PAL,460,64123,253640,56e82247e94ecf35,460=models\boss\head\joehead1_SPANISH.ctr
PAL,461,64247,253640,d3575dd320f576c4,461=models\boss\head\joehead2_SPANISH.ctr
PAL,462,64371,253640,34f5c81263797703,462=models\boss\head\joehead1_DUTCH.ctr
PAL,463,64495,253640,00dc2c34c819a8fd,463=models\boss\head\joehead2_DUTCH.ctr
PAL,464,64619,270120,8cd41e8d8bc623a4,464=models\boss\head\pinstripehead1.ctr
PAL,465,64751,270120,6dd29ddbd996f750,465=models\boss\head\pinstripehead2.ctr
PAL,466,64883,267756,7e50564ef847e462,466=models\boss\head\pinstripehead1_FRENCH.ctr
PAL,467,65014,267756,c5590ebcfdb2c57c,467=models\boss\head\pinstripehead2_FRENCH.ctr
PAL,468,65145,265392,f8c7ef0d8163a1c8,468=models\boss\head\pinstripehead1_GERMAN.ctr
PAL,469,65275,265392,d39fb58ce27b4b8c,469=models\boss\head\pinstripehead2_GERMAN.ctr
PAL,470,65405,265392,c104be582d664e85,470=models\boss\head\pinstripehead1_ITALIAN.ctr
PAL,471,65535,265392,e7e8fcc3b69c57dd,471=models\boss\head\pinstripehead2_ITALIAN.ctr
PAL,472,65665,267756,427a11f9d54683ea,472=models\boss\head\pinstripehead1_SPANISH.ctr
PAL,473,65796,267756,16ad6e54ceafdf1c,473=models\boss\head\pinstripehead2_SPANISH.ctr
PAL,474,65927,265392,54d2aa00a317a076,474=models\boss\head\pinstripehead1_DUTCH.ctr
PAL,475,66057,265392,1cc8c5745108c7ea,475=models\boss\head\pinstripehead2_DUTCH.ctr
PAL,476,66187,173244,d5dc8c9898eca591,476=models\boss\head\papuhead1.ctr
PAL,477,66272,173244,cc4ac127353e734c,477=models\boss\head\papuhead2.ctr
PAL,478,66357,166476,ee8652d46f8cd16a,478=models\boss\head\papuhead1_FRENCH.ctr
PAL,479,66439,166476,235d0836e664a08d,479=models\boss\head\papuhead2_FRENCH.ctr
PAL,480,66521,164784,9579d8755bcfd157,480=models\boss\head\papuhead1_GERMAN.ctr
PAL,481,66602,164784,f86ac8fa88d49adb,481=models\boss\head\papuhead2_GERMAN.ctr
PAL,482,66683,166476,13f8af8fc53c57c0,482=models\boss\head\papuhead1_ITALIAN.ctr
PAL,483,66765,166476,863b25427f1babe7,483=models\boss\head\papuhead2_ITALIAN.ctr
PAL,484,66847,164784,e1078f096d21c13b,484=models\boss\head\papuhead1_SPANISH.ctr
PAL,485,66928,164784,5915e59192b7a592,485=models\boss\head\papuhead2_SPANISH.ctr
PAL,486,67009,164784,879b90191e752cd1,486=models\boss\head\papuhead1_DUTCH.ctr
PAL,487,67090,164784,cb80a1bac77f3a7c,487=models\boss\head\papuhead2_DUTCH.ctr
PAL,488,67171,296776,e8f06a2bf1b0be84,488=models\boss\head\noxidehead1.ctr
PAL,489,67316,296776,222b6ea194dbda9d,489=models\boss\head\noxidehead2.ctr
PAL,490,67461,299364,29f954314646f1c9,490=models\boss\head\noxidehead1_FRENCH.ctr
PAL,491,67608,299364,a0f1d4b33ce38d09,491=models\boss\head\noxidehead2_FRENCH.ctr
PAL,492,67755,296776,7db54851acbc1f45,492=models\boss\head\noxidehead1_GERMAN.ctr
PAL,493,67900,296776,3f204ad736aa2091,493=models\boss\head\noxidehead2_GERMAN.ctr
PAL,494,68045,296776,9523748e66064fae,494=models\boss\head\noxidehead1_ITALIAN.ctr
PAL,495,68190,296776,6ff5b8858ac7f0e8,495=models\boss\head\noxidehead2_ITALIAN.ctr
PAL,496,68335,296776,92ac98c35dccd3f3,496=models\boss\head\noxidehead1_SPANISH.ctr
PAL,497,68480,296776,d024cc19961aed56,497=models\boss\head\noxidehead2_SPANISH.ctr
PAL,498,68625,299364,8fbf9ba1fe02adf8,498=models\boss\head\noxidehead1_DUTCH.ctr
PAL,499,68772,299364,75b0edb1c41e6cc2,499=models\boss\head\noxidehead2_DUTCH.ctr
PAL,500,68919,48116,3cb27b12b98ef724,500=models\boss\headlose\rooheadlose1.ctr
PAL,501,68943,48116,e4d05481c5ebc5a7,501=models\boss\headlose\rooheadlose2.ctr
PAL,502,68967,238040,3f7ff2b7f47bda2e,502=models\boss\headlose\joeheadlose1.ctr
PAL,503,69084,238040,fc389dbe56f87642,503=models\boss\headlose\joeheadlose2.ctr
PAL,504,69201,238040,84dac8c331332bff,504=models\boss\headlose\joeheadlose1_FRENCH.ctr
PAL,505,69318,238040,8e3a966db3ac9bbc,505=models\boss\headlose\joeheadlose2_FRENCH.ctr
PAL,506,69435,238040,4e3df36627a3dacf,506=models\boss\headlose\joeheadlose1_GERMAN.ctr
PAL,507,69552,238040,ba9f8aebfcb6c599,507=models\boss\headlose\joeheadlose2_GERMAN.ctr
PAL,508,69669,238040,6606f0f6ece06b27,508=models\boss\headlose\joeheadlose1_ITALIAN.ctr
PAL,509,69786,238040,82fde25bebe5a9e0,509=models\boss\headlose\joeheadlose2_ITALIAN.ctr
PAL,510,69903,238040,94d7e73d119624e3,510=models\boss\headlose\joeheadlose1_SPANISH.ctr
PAL,511,70020,238040,b601cadbffecaa01,511=models\boss\headlose\joeheadlose2_SPANISH.ctr
PAL,512,70137,238040,b020155e86179411,512=models\boss\headlose\joeheadlose1_DUTCH.ctr
PAL,513,70254,238040,7316670d8ab74c51,513=models\boss\headlose\joeheadlose2_DUTCH.ctr
PAL,514,70371,138236,ca5f5416f4c9c615,514=models\boss\headlose\pinstripeheadlose1.ctr
PAL,515,70439,138236,50410ba6b98d8069,515=models\boss\headlose\pinstripeheadlose2.ctr
PAL,516,70507,138236,4fa02c05a0f957e9,516=models\boss\headlose\pinstripehead1_FRENCH.ctr
PAL,517,70575,138236,9ed6857da6634270,517=models\boss\headlose\pinstripehead2_FRENCH.ctr
PAL,518,70643,138236,f620654cfeb484d4,518=models\boss\headlose\pinstripehead1_GERMAN.ctr
PAL,519,70711,138236,ed921a215faaccce,519=models\boss\headlose\pinstripehead2_GERMAN.ctr
PAL,520,70779,138236,9d6535d063c16b0f,520=models\boss\headlose\pinstripehead1_ITALIAN.ctr
PAL,521,70847,138236,8218156049f28513,521=models\boss\headlose\pinstripehead2_ITALIAN.ctr
PAL,522,70915,138236,51f65e1bc5c3b4e8,522=models\boss\headlose\pinstripehead1_SPANISH.ctr
PAL,523,70983,138236,b14a4a5839cc3428,523=models\boss\headlose\pinstripehead2_SPANISH.ctr
PAL,524,71051,138236,9c5525526bc77101,524=models\boss\headlose\pinstripehead1_DUTCH.ctr
PAL,525,71119,138236,19dca30b791130a3,525=models\boss\headlose\pinstripehead2_DUTCH.ctr
PAL,526,71187,216484,ab18c8c2e14db731,526=models\boss\headlose\papuheadlose1.ctr
PAL,527,71293,216484,1550450eb9efccb7,527=models\boss\headlose\papuheadlose2.ctr
PAL,528,71399,216484,ea836b2c6163e0d8,528=models\boss\headlose\papuheadlose1_FRENCH.ctr
PAL,529,71505,216484,f3a6c494c2d8696e,529=models\boss\headlose\papuheadlose2_FRENCH.ctr
PAL,530,71611,216484,97edc8184e14ec71,530=models\boss\headlose\papuheadlose1_GERMAN.ctr
PAL,531,71717,216484,b5ad8a9ada7b01b7,531=models\boss\headlose\papuheadlose2_GERMAN.ctr
PAL,532,71823,216484,c773f2aba102180c,532=models\boss\headlose\papuheadlose1_ITALIAN.ctr
PAL,533,71929,216484,2bb7b6c60b917d2e,533=models\boss\headlose\papuheadlose2_ITALIAN.ctr
PAL,534,72035,216484,2953ca9da5eb4307,534=models\boss\headlose\papuheadlose1_SPANISH.ctr
PAL,535,72141,216484,663dc3dd3deccf9f,535=models\boss\headlose\papuheadlose2_SPANISH.ctr
PAL,536,72247,218744,878fe751ce4af398,536=models\boss\headlose\papuheadlose1_DUTCH.ctr
PAL,537,72354,218744,e6e04274d9b1ef11,537=models\boss\headlose\papuheadlose2_DUTCH.ctr
PAL,538,72461,140412,50d50d3be41d0b4c,538=models\boss\headlose\noxideheadlose1.ctr
PAL,539,72530,140412,cbf2d3ff817f1157,539=models\boss\headlose\noxideheadlose2.ctr
PAL,540,72599,140412,099953b6b4f47d78,540=models\boss\headlose\noxideheadlose1_FRENCH.ctr
PAL,541,72668,140412,7b1f45080bf3bad5,541=models\boss\headlose\noxideheadlose2_FRENCH.ctr
PAL,542,72737,140412,123db07821fae493,542=models\boss\headlose\noxideheadlose1_GERMAN.ctr
PAL,543,72806,140412,ccfc7e4757e8dba3,543=models\boss\headlose\noxideheadlose2_GERMAN.ctr
PAL,544,72875,140412,7e24b58a23dd8d6c,544=models\boss\headlose\noxideheadlose1_ITALIAN.ctr
PAL,545,72944,140412,8b27eab863b58a4e,545=models\boss\headlose\noxideheadlose2_ITALIAN.ctr
PAL,546,73013,140412,d8147a8c41ec1971,546=models\boss\headlose\noxideheadlose1_SPANISH.ctr
PAL,547,73082,140412,e2fad7aa1ebe012d,547=models\boss\headlose\noxideheadlose2_SPANISH.ctr
PAL,548,73151,140412,53fc4aa92c5cd5fc,548=models\boss\headlose\noxideheadlose1_DUTCH.ctr
PAL,549,73220,140412,a31d11264c40f208,549=models\boss\headlose\noxideheadlose2_DUTCH.ctr
PAL,550,73289,40716,13da1661da46b8b5,550=models\boss\body\roobody1.ctr
PAL,551,73309,40716,9a825a8be43b56e8,551=models\boss\body\roobody2.ctr
PAL,552,73329,48668,7ffb096f0de8e565,552=models\boss\body\joebody1.ctr
PAL,553,73353,48668,9557eed87a418f2a,553=models\boss\body\joebody2.ctr
PAL,554,73377,46192,b0df4d716526470e,554=models\boss\body\pinstripebody1.ctr
PAL,555,73400,46192,d4606cb5ecb341b2,555=models\boss\body\pinstripebody2.ctr
PAL,556,73423,44388,24a77cc2c0c8be27,556=models\boss\body\papubody1.ctr
PAL,557,73445,44388,7f7762ead5912d3a,557=models\boss\body\papubody2.ctr
PAL,558,73467,50460,d91ba38865635640,558=models\boss\body\noxidebody1.ctr
PAL,559,73492,50460,9d4fa8b71ef6e0c6,559=models\boss\body\noxidebody2.ctr
PAL,560,73517,69632,19dd54d8ace191e7,560=VlcTable.bin
PAL,561,73551,4147200,a1cfe718469bc293,561=thumbs\proto8.str
PAL,562,75576,3962880,58adba79950ef851,562=thumbs\proto9.str
PAL,563,77511,4405248,8c7b2c4688ad3af2,563=thumbs\desert2.str
PAL,564,79662,3686400,b26070a3c93e85e5,564=thumbs\island1.str
PAL,565,81462,4909056,bb0b2b9e227915d8,565=thumbs\temple1.str
PAL,566,83859,4773888,fc3f75048b6955e5,566=thumbs\temple2.str
PAL,567,86190,7821312,91a8d5b98aa1f06f,567=thumbs\blimp1.str
PAL,568,90009,5431296,d2f9fd342640956a,568=thumbs\sewer1.str
PAL,569,92661,5670912,561d814b465291fa,569=thumbs\cave1.str
PAL,570,95430,6457344,f8fc75bec336d3b2,570=thumbs\castle1.str
PAL,571,98583,6733824,e7da0eea63f5e240,571=thumbs\labs1.str
PAL,572,101871,7532544,bf15a64ea942fe5f,572=thumbs\ice1.str
PAL,573,105549,9203712,864d71d375e108ac,573=thumbs\space.str
PAL,574,110043,4134912,396c9e2648c83b70,574=thumbs\coco1.str
PAL,575,112062,8742912,b5e0fca1a12df277,575=thumbs\arena2.str
PAL,576,116331,5664768,f83581930147d51c,576=thumbs\secret1.str
PAL,577,119097,6027264,49f70d80dc8f8428,577=thumbs\secret2.str
PAL,578,122040,2500608,33523ca76af4146b,578=thumbs\battle1.str
PAL,579,123261,2519040,6c16428e50503034,579=thumbs\battle2.str
PAL,580,124491,2512896,0d9b451a83d7f5c8,580=thumbs\battle3.str
PAL,581,125718,2519040,4f04ba9a970a9612,581=thumbs\battle4.str
PAL,582,126948,2519040,122afa191b4b5541,582=thumbs\battle5.str
PAL,583,128178,2519040,31cbd9461e5a1f5f,583=thumbs\battle6.str
PAL,584,129408,2519040,54a1dec4b8c78c43,584=thumbs\battle7.str
PAL,585,130638,0,,585=thumbs\null.str
PAL,586,130638,3950592,fbc00fce500af112,586=thumbs\tube1.str
PAL,587,132567,262164,e933b72cd7dde610,587=screen\title01_jpn.tim
PAL,588,132696,262164,d894cdb88f7ce908,588=screen\title01_pal.tim
PAL,589,132825,262164,3495abd86dc6e998,589=screen\title01_usa.tim
PAL,590,132954,262164,e71b51e60edebeb5,590=screen\title02_usa.tim
PAL,591,133083,262164,e71b51e60edebeb5,591=screen\title02_pal.tim
PAL,592,133212,262164,d61933773d9be3c0,592=screen\title02_jpn.tim
PAL,593,133341,458808,4719e9398d1c1aa5,593=cutscenes\intro_box\data.vrm
PAL,594,133566,671140,3118e24db78957de,594=cutscenes\intro_box\data.lev
PAL,595,133894,229432,de43963ec61fe66d,595=cutscenes\race_today\data.vrm
PAL,596,134007,328420,b71aac117fed096e,596=cutscenes\race_today\data.lev
PAL,597,134168,26456,9dac2ede167e588f,597=cutscenes\race_today\data.ptr
PAL,598,134181,229396,9a706e6809102a25,598=cutscenes\canyon_coco\data.vrm
PAL,599,134294,260592,3a76d03b1e535daf,599=cutscenes\canyon_coco\data.lev
PAL,600,134422,18588,1640c4603aa7493c,600=cutscenes\canyon_coco\data.ptr
PAL,601,134432,229432,cf88897fa5d6527d,601=cutscenes\pass_tiny\data.vrm
PAL,602,134545,353916,3d136137fe671c1f,602=cutscenes\pass_tiny\data.lev
PAL,603,134718,16596,128d553c8df89dd0,603=cutscenes\pass_tiny\data.ptr
PAL,604,134727,229396,826fd61bd5e3524e,604=cutscenes\temple_polar\data.vrm
PAL,605,134840,179668,efef1e01c0494b92,605=cutscenes\temple_polar\data.lev
PAL,606,134928,13416,ecd8fbb3dee2543e,606=cutscenes\temple_polar\data.ptr
PAL,607,134935,229432,2da76ceeed40c7d3,607=cutscenes\skyway_dingodile\data.vrm
PAL,608,135048,296584,ae3fcb9cd1ea5af6,608=cutscenes\skyway_dingodile\data.lev
PAL,609,135193,22296,3ebe396c1d6e5e2e,609=cutscenes\skyway_dingodile\data.ptr
PAL,610,135204,229396,dd94275f57e1a52b,610=cutscenes\sewer_cortex\data.vrm
PAL,611,135317,221096,89faf077aa1b5b88,611=cutscenes\sewer_cortex\data.lev
PAL,612,135425,17556,18b08fc9bd37be14,612=cutscenes\sewer_cortex\data.ptr
PAL,613,135434,229396,4d0c6ddb1f6ec100,613=cutscenes\oxide\data.vrm
PAL,614,135547,166892,5c7712b818f331be,614=cutscenes\oxide\data.lev
PAL,615,135629,12408,e6a62cac1688a33a,615=cutscenes\oxide\data.ptr
PAL,616,135636,229432,7098580dfa406752,616=cutscenes\sleeping_crash\data.vrm
PAL,617,135749,100948,a700c3ca125b330c,617=cutscenes\sleeping_crash\data.lev
PAL,618,135799,8360,eef9a6d8a82a7aa1,618=cutscenes\sleeping_crash\data.ptr
PAL,619,135804,229432,aee9309b5c885255,619=cutscenes\last_oxide_intro\data.vrm
PAL,620,135917,437192,dc35045ddd9c6afa,620=cutscenes\last_oxide_intro\data.lev
PAL,621,136131,14224,5b955ee499ae5e3e,621=cutscenes\last_oxide_intro\data.ptr
PAL,622,136138,229432,aee9309b5c885255,622=cutscenes\last_oxide_intro\data_french.vrm
PAL,623,136251,437192,8256bad8c1433eec,623=cutscenes\last_oxide_intro\data_french.lev
PAL,624,136465,14224,5b955ee499ae5e3e,624=cutscenes\last_oxide_intro\data_french.ptr
PAL,625,136472,229432,aee9309b5c885255,625=cutscenes\last_oxide_intro\data_german.vrm
PAL,626,136585,437192,1f5219778562b878,626=cutscenes\last_oxide_intro\data_german.lev
PAL,627,136799,14224,5b955ee499ae5e3e,627=cutscenes\last_oxide_intro\data_german.ptr
PAL,628,136806,229432,aee9309b5c885255,628=cutscenes\last_oxide_intro\data_italian.vrm
PAL,629,136919,439396,90184b405aebae78,629=cutscenes\last_oxide_intro\data_italian.lev
PAL,630,137134,14224,3d15cea77ff0be66,630=cutscenes\last_oxide_intro\data_italian.ptr
PAL,631,137141,229432,aee9309b5c885255,631=cutscenes\last_oxide_intro\data_spanish.vrm
PAL,632,137254,437192,521fec66d9a1f49f,632=cutscenes\last_oxide_intro\data_spanish.lev
PAL,633,137468,14224,5b955ee499ae5e3e,633=cutscenes\last_oxide_intro\data_spanish.ptr
PAL,634,137475,229432,aee9309b5c885255,634=cutscenes\last_oxide_intro\data_dutch.vrm
PAL,635,137588,437192,0c8eafb9e5b2a09e,635=cutscenes\last_oxide_intro\data_dutch.lev
PAL,636,137802,14224,5b955ee499ae5e3e,636=cutscenes\last_oxide_intro\data_dutch.ptr
PAL,637,137809,458808,873564d1748b4b99,637=cutscenes\oxide01\data.vrm
PAL,638,138034,470712,dd97a82c95d4a758,638=cutscenes\oxide01\data.lev
PAL,639,138264,458808,873564d1748b4b99,639=cutscenes\oxide01\data_french.vrm
PAL,640,138489,477912,47cf50daecd306f1,640=cutscenes\oxide01\data_french.lev
PAL,641,138723,458808,873564d1748b4b99,641=cutscenes\oxide01\data_german.vrm
PAL,642,138948,477912,1cc69deaf8bd65aa,642=cutscenes\oxide01\data_german.lev
PAL,643,139182,458808,873564d1748b4b99,643=cutscenes\oxide01\data_italian.vrm
PAL,644,139407,477912,77484aa6943ebd43,644=cutscenes\oxide01\data_italian.lev
PAL,645,139641,458808,873564d1748b4b99,645=cutscenes\oxide01\data_spanish.vrm
PAL,646,139866,477912,02ccd038748172f3,646=cutscenes\oxide01\data_spanish.lev
PAL,647,140100,458808,873564d1748b4b99,647=cutscenes\oxide01\data_dutch.vrm
PAL,648,140325,477912,76c202d22a256226,648=cutscenes\oxide01\data_dutch.lev
PAL,649,140559,458808,f5a3bff3953c6dd4,649=cutscenes\oxide02\data.vrm
PAL,650,140784,355396,f3f173ad52fcf79f,650=cutscenes\oxide02\data.lev
PAL,651,140958,458808,f5a3bff3953c6dd4,651=cutscenes\oxide02\data_french.vrm
PAL,652,141183,363336,f15e67eb40bba600,652=cutscenes\oxide02\data_french.lev
PAL,653,141361,458808,f5a3bff3953c6dd4,653=cutscenes\oxide02\data_german.vrm
PAL,654,141586,363336,93add40fd4dd0e62,654=cutscenes\oxide02\data_german.lev
PAL,655,141764,458808,f5a3bff3953c6dd4,655=cutscenes\oxide02\data_italian.vrm
PAL,656,141989,363336,d03c84b3217726ff,656=cutscenes\oxide02\data_italian.lev
PAL,657,142167,458808,f5a3bff3953c6dd4,657=cutscenes\oxide02\data_spanish.vrm
PAL,658,142392,363336,64d1d00bd5c67cf0,658=cutscenes\oxide02\data_spanish.lev
PAL,659,142570,458808,f5a3bff3953c6dd4,659=cutscenes\oxide02\data_dutch.vrm
PAL,660,142795,362056,a7335f587d78087b,660=cutscenes\oxide02\data_dutch.lev
PAL,661,142972,229432,39fc91da6926015b,661=credits\crashdance\data.vrm
PAL,662,143085,159784,567e8d990755ed4e,662=credits\crashdance\data.lev
PAL,663,143164,240,8882003aa6eb9da8,663=credits\crashdance\data.ptr
PAL,664,143165,229396,4339bd97f6142f31,664=credits\cortexdance\data.vrm
PAL,665,143278,107796,4123316932094255,665=credits\cortexdance\data.lev
PAL,666,143331,420,106d1e14d9255a83,666=credits\cortexdance\data.ptr
PAL,667,143332,229432,ed38fba60eb24c62,667=credits\tinydance\data.vrm
PAL,668,143445,95984,eff15ab408fe5735,668=credits\tinydance\data.lev
PAL,669,143492,408,4b386c8ae004f1d6,669=credits\tinydance\data.ptr
PAL,670,143493,229396,d32c3fef603074f7,670=credits\cocodance\data.vrm
PAL,671,143606,96448,5700036e87a534e0,671=credits\cocodance\data.lev
PAL,672,143654,252,a32284d62a5244e2,672=credits\cocodance\data.ptr
PAL,673,143655,229432,57afc37f8d3e2a4e,673=credits\ngindance\data.vrm
PAL,674,143768,114580,bf6693d51041ed63,674=credits\ngindance\data.lev
PAL,675,143824,320,7eb5243da5edb176,675=credits\ngindance\data.ptr
PAL,676,143825,229396,93a8320f76b0b661,676=credits\dingodance\data.vrm
PAL,677,143938,119468,3d8e0b8707a726eb,677=credits\dingodance\data.lev
PAL,678,143997,1072,4b2dc206aa2b7c77,678=credits\dingodance\data.ptr
PAL,679,143998,229432,593cc0b1a9cba43f,679=credits\polardance\data.vrm
PAL,680,144111,13676,a9b0778c2b0b690a,680=credits\polardance\data.lev
PAL,681,144118,172,66904961a809f101,681=credits\polardance\data.ptr
PAL,682,144119,229396,45a509f80b84b542,682=credits\puradance\data.vrm
PAL,683,144232,26396,a2a6c9cdc2bfe85b,683=credits\puradance\data.lev
PAL,684,144245,384,20eb445ed4f7f49e,684=credits\puradance\data.ptr
PAL,685,144246,229432,e4bb7f274e8d0192,685=credits\pinstripedance\data.vrm
PAL,686,144359,168744,3983c90036d22303,686=credits\pinstripedance\data.lev
PAL,687,144442,736,38dfab9e03151dc7,687=credits\pinstripedance\data.ptr
PAL,688,144443,229396,c6fead1e4102e250,688=credits\papudance\data.vrm
PAL,689,144556,46932,34ecdf6c1b9e9b91,689=credits\papudance\data.lev
PAL,690,144579,816,9b63226b68ee353a,690=credits\papudance\data.ptr
PAL,691,144580,229432,346c562973beaaa2,691=credits\roodance\data.vrm
PAL,692,144693,106604,fd34545c3e5db5c6,692=credits\roodance\data.lev
PAL,693,144746,608,2b268331a2fe318a,693=credits\roodance\data.ptr
PAL,694,144747,229396,062cce3bc011e474,694=credits\joedance\data.vrm
PAL,695,144860,60404,36fcdc94decc1b78,695=credits\joedance\data.lev
PAL,696,144890,480,69f373c56bc0ea9d,696=credits\joedance\data.ptr
PAL,697,144891,229432,c9caa5e36585fd7d,697=credits\ntropydance\data.vrm
PAL,698,145004,123520,1c0c757a9ded481c,698=credits\ntropydance\data.lev
PAL,699,145065,1100,cfdf7422c749da8a,699=credits\ntropydance\data.ptr
PAL,700,145066,229396,93a4589f111467d6,700=credits\pendance\data.vrm
PAL,701,145179,34924,1846435ce2248a4d,701=credits\pendance\data.lev
PAL,702,145197,352,b5ce0bc2fa71bdb9,702=credits\pendance\data.ptr
PAL,703,145198,229432,8b71a246ef25f1c6,703=credits\fakedance\data.vrm
PAL,704,145311,134100,e4c11d09cb4bb226,704=credits\fakedance\data.lev
PAL,705,145377,224,a3a75271a04fdb93,705=credits\fakedance\data.ptr
PAL,706,145378,229396,530a340849cf1595,706=credits\oxidelose\data.vrm
PAL,707,145491,186372,a46f3c247b4b5d20,707=credits\oxidelose\data.lev
PAL,708,145583,516,7a66268804b7563e,708=credits\oxidelose\data.ptr
PAL,709,145584,229432,3e38f4f3675d2876,709=credits\tawna1dance\data.vrm
PAL,710,145697,76700,c3dfe9a00a29d7b5,710=credits\tawna1dance\data.lev
PAL,711,145735,656,2b19ff49854c028e,711=credits\tawna1dance\data.ptr
PAL,712,145736,229396,ca84a40eb8c582ad,712=credits\tawna2dance\data.vrm
PAL,713,145849,82280,5088f665c54230f2,713=credits\tawna2dance\data.lev
PAL,714,145890,760,f7c76d727ae6aef0,714=credits\tawna2dance\data.ptr
PAL,715,145891,229432,0a53013aa916b4c7,715=credits\tawna3dance\data.vrm
PAL,716,146004,84544,733a3eba96810777,716=credits\tawna3dance\data.lev
PAL,717,146046,736,27bb04e1f02638cd,717=credits\tawna3dance\data.ptr
PAL,718,146047,229396,7cf7997fed9ae3ce,718=credits\tawna4dance\data.vrm
PAL,719,146160,82832,75efe6872cb6cfca,719=credits\tawna4dance\data.lev
PAL,720,146201,732,bd9f67742dc3aba0,720=credits\tawna4dance\data.ptr
PAL,721,146202,458808,eaa0bd9f5819c637,721=null.vrm
PAL,722,146427,840,396a1d73b7083745,722=null.lev
US,0,3,458808,528fef370e9be46b,000=levels\tracks\proto8\1P\data.vrm
US,1,228,551532,219e78dea4bd36ca,001=levels\tracks\proto8\1P\data.lev
US,2,498,458808,7b87f8b9ce61aa40,002=levels\tracks\proto8\2P\data.vrm
US,3,723,517820,83c178688f45c46a,003=levels\tracks\proto8\2P\data.lev
US,4,976,458808,920b822b193757ac,004=levels\tracks\proto8\4P\data.vrm
US,5,1201,439172,5789921389ac1b16,005=levels\tracks\proto8\4P\data.lev
US,6,1416,458808,984996f56e6b671c,006=levels\tracks\proto8\relic\data.vrm
US,7,1641,576392,eb763c5532d1c877,007=levels\tracks\proto8\relic\data.lev
US,8,1923,458808,7a4135ec187fe27a,008=levels\tracks\proto9\1P\data.vrm
US,9,2148,699128,d7b6f986e34e9ad6,009=levels\tracks\proto9\1P\data.lev
US,10,2490,458808,72a064f56f1608dc,010=levels\tracks\proto9\2P\data.vrm
US,11,2715,699916,4fbb775b9ed87196,011=levels\tracks\proto9\2P\data.lev
US,12,3057,458808,fcca5db76f27893c,012=levels\tracks\proto9\4P\data.vrm
US,13,3282,393668,ce64b0d1394085b8,013=levels\tracks\proto9\4P\data.lev
US,14,3475,458808,1461a83d8b029eca,014=levels\tracks\proto9\relic\data.vrm
US,15,3700,718940,d9af537d77486b56,015=levels\tracks\proto9\relic\data.lev
US,16,4052,458808,e83d84ede18b954b,016=levels\tracks\desert2\1P\data.vrm
US,17,4277,716656,d0ff81610e70b3b6,017=levels\tracks\desert2\1P\data.lev
US,18,4627,458808,7a27aee457d8e72e,018=levels\tracks\desert2\2P\data.vrm
US,19,4852,692964,cbf6aabc03803c1f,019=levels\tracks\desert2\2P\data.lev
US,20,5191,458808,e8e58721f3eab687,020=levels\tracks\desert2\4P\data.vrm
US,21,5416,470672,d171ae4d0803e450,021=levels\tracks\desert2\4P\data.lev
US,22,5646,458808,211e29bf0cb024bf,022=levels\tracks\desert2\relic\data.vrm
US,23,5871,743072,1e09453df75ffab8,023=levels\tracks\desert2\relic\data.lev
US,24,6234,458808,f11010f8feb5420a,024=levels\tracks\island1\1P\data.vrm
US,25,6459,766928,51be850f14009ac2,025=levels\tracks\island1\1P\data.lev
US,26,6834,458808,9f6da16c2dc83ee2,026=levels\tracks\island1\2P\data.vrm
US,27,7059,753368,fbc0f55ec5e14f5e,027=levels\tracks\island1\2P\data.lev
US,28,7427,458808,1851ba381c17d308,028=levels\tracks\island1\4P\data.vrm
US,29,7652,620764,2b8e1772786547e1,029=levels\tracks\island1\4P\data.lev
US,30,7956,458808,5b488b0a3156d8a1,030=levels\tracks\island1\relic\data.vrm
US,31,8181,792092,2580d5a3f108b56f,031=levels\tracks\island1\relic\data.lev
US,32,8568,458808,27f3ba326c48abf8,032=levels\tracks\temple1\1P\data.vrm
US,33,8793,726684,6cd2d50da4aef244,033=levels\tracks\temple1\1P\data.lev
US,34,9148,458808,7018724384dcac4b,034=levels\tracks\temple1\2P\data.vrm
US,35,9373,707740,4a983db7d9f490e8,035=levels\tracks\temple1\2P\data.lev
US,36,9719,458808,d6b6dfacb81ca59d,036=levels\tracks\temple1\4P\data.vrm
US,37,9944,584976,0ba232b424febd91,037=levels\tracks\temple1\4P\data.lev
US,38,10230,458808,928f666d1de17f68,038=levels\tracks\temple1\relic\data.vrm
US,39,10455,763672,d442d2519c4c515d,039=levels\tracks\temple1\relic\data.lev
US,40,10828,458808,27bb40ae418bc16c,040=levels\tracks\temple2\1P\data.vrm
US,41,11053,719768,370fbcbfbd73f3f8,041=levels\tracks\temple2\1P\data.lev
US,42,11405,458808,acc0087d00e8382f,042=levels\tracks\temple2\2P\data.vrm
US,43,11630,707716,eeab31eda003050f,043=levels\tracks\temple2\2P\data.lev
US,44,11976,458808,bb5be14213362231,044=levels\tracks\temple2\4P\data.vrm
US,45,12201,678992,435d62ceb373ee7d,045=levels\tracks\temple2\4P\data.lev
US,46,12533,458808,1b3fefbe8ec1b2de,046=levels\tracks\temple2\relic\data.vrm
US,47,12758,762240,7f0d48d7525e8cd0,047=levels\tracks\temple2\relic\data.lev
US,48,13131,458808,3ca869238b141834,048=levels\tracks\tube1\1P\data.vrm
US,49,13356,617160,02ee22100b1c6c71,049=levels\tracks\tube1\1P\data.lev
US,50,13658,458808,fc81059c21ba9ce4,050=levels\tracks\tube1\2P\data.vrm
US,51,13883,606512,ecf554e27a63b91c,051=levels\tracks\tube1\2P\data.lev
US,52,14180,458808,e2d0ead731bb95dc,052=levels\tracks\tube1\4P\data.vrm
US,53,14405,529944,02533906f0b7c5a3,053=levels\tracks\tube1\4P\data.lev
US,54,14664,458808,829524e4047a378f,054=levels\tracks\tube1\relic\data.vrm
US,55,14889,636968,70e14e6e396a4037,055=levels\tracks\tube1\relic\data.lev
US,56,15201,458808,46994195578ddc73,056=levels\tracks\blimp1\1P\data.vrm
US,57,15426,765284,dc7e30a90a839b0f,057=levels\tracks\blimp1\1P\data.lev
US,58,15800,458808,1dc2743c3e453d8e,058=levels\tracks\blimp1\2P\data.vrm
US,59,16025,731984,45a4392a829c2e56,059=levels\tracks\blimp1\2P\data.lev
US,60,16383,458808,5d855b701f3d5c3f,060=levels\tracks\blimp1\4P\data.vrm
US,61,16608,559008,bd49911d84f60032,061=levels\tracks\blimp1\4P\data.lev
US,62,16881,458808,0e0d1c71a2fce22e,062=levels\tracks\blimp1\relic\data.vrm
US,63,17106,762836,e5cccec0085155b5,063=levels\tracks\blimp1\relic\data.lev
US,64,17479,458808,e6d5621537295609,064=levels\tracks\sewer1\1P\data.vrm
US,65,17704,651032,97135a87841bee48,065=levels\tracks\sewer1\1P\data.lev
US,66,18022,458808,9c6a9c1083c850d4,066=levels\tracks\sewer1\2P\data.vrm
US,67,18247,653220,98ff2375e67dbbcd,067=levels\tracks\sewer1\2P\data.lev
US,68,18566,458808,8f0afa5e86011440,068=levels\tracks\sewer1\4P\data.vrm
US,69,18791,609120,0d1637a523e81d59,069=levels\tracks\sewer1\4P\data.lev
US,70,19089,458808,c99be5c1cfba7668,070=levels\tracks\sewer1\relic\data.vrm
US,71,19314,691316,93bfdbfd214f0507,071=levels\tracks\sewer1\relic\data.lev
US,72,19652,458808,14c4ad538e5a0352,072=levels\tracks\cave1\1P\data.vrm
US,73,19877,777852,0ed13e17056be0b1,073=levels\tracks\cave1\1P\data.lev
US,74,20257,458808,1652571bdd5bfc34,074=levels\tracks\cave1\2P\data.vrm
US,75,20482,787448,4c784283cbd086f4,075=levels\tracks\cave1\2P\data.lev
US,76,20867,458808,e660f5911e7c3cdd,076=levels\tracks\cave1\4P\data.vrm
US,77,21092,599132,e108f51419c39120,077=levels\tracks\cave1\4P\data.lev
US,78,21385,458808,bfcd5a9119d51d4e,078=levels\tracks\cave1\relic\data.vrm
US,79,21610,795264,e7a2813b179df293,079=levels\tracks\cave1\relic\data.lev
US,80,21999,458808,7c7ef0ea2b9344b0,080=levels\tracks\castle1\1P\data.vrm
US,81,22224,746804,08d7d55296577b51,081=levels\tracks\castle1\1P\data.lev
US,82,22589,458808,3da15f93caa6ecce,082=levels\tracks\castle1\2P\data.vrm
US,83,22814,733976,b08fe3acea72599a,083=levels\tracks\castle1\2P\data.lev
US,84,23173,458808,1ed57052c786d17f,084=levels\tracks\castle1\4P\data.vrm
US,85,23398,667452,3a67dee00139f68b,085=levels\tracks\castle1\4P\data.lev
US,86,23724,458808,c25a8f26cb35cc7d,086=levels\tracks\castle1\relic\data.vrm
US,87,23949,768324,b38ce737e95fcaae,087=levels\tracks\castle1\relic\data.lev
US,88,24325,458808,e994a27d839623a6,088=levels\tracks\labs1\1P\data.vrm
US,89,24550,764220,86637c8cdab242c2,089=levels\tracks\labs1\1P\data.lev
US,90,24924,458808,54c8b8076534ad79,090=levels\tracks\labs1\2P\data.vrm
US,91,25149,770344,fd10d689e64cf215,091=levels\tracks\labs1\2P\data.lev
US,92,25526,458808,28ce37f0ed3f62f7,092=levels\tracks\labs1\4P\data.vrm
US,93,25751,570340,f3467dc4a1598df4,093=levels\tracks\labs1\4P\data.lev
US,94,26030,458808,bc9805b61614529c,094=levels\tracks\labs1\relic\data.vrm
US,95,26255,792352,d391f15cb895ff95,095=levels\tracks\labs1\relic\data.lev
US,96,26642,458808,8f22243285c70515,096=levels\tracks\ice1\1P\data.vrm
US,97,26867,780008,68e914a746e12612,097=levels\tracks\ice1\1P\data.lev
US,98,27248,458808,a045c151f7ff40d7,098=levels\tracks\ice1\2P\data.vrm
US,99,27473,779952,f078721ed9d8fcd3,099=levels\tracks\ice1\2P\data.lev
US,100,27854,458808,36b9536402f8771e,100=levels\tracks\ice1\4P\data.vrm
US,101,28079,710796,7748df06e2534984,101=levels\tracks\ice1\4P\data.lev
US,102,28427,458808,01a9ecf6c305d372,102=levels\tracks\ice1\relic\data.vrm
US,103,28652,795792,554ae9c97c94f267,103=levels\tracks\ice1\relic\data.lev
US,104,29041,458808,40574fd441295884,104=levels\tracks\space\1P\data.vrm
US,105,29266,769200,77f9b19846b2dcfd,105=levels\tracks\space\1P\data.lev
US,106,29642,458808,9538ca1d59f29eda,106=levels\tracks\space\2P\data.vrm
US,107,29867,771868,58837522022aaf9d,107=levels\tracks\space\2P\data.lev
US,108,30244,458808,bfdd3912fd83d69f,108=levels\tracks\space\4P\data.vrm
US,109,30469,757172,789248aa439ef162,109=levels\tracks\space\4P\data.lev
US,110,30839,458808,d2c6f136ad1fdf48,110=levels\tracks\space\relic\data.vrm
US,111,31064,791096,4b216969350d9575,111=levels\tracks\space\relic\data.lev
US,112,31451,458808,4acdbbd9a315c28d,112=levels\tracks\coco1\1P\data.vrm
US,113,31676,537828,922e07b4921e3cda,113=levels\tracks\coco1\1P\data.lev
US,114,31939,458808,6628a9eb25b78c06,114=levels\tracks\coco1\2P\data.vrm
US,115,32164,517972,86412d88b5bc0d0f,115=levels\tracks\coco1\2P\data.lev
US,116,32417,458808,24ddd43edab469c2,116=levels\tracks\coco1\4P\data.vrm
US,117,32642,413068,d8a1e1137268ab27,117=levels\tracks\coco1\4P\data.lev
US,118,32844,458808,f390cad4d02dbfa7,118=levels\tracks\coco1\relic\data.vrm
US,119,33069,570300,190a33ff83fcc980,119=levels\tracks\coco1\relic\data.lev
US,120,33348,458808,104e0183dbefb0f4,120=levels\tracks\arena2\1P\data.vrm
US,121,33573,732332,ef774ae4ad628c43,121=levels\tracks\arena2\1P\data.lev
US,122,33931,458808,02977d0b7171716f,122=levels\tracks\arena2\2P\data.vrm
US,123,34156,726424,c5d8291f641dde2d,123=levels\tracks\arena2\2P\data.lev
US,124,34511,458808,ea0fe8b2571151fd,124=levels\tracks\arena2\4P\data.vrm
US,125,34736,677780,e122f1970390896b,125=levels\tracks\arena2\4P\data.lev
US,126,35067,458808,9428465f8c525f8c,126=levels\tracks\arena2\relic\data.vrm
US,127,35292,782116,29295d2a3b31c573,127=levels\tracks\arena2\relic\data.lev
US,128,35674,458808,7a3af2acd2e7549b,128=levels\tracks\secret1\1P\data.vrm
US,129,35899,686608,226e4b206879b434,129=levels\tracks\secret1\1P\data.lev
US,130,36235,458808,3c88fc42e1ae3fda,130=levels\tracks\secret1\2P\data.vrm
US,131,36460,681308,521e5737c4aa69c3,131=levels\tracks\secret1\2P\data.lev
US,132,36793,458808,1077ef15346ca944,132=levels\tracks\secret1\4P\data.vrm
US,133,37018,631628,9609920416d787ee,133=levels\tracks\secret1\4P\data.lev
US,134,37327,458808,c8a12bb052bd703b,134=levels\tracks\secret1\relic\data.vrm
US,135,37552,734660,ca6b6f64e9af6397,135=levels\tracks\secret1\relic\data.lev
US,136,37911,458808,24134911600562cb,136=levels\tracks\secret2\1P\data.vrm
US,137,38136,763340,7aa34bd5c4820f5b,137=levels\tracks\secret2\1P\data.lev
US,138,38509,458808,0cde9f3adcf2b615,138=levels\tracks\secret2\2P\data.vrm
US,139,38734,758520,6fcc8f82cc239da1,139=levels\tracks\secret2\2P\data.lev
US,140,39105,458808,10f8b151a30bfbf7,140=levels\tracks\secret2\4P\data.vrm
US,141,39330,698776,3f6461837bb2a7a7,141=levels\tracks\secret2\4P\data.lev
US,142,39672,458808,1d70e5c769f92010,142=levels\tracks\secret2\relic\data.vrm
US,143,39897,828116,ee7b03351df47d9d,143=levels\tracks\secret2\relic\data.lev
US,144,40302,458808,e8dc08be25a70484,144=levels\battle\nitro_court\1\data.vrm
US,145,40527,438772,ab1803b138f37006,145=levels\battle\nitro_court\1\data.lev
US,146,40742,458808,3b63c68e5e596876,146=levels\battle\nitro_court\2\data.vrm
US,147,40967,424200,ac468527deb74b58,147=levels\battle\nitro_court\2\data.lev
US,148,41175,458808,f4ab9bde432a349f,148=levels\battle\nitro_court\3\data.vrm
US,149,41400,424624,b1a88d0c95c0cda5,149=levels\battle\nitro_court\3\data.lev
US,150,41608,458808,8996ae214dcf392a,150=levels\battle\nitro_court\4\data.vrm
US,151,41833,396148,20aada9c9279b5f3,151=levels\battle\nitro_court\4\data.lev
US,152,42027,458808,144b2230c6029fae,152=levels\battle\rampage_ruins\1\data.vrm
US,153,42252,323488,acbfa7aef35ec9f4,153=levels\battle\rampage_ruins\1\data.lev
US,154,42410,458808,15520686de7d8d0e,154=levels\battle\rampage_ruins\2\data.vrm
US,155,42635,307092,1ff491758861bb8c,155=levels\battle\rampage_ruins\2\data.lev
US,156,42785,458808,6a9a1e8c916ff457,156=levels\battle\rampage_ruins\3\data.vrm
US,157,43010,296184,13b6a6f06290a817,157=levels\battle\rampage_ruins\3\data.lev
US,158,43155,458808,4b6be21027cfabb9,158=levels\battle\rampage_ruins\4\data.vrm
US,159,43380,308664,1b14be559105f09d,159=levels\battle\rampage_ruins\4\data.lev
US,160,43531,458808,835f72b8680c774f,160=levels\battle\parking_lot\1\data.vrm
US,161,43756,269532,1a8cacdfb797eeb1,161=levels\battle\parking_lot\1\data.lev
US,162,43888,458808,02aad565bb0d7409,162=levels\battle\parking_lot\2\data.vrm
US,163,44113,254772,8f0bff510b5b159a,163=levels\battle\parking_lot\2\data.lev
US,164,44238,458808,83789b158301c61d,164=levels\battle\parking_lot\3\data.vrm
US,165,44463,218296,7f4964b352632bfb,165=levels\battle\parking_lot\3\data.lev
US,166,44570,458808,359902d4becdd78c,166=levels\battle\parking_lot\4\data.vrm
US,167,44795,238864,c343eac4fdd3ab33,167=levels\battle\parking_lot\4\data.lev
US,168,44912,458808,05fd038c33e9007a,168=levels\battle\skull_rock\1\data.vrm
US,169,45137,307676,b20373079a4ab8e2,169=levels\battle\skull_rock\1\data.lev
US,170,45288,458808,44b40899810676b4,170=levels\battle\skull_rock\2\data.vrm
US,171,45513,298224,686772ee5556ab1f,171=levels\battle\skull_rock\2\data.lev
US,172,45659,458808,6ee56e78204974f3,172=levels\battle\skull_rock\3\data.vrm
US,173,45884,283560,9b6c4999f54314fe,173=levels\battle\skull_rock\3\data.lev
US,174,46023,458808,47bfa14a90f61e6a,174=levels\battle\skull_rock\4\data.vrm
US,175,46248,293732,ed3f150c30773271,175=levels\battle\skull_rock\4\data.lev
US,176,46392,458808,a0ef74582e09095c,176=levels\battle\north_bowl\1\data.vrm
US,177,46617,238572,7351f33ac9b67cdd,177=levels\battle\north_bowl\1\data.lev
US,178,46734,458808,9be9b1f4b8a3d614,178=levels\battle\north_bowl\2\data.vrm
US,179,46959,227360,43d0aff9a61a5458,179=levels\battle\north_bowl\2\data.lev
US,180,47071,458808,8cb7164b741bd3b1,180=levels\battle\north_bowl\3\data.vrm
US,181,47296,227040,f1feda78ce3c21dc,181=levels\battle\north_bowl\3\data.lev
US,182,47407,458808,d954d0768ea9c354,182=levels\battle\north_bowl\4\data.vrm
US,183,47632,218344,564d4a8785606a5f,183=levels\battle\north_bowl\4\data.lev
US,184,47739,458808,4384060c9c746002,184=levels\battle\rocky_road\1\data.vrm
US,185,47964,293400,e7ba01bad21c53b2,185=levels\battle\rocky_road\1\data.lev
US,186,48108,458808,dba06c216160f766,186=levels\battle\rocky_road\2\data.vrm
US,187,48333,277260,36d7e33e7855ec91,187=levels\battle\rocky_road\2\data.lev
US,188,48469,458808,629e63be03208dc4,188=levels\battle\rocky_road\3\data.vrm
US,189,48694,276220,54ff8e49d4f34e9c,189=levels\battle\rocky_road\3\data.lev
US,190,48829,458808,305dfc1bd1ccdb4d,190=levels\battle\rocky_road\4\data.vrm
US,191,49054,277440,22a13e4594abb27b,191=levels\battle\rocky_road\4\data.lev
US,192,49190,458808,6939ebbd3ede7280,192=levels\battle\lab_basement\1\data.vrm
US,193,49415,240192,315ee5386f36e4e9,193=levels\battle\lab_basement\1\data.lev
US,194,49533,458808,51ecaa32e3fd35ba,194=levels\battle\lab_basement\2\data.vrm
US,195,49758,244636,694dc24cb35ca19d,195=levels\battle\lab_basement\2\data.lev
US,196,49878,458808,57bfa8ba1954cc4e,196=levels\battle\lab_basement\3\data.vrm
US,197,50103,226568,a69fa08f85e7552f,197=levels\battle\lab_basement\3\data.lev
US,198,50214,458808,5823bd3d935affaf,198=levels\battle\lab_basement\4\data.vrm
US,199,50439,227768,d67a36c05cb367bb,199=levels\battle\lab_basement\4\data.lev
US,200,50551,229432,af49fbb1159cd098,200=levels\adventure\gem_valley\data.vrm
US,201,50664,421168,5584b2df16e56ac2,201=levels\adventure\gem_valley\data.lev
US,202,50870,48032,9eb32922a4220e3b,202=levels\adventure\gem_valley\data.ptr
US,203,50894,229396,a400f4c39f78d085,203=levels\adventure\nsanity_beach\data.vrm
US,204,51007,403400,03a2b36e09cd5f6a,204=levels\adventure\nsanity_beach\data.lev
US,205,51204,45072,341734b787a35a79,205=levels\adventure\nsanity_beach\data.ptr
US,206,51227,229396,c4dd4328ab68ffaa,206=levels\adventure\lost_ruins\data.vrm
US,207,51340,426012,a90a4a59137db41f,207=levels\adventure\lost_ruins\data.lev
US,208,51549,47268,c02479a97fd65918,208=levels\adventure\lost_ruins\data.ptr
US,209,51573,229432,7163e02c628e8bae,209=levels\adventure\glacier_park\data.vrm
US,210,51686,406936,65c22f6fcf151635,210=levels\adventure\glacier_park\data.lev
US,211,51885,45492,da0edcf319fe73fd,211=levels\adventure\glacier_park\data.ptr
US,212,51908,229396,ed99ffb91babd9b1,212=levels\adventure\citadel_city\data.vrm
US,213,52021,426332,dc5b9cc8576d765b,213=levels\adventure\citadel_city\data.lev
US,214,52230,44096,df09abe6facd5cae,214=levels\adventure\citadel_city\data.ptr
US,215,52252,458808,e547518ee2a0c586,215=levels\menu_models\data.vrm
US,216,52477,495716,c55144eff0ed7272,216=levels\menu_models\data.lev
US,217,52720,458808,6f86c7ca532ce25a,217=levels\adv_player_select\data.vrm
US,218,52945,896180,782cba76f63fef22,218=levels\adv_player_select\data.lev
US,219,53383,32788,638ab86c6c89c3db,219=packs\jpnfont.vrm
US,220,53400,9568,72b299582386c6c0,220=packs\jpnfont.mpk
US,221,53405,1328,bcb216a32ace63aa,221=overlays\221_EndRaceMenu_CrystalChallenge.bin
US,222,53406,5300,91c180a5708bebe7,222=overlays\222_EndRaceMenu_ArcadeAdventure.bin
US,223,53409,5564,72ef5bbadeae066f,223=overlays\223_EndRaceMenu_Relic.bin
US,224,53412,3544,40be4e8f753fc935,224=overlays\224_EndRaceMenu_TimeTrial.bin
US,225,53414,2828,bbaec5eefd9233d6,225=overlays\225_EndRaceMenu_BattleVS.bin
US,226,53416,44216,ce2729438334fc79,226=overlays\226_Quadblock_1P.bin
US,227,53438,44344,02a08621eaa6df5f,227=overlays\227_Quadblock_2P.bin
US,228,53460,34208,013f37e8d6721f99,228=overlays\228_Quadblock_3P.bin
US,229,53477,34388,e9b24c195c9cb4c7,229=overlays\229_Quadblock_4P.bin
US,230,53494,44612,bb3a476b4c6b1b48,230=overlays\230_Threads_MainMenu.bin
US,231,53516,60248,df367b8b00b30122,231=overlays\231_Threads_Racing.bin
US,232,53546,40068,1a8aad6fa61d3e1d,232=overlays\232_Threads_AdvHub.bin
US,233,53566,56844,1e288e6a74305d85,233=overlays\233_Threads_Cutscene.bin
US,234,53594,11960,daabbf418ddda73d,234=lang\ja.lng
US,235,53600,14428,30782bda64b60e92,235=lang\en.lng
US,236,53608,14412,4e83e7875d356e19,236=lang\uk.lng
US,237,53616,15432,abc096e4c53c2645,237=lang\fr.lng
US,238,53624,15324,9bccfa68062dcfca,238=lang\de.lng
US,239,53632,15932,d0fa9adf2dc974bb,239=lang\it.lng
US,240,53640,15608,fa8364696b9722de,240=lang\es.lng
US,241,53648,14940,a08c342493d6db09,241=lang\ne.lng
US,242,53656,24064,28f3a5f0d08c422a,242=models\racers\hi\crash.ctr
US,243,53668,22392,dc6c0618642b020e,243=models\racers\hi\cortex.ctr
US,244,53679,20576,6164d66d18f6f3e8,244=models\racers\hi\tiny.ctr
US,245,53690,18236,591318ba68a36b7f,245=models\racers\hi\coco.ctr
US,246,53699,20540,44534847e626ed78,246=models\racers\hi\ngin.ctr
US,247,53710,24496,357916a3561048a5,247=models\racers\hi\dingo.ctr
US,248,53722,15436,44d605c533225e5e,248=models\racers\hi\polar.ctr
US,249,53730,23652,7e55b4bfd6179cca,249=models\racers\hi\pura.ctr
US,250,53742,21164,62b8fb8e0757b6cb,250=models\racers\hi\pinstripe.ctr
US,251,53753,17228,4f87195f1094f976,251=models\racers\hi\papu.ctr
US,252,53762,18248,6b50ffb99fb5f098,252=models\racers\hi\roo.ctr
US,253,53771,23344,f2daa4515b67ba1e,253=models\racers\hi\joe.ctr
US,254,53783,20472,df33f9b9d0d1651e,254=models\racers\hi\ntropy.ctr
US,255,53793,13668,56f1af8e6cf34353,255=models\racers\hi\pen.ctr
US,256,53800,21688,4d0af226d7996b82,256=models\racers\hi\fake.ctr
US,257,53811,41872,452b5a77f3ff9670,257=models\racers\hi\oxide.ctr
US,258,53832,114744,616a25b970b1f748,258=packs\shared.vrm
US,259,53889,309288,0e324dce225ea494,259=packs\shared.mpk
US,260,54041,295456,9c9e5e9f630be82b,260=packs\1P_arcade\crash.mpk
US,261,54186,297500,e94f6ad16a18d926,261=packs\1P_arcade\cortex.mpk
US,262,54332,295400,2ebbceac14da11a7,262=packs\1P_arcade\tiny.mpk
US,263,54477,297040,6fe096a587a82940,263=packs\1P_arcade\coco.mpk
US,264,54623,295892,1ad420d49b558c22,264=packs\1P_arcade\ngin.mpk
US,265,54768,295852,81e742cc14b668e7,265=packs\1P_arcade\dingo.mpk
US,266,54913,297076,eb65841e602e53b3,266=packs\1P_arcade\polar.mpk
US,267,55059,296636,487f0d99f8b92c0a,267=packs\1P_arcade\pura.mpk
US,268,55204,294148,a5cba84ee2153828,268=packs\1P_arcade\pinstripe.mpk
US,269,55348,290212,64a777a966367148,269=packs\1P_arcade\papu.mpk
US,270,55490,291232,aaf4cf7d109d0311,270=packs\1P_arcade\roo.mpk
US,271,55633,296328,4d1e3f8fed005a39,271=packs\1P_arcade\joe.mpk
US,272,55778,293456,c6c59fbc88499264,272=packs\1P_arcade\ntropy.mpk
US,273,55922,286652,2236c432b2e5672f,273=packs\1P_arcade\pen.mpk
US,274,56062,294672,99b4112ae3fd0d59,274=packs\1P_arcade\fake.mpk
US,275,56206,314856,c2e4bbbb523a635a,275=packs\1P_arcade\oxide.mpk
US,276,56360,75476,f169d7104cda9781,276=packs\1P_adventure\crash.mpk
US,277,56397,73804,b23e91bcd55b43e8,277=packs\1P_adventure\cortex.mpk
US,278,56434,71988,0a65db340baa4c4e,278=packs\1P_adventure\tiny.mpk
US,279,56470,69648,13cedcfeb6d6d0c1,279=packs\1P_adventure\coco.mpk
US,280,56505,71952,d79a1f11d29c8e30,280=packs\1P_adventure\ngin.mpk
US,281,56541,75908,3576e41496bed10a,281=packs\1P_adventure\dingo.mpk
US,282,56579,66848,34b66b7b63da64d2,282=packs\1P_adventure\polar.mpk
US,283,56612,75064,509fbcde94ff0d70,283=packs\1P_adventure\pura.mpk
US,284,56649,72576,f504488416e010dd,284=packs\1P_adventure\pinstripe.mpk
US,285,56685,68640,0662069b1eaeee7e,285=packs\1P_adventure\papu.mpk
US,286,56719,69660,4eb4b5123cc303e0,286=packs\1P_adventure\roo.mpk
US,287,56754,74756,8aee91929321d116,287=packs\1P_adventure\joe.mpk
US,288,56791,71884,e2892d688f16aab0,288=packs\1P_adventure\ntropy.mpk
US,289,56827,65080,740b1d45e0981e98,289=packs\1P_adventure\pen.mpk
US,290,56859,73100,0bba208b7012038e,290=packs\1P_adventure\fake.mpk
US,291,56895,93284,84e183d2bb543902,291=packs\1P_adventure\oxide.mpk
US,292,56941,184244,0cb7cbc19f84e73e,292=packs\1P_timetrial\crash.mpk
US,293,57031,180528,f0299457180a178f,293=packs\1P_timetrial\cortex.mpk
US,294,57120,180812,2c11422e2001f881,294=packs\1P_timetrial\tiny.mpk
US,295,57209,176832,496d78a5c7773da0,295=packs\1P_timetrial\coco.mpk
US,296,57296,180284,1bf777c645462ef3,296=packs\1P_timetrial\ngin.mpk
US,297,57385,184280,f58a76775fefe6e7,297=packs\1P_timetrial\dingo.mpk
US,298,57475,173996,1c16899ad6ab924b,298=packs\1P_timetrial\polar.mpk
US,299,57560,182652,8218d67045644799,299=packs\1P_timetrial\pura.mpk
US,300,57650,180944,0527757dc680a1ad,300=packs\1P_timetrial\pinstripe.mpk
US,301,57739,177400,c34ad7d3da113beb,301=packs\1P_timetrial\papu.mpk
US,302,57826,176880,622d3a2142484675,302=packs\1P_timetrial\roo.mpk
US,303,57913,183220,1261ffa3c9ee88ee,303=packs\1P_timetrial\joe.mpk
US,304,58003,154476,f59ca60dda81fd00,304=packs\1P_timetrial\ntropy.mpk
US,305,58079,173476,84eeec8affcf70ac,305=packs\1P_timetrial\pen.mpk
US,306,58164,183188,70c720ad129b6f94,306=packs\1P_timetrial\fake.mpk
US,307,58254,154476,2b7c5c6e4a5b484c,307=packs\1P_timetrial\oxide.mpk
US,308,58330,31244,8ba73ea5a6568cbc,308=models\racers\med\crash.ctr
US,309,58346,28356,e63897e372075b12,309=models\racers\med\cortex.ctr
US,310,58360,24928,b88cd437d20534c3,310=models\racers\med\tiny.ctr
US,311,58373,21784,b12c7ed2908659b2,311=models\racers\med\coco.ctr
US,312,58384,26476,136a078c91cf19b1,312=models\racers\med\ngin.ctr
US,313,58397,29616,d88c223a665096ce,313=models\racers\med\dingo.ctr
US,314,58412,20036,d16c2a97737f1730,314=models\racers\med\polar.ctr
US,315,58422,29168,e7540b29ebab11ec,315=models\racers\med\pura.ctr
US,316,58437,26004,215f418f183a0b7e,316=models\racers\med\pinstripe.ctr
US,317,58450,22848,76531f3b395d03b8,317=models\racers\med\papu.ctr
US,318,58462,23340,27eab2f0c0374b0e,318=models\racers\med\roo.ctr
US,319,58474,29264,d9e1da3023167cf2,319=models\racers\med\joe.ctr
US,320,58489,27128,f0f2ed66c64d8dce,320=models\racers\med\ntropy.ctr
US,321,58503,21260,96aabc71762b0c22,321=models\racers\med\pen.ctr
US,322,58514,32444,2ba2e68029150f2f,322=models\racers\med\fake.ctr
US,323,58530,58832,952ac0a224ef0e4e,323=models\racers\med\oxide.ctr
US,324,58559,138364,4aa5a50ba8d86920,324=packs\2P\bots1.mpk	# coco; ngin; polar; tiny
US,325,58627,141696,8b0679439c4d8450,325=packs\2P\bots2.mpk	# coco; crash; dingo; polar
US,326,58697,141936,21fad8b6cead2239,326=packs\2P\bots3.mpk	# cortex; crash; polar; tiny
US,327,58767,142896,81a3636c26f503e9,327=packs\2P\bots4.mpk	# crash; ngin; polar; pura
US,328,58837,142588,faa254e4c8e31bd0,328=packs\2P\bots5.mpk	# coco; cortex; dingo; tiny
US,329,58907,143548,04646d30f6a81178,329=packs\2P\bots6.mpk	# coco; dingo; ngin; pura
US,330,58978,143788,ea9e0adafdf79ec0,330=packs\2P\bots7.mpk	# cortex; ngin; pura; tiny
US,331,59049,142064,f7860efbb380e41b,331=packs\gem_bosses.mpk	#roo; papu; pin; joe
US,332,59119,14464,2d4a0f01c5375c00,332=models\racers\low\crash.ctr
US,333,59127,13980,81b524f993200510,333=models\racers\low\cortex.ctr
US,334,59134,10912,78afff005287b344,334=models\racers\low\tiny.ctr
US,335,59140,10164,7c10d4fe5887bcc9,335=models\racers\low\coco.ctr
US,336,59145,13752,a85aa5ec4e33c332,336=models\racers\low\ngin.ctr
US,337,59152,13932,d5a76d39d2498f79,337=models\racers\low\dingo.ctr
US,338,59159,10740,6510c6a05abc983b,338=models\racers\low\polar.ctr
US,339,59165,14440,c7e7938d80cb5d49,339=models\racers\low\pura.ctr
US,340,59173,12672,8a298c05aa0bbe39,340=models\racers\low\pinstripe.ctr
US,341,59180,10352,51ee9d80c4b2603e,341=models\racers\low\papu.ctr
US,342,59186,12084,ce68f219eda728a5,342=models\racers\low\roo.ctr
US,343,59192,15280,3482cb258170a75d,343=models\racers\low\joe.ctr
US,344,59200,13700,262c290ba0b8e86e,344=models\racers\low\ntropy.ctr
US,345,59207,11088,b14cb1d644f51ec0,345=models\racers\low\pen.ctr
US,346,59213,14900,3faca2caa6d1a9d1,346=models\racers\low\fake.ctr
US,347,59221,23488,821c7c9767ba50aa,347=models\racers\low\oxide.ctr
US,348,59233,107804,c304b5319694c4f9,348=packs\4P\crash.mpk
US,349,59286,107320,f00bd2f2b1e85db8,349=packs\4P\cortex.mpk
US,350,59339,104252,0cb4becf4561fae3,350=packs\4P\tiny.mpk
US,351,59390,103504,99bb70322f775bdc,351=packs\4P\coco.mpk
US,352,59441,107092,15d0f0212a58cc13,352=packs\4P\ngin.mpk
US,353,59494,107272,6f3def18e09e961c,353=packs\4P\dingo.mpk
US,354,59547,104080,58047d23101f0190,354=packs\4P\polar.mpk
US,355,59598,107780,6d67b9a11e3f4b3c,355=packs\4P\pura.mpk
US,356,59651,106012,6948bdc2095298f5,356=packs\4P\pinstripe.mpk
US,357,59703,103692,22cd4fdd1bc20e89,357=packs\4P\papu.mpk
US,358,59754,105424,bd6d551e4dd581ff,358=packs\4P\roo.mpk
US,359,59806,108620,d94e31db4395f216,359=packs\4P\joe.mpk
US,360,59860,107040,16489a532fd9369c,360=packs\4P\ntropy.mpk
US,361,59913,104428,9b51928db25d120d,361=packs\4P\pen.mpk
US,362,59964,108240,cfce4a307450ab7a,362=packs\4P\fake.mpk
US,363,60017,116828,60ceb3355e322cde,363=packs\4P\oxide.mpk
US,364,60075,229432,ca8253fafbd4b44e,364=models\cutscenes1.vrm	#vram layout 1
US,365,60188,229396,bb230613367b15d4,365=models\cutscenes2.vrm	#vram layout 2
US,366,60301,120184,f27e5c1c89d45350,366=models\trophy_win\crashdance.ctr
US,367,60360,120184,a29e7c99dc643b3b,367=models\trophy_win\crashdance2.ctr
US,368,60419,107372,8c9fa04a39b34910,368=models\trophy_win\cortexdance.ctr
US,369,60472,107372,7cbab756076dfe65,369=models\trophy_win\cortexdance2.ctr
US,370,60525,93892,bf16d9eb0a26ff44,370=models\trophy_win\tinydance.ctr
US,371,60571,93892,2101eb7fffcb48c9,371=models\trophy_win\tinydance2.ctr
US,372,60617,95856,b9b5fa56dcf52a22,372=models\trophy_win\cocodance.ctr
US,373,60664,95856,f99f7ba0e13611fe,373=models\trophy_win\cocodance2.ctr
US,374,60711,114056,4fb008af7c237bcb,374=models\trophy_win\ngindance.ctr
US,375,60767,114056,65b9cce8ed9fc77d,375=models\trophy_win\ngindance2.ctr
US,376,60823,111800,85f2116d4288aa43,376=models\trophy_win\dingodance.ctr
US,377,60878,111800,66220cc51fc19bcb,377=models\trophy_win\dingodance2.ctr
US,378,60933,13004,391e6bee2a73ca63,378=models\trophy_win\polardance.ctr
US,379,60940,13004,2274d15d5692ff35,379=models\trophy_win\polardance2.ctr
US,380,60947,25936,87f94ff8aafa23ac,380=models\trophy_win\puradance.ctr
US,381,60960,25936,80924d3f449af9b5,381=models\trophy_win\puradance2.ctr
US,382,60973,168636,53bf987f397560ce,382=models\trophy_win\pinstripedance.ctr
US,383,61056,168636,160413e5a17b1738,383=models\trophy_win\pinstripedance2.ctr
US,384,61139,46904,1519e3d0194bf182,384=models\trophy_win\papudance.ctr
US,385,61162,46904,0fda1a828c953b00,385=models\trophy_win\papudance2.ctr
US,386,61185,106368,37109cddf7b55165,386=models\trophy_win\roodance.ctr
US,387,61237,106368,f50051107bf413d4,387=models\trophy_win\roodance2.ctr
US,388,61289,60040,7bb4756ea68edc4a,388=models\trophy_win\joedance.ctr
US,389,61319,60040,b40e7d927e8fbe83,389=models\trophy_win\joedance2.ctr
US,390,61349,123776,555ac52ac87e1b27,390=models\trophy_win\ntropydance.ctr
US,391,61410,123776,4de0d6d733d932be,391=models\trophy_win\ntropydance2.ctr
US,392,61471,34432,7d5b227af603d5de,392=models\trophy_win\pendance.ctr
US,393,61488,34432,44266b8fb4fc4d33,393=models\trophy_win\pendance2.ctr
US,394,61505,133480,00dd744bcd8c836c,394=models\trophy_win\fakedance.ctr
US,395,61571,133480,e913ba60e0884970,395=models\trophy_win\fakedance2.ctr
US,396,61637,0,,396=models\trophy_win\oxidedance.ctr
US,397,61637,0,,397=models\trophy_win\oxidedance2.ctr
US,398,61637,22928,a207d2b0b0ee0fba,398=models\trophy_lose\crashlose.ctr
US,399,61649,22928,16e5a4e472196e78,399=models\trophy_lose\crashlose2.ctr
US,400,61661,29876,ad7b9a6c3d0501cf,400=models\trophy_lose\cortexlose.ctr
US,401,61676,29876,4224aaefcd858c54,401=models\trophy_lose\cortexlose2.ctr
US,402,61691,58020,067710f17b0e9690,402=models\trophy_lose\tinylose.ctr
US,403,61720,58020,4f3446bc998e1012,403=models\trophy_lose\tinylose2.ctr
US,404,61749,44260,1054d165807ed18e,404=models\trophy_lose\cocolose.ctr
US,405,61771,44260,18437f4e1241354f,405=models\trophy_lose\cocolose2.ctr
US,406,61793,25884,dad393f16fd1820a,406=models\trophy_lose\nginlose.ctr
US,407,61806,25884,1bf2f517a5ce3eaf,407=models\trophy_lose\nginlose2.ctr
US,408,61819,45076,ba819899c9cebbef,408=models\trophy_lose\dingolose.ctr
US,409,61842,45076,05c1f76abb805fbe,409=models\trophy_lose\dingolose2.ctr
US,410,61865,19496,ee1ef490c54915a5,410=models\trophy_lose\polarlose.ctr
US,411,61875,19496,b8b4d840a2c36cd0,411=models\trophy_lose\polarlose2.ctr
US,412,61885,12752,876d55e3e46f10c9,412=models\trophy_lose\puralose.ctr
US,413,61892,12752,b5f611ccfa9f9ec6,413=models\trophy_lose\puralose2.ctr
US,414,61899,43384,f2c04a691e37b425,414=models\trophy_lose\pinstripelose.ctr
US,415,61921,43384,529c37d5be7365b3,415=models\trophy_lose\pinstripelose2.ctr
US,416,61943,48796,8d73cc0af0d22f4f,416=models\trophy_lose\papulose.ctr
US,417,61967,48796,401c357730c681a9,417=models\trophy_lose\papulose2.ctr
US,418,61991,19484,c110ba870c3c33bb,418=models\trophy_lose\roolose.ctr
US,419,62001,19484,ccda119e5f6cfb40,419=models\trophy_lose\roolose2.ctr
US,420,62011,53368,1f5a9a54c41e4b26,420=models\trophy_lose\joelose.ctr
US,421,62038,53368,3c667f413c760e15,421=models\trophy_lose\joelose2.ctr
US,422,62065,51584,4ea71dca254977d4,422=models\trophy_lose\ntropylose.ctr
US,423,62091,51584,ff1a26c15a813b6f,423=models\trophy_lose\ntropylose2.ctr
US,424,62117,8388,f9feeb262b281b15,424=models\trophy_lose\penlose.ctr
US,425,62122,8388,3c2608f0982a6133,425=models\trophy_lose\penlose2.ctr
US,426,62127,50540,4da9c2c3590683e5,426=models\trophy_lose\fakelose.ctr
US,427,62152,50540,55080724c6d7407b,427=models\trophy_lose\fakelose2.ctr
US,428,62177,98124,307c6b78520e8510,428=models\trophy_lose\oxidelose.ctr
US,429,62225,98124,f82ff58e95897495,429=models\trophy_lose\oxidelose2.ctr
US,430,62273,76512,6bc1ab6cb250fcb4,430=models\trophy_girl\amidance1.ctr
US,431,62311,76512,805b01c77778fed8,431=models\trophy_girl\amidance2.ctr
US,432,62349,82196,a4423956777af281,432=models\trophy_girl\isabelladance1.ctr
US,433,62390,82196,e7d30894a85339e3,433=models\trophy_girl\isabelladance2.ctr
US,434,62431,84436,0c859f0cec2249e3,434=models\trophy_girl\lizdance1.ctr
US,435,62473,84436,4e2cd9d845b6e1cf,435=models\trophy_girl\lizdance2.ctr
US,436,62515,82720,1d69cfacfc16905b,436=models\trophy_girl\megumidance1.ctr
US,437,62556,82720,85449bdd9c71b2b6,437=models\trophy_girl\megumidance2.ctr
US,438,62597,229432,13cdbb698544d8ef,438=models\misc\aku1.vrm
US,439,62710,4880,0bc8a69aff9affa5,439=models\misc\aku1.ctr
US,440,62713,229396,e35d8c43ed59657f,440=models\misc\aku2.vrm
US,441,62826,4880,fe307ac78f819100,441=models\misc\aku2.ctr
US,442,62829,229432,0dae966830bdbdae,442=models\misc\uka1.vrm
US,443,62942,9116,de866d1be1e9127c,443=models\misc\uka1.ctr
US,444,62947,229396,f7d29f01961a4239,444=models\misc\uka2.vrm
US,445,63060,9116,b87c1fb9e24a8024,445=models\misc\uka2.ctr
US,446,63065,7896,d0652f80dfb58d8e,446=models\misc\dingofire1.ctr
US,447,63069,7896,8b06017eaaa0ac40,447=models\misc\dingofire2.ctr
US,448,63073,2116,75a4e9036981f022,448=models\misc\podium1.ctr
US,449,63075,2116,fa0dc05a14f5578f,449=models\misc\podium2.ctr
US,450,63077,49828,aefaa9775431479e,450=models\boss_head\roohead1.ctr
US,451,63102,49828,0322c2b08d0ca9ad,451=models\boss_head\roohead2.ctr
US,452,63127,253640,7d495a2a23619981,452=models\boss_head\joehead1.ctr
US,453,63251,253640,55fca1bf21ff8329,453=models\boss_head\joehead2.ctr
US,454,63375,270120,8cd41e8d8bc623a4,454=models\boss_head\pinstripehead1.ctr
US,455,63507,270120,6dd29ddbd996f750,455=models\boss_head\pinstripehead2.ctr
US,456,63639,173244,d5dc8c9898eca591,456=models\boss_head\papuhead1.ctr
US,457,63724,173244,cc4ac127353e734c,457=models\boss_head\papuhead2.ctr
US,458,63809,296776,e8f06a2bf1b0be84,458=models\boss_head\noxidehead1.ctr
US,459,63954,296776,222b6ea194dbda9d,459=models\boss_head\noxidehead2.ctr
US,460,64099,48116,3cb27b12b98ef724,460=models\boss_headlose\rooheadlose1.ctr
US,461,64123,48116,e4d05481c5ebc5a7,461=models\boss_headlose\rooheadlose2.ctr
US,462,64147,238040,3f7ff2b7f47bda2e,462=models\boss_headlose\joeheadlose1.ctr
US,463,64264,238040,fc389dbe56f87642,463=models\boss_headlose\joeheadlose2.ctr
US,464,64381,138236,ca5f5416f4c9c615,464=models\boss_headlose\pinstripeheadlose1.ctr
US,465,64449,138236,50410ba6b98d8069,465=models\boss_headlose\pinstripeheadlose2.ctr
US,466,64517,216484,ab18c8c2e14db731,466=models\boss_headlose\papuheadlose1.ctr
US,467,64623,216484,1550450eb9efccb7,467=models\boss_headlose\papuheadlose2.ctr
US,468,64729,140412,50d50d3be41d0b4c,468=models\boss_headlose\noxideheadlose1.ctr
US,469,64798,140412,cbf2d3ff817f1157,469=models\boss_headlose\noxideheadlose2.ctr
US,470,64867,40716,13da1661da46b8b5,470=models\boss_body\roobody1.ctr
US,471,64887,40716,9a825a8be43b56e8,471=models\boss_body\roobody2.ctr
US,472,64907,48668,7ffb096f0de8e565,472=models\boss_body\joebody1.ctr
US,473,64931,48668,9557eed87a418f2a,473=models\boss_body\joebody2.ctr
US,474,64955,46192,b0df4d716526470e,474=models\boss_body\pinstripebody1.ctr
US,475,64978,46192,d4606cb5ecb341b2,475=models\boss_body\pinstripebody2.ctr
US,476,65001,44388,24a77cc2c0c8be27,476=models\boss_body\papubody1.ctr
US,477,65023,44388,7f7762ead5912d3a,477=models\boss_body\papubody2.ctr
US,478,65045,50460,d91ba38865635640,478=models\boss_body\noxidebody1.ctr
US,479,65070,50460,9d4fa8b71ef6e0c6,479=models\boss_body\noxidebody2.ctr
US,480,65095,69632,19dd54d8ace191e7,480=VlcTable.bin
US,481,65129,4147200,a1cfe718469bc293,481=thumbs\proto8.str
US,482,67154,3962880,58adba79950ef851,482=thumbs\proto9.str
US,483,69089,4405248,8c7b2c4688ad3af2,483=thumbs\desert2.str
US,484,71240,3686400,b26070a3c93e85e5,484=thumbs\island1.str
US,485,73040,4909056,bb0b2b9e227915d8,485=thumbs\temple1.str
US,486,75437,4773888,fc3f75048b6955e5,486=thumbs\temple2.str
US,487,77768,7821312,91a8d5b98aa1f06f,487=thumbs\blimp1.str
US,488,81587,5431296,d2f9fd342640956a,488=thumbs\sewer1.str
US,489,84239,5670912,561d814b465291fa,489=thumbs\cave1.str
US,490,87008,6457344,f8fc75bec336d3b2,490=thumbs\castle1.str
US,491,90161,6733824,e7da0eea63f5e240,491=thumbs\labs1.str
US,492,93449,7532544,bf15a64ea942fe5f,492=thumbs\ice1.str
US,493,97127,9203712,864d71d375e108ac,493=thumbs\space.str
US,494,101621,4134912,396c9e2648c83b70,494=thumbs\coco1.str
US,495,103640,8742912,b5e0fca1a12df277,495=thumbs\arena2.str
US,496,107909,5664768,f83581930147d51c,496=thumbs\secret1.str
US,497,110675,6027264,49f70d80dc8f8428,497=thumbs\secret2.str
US,498,113618,2500608,33523ca76af4146b,498=thumbs\battle1.str
US,499,114839,2519040,6c16428e50503034,499=thumbs\battle2.str
US,500,116069,2512896,0d9b451a83d7f5c8,500=thumbs\battle3.str
US,501,117296,2519040,4f04ba9a970a9612,501=thumbs\battle4.str
US,502,118526,2519040,122afa191b4b5541,502=thumbs\battle5.str
US,503,119756,2519040,31cbd9461e5a1f5f,503=thumbs\battle6.str
US,504,120986,2519040,54a1dec4b8c78c43,504=thumbs\battle7.str
US,505,122216,0,,505=thumbs\null.str
US,506,122216,3950592,fbc00fce500af112,506=thumbs\tube1.str
US,507,124145,262164,668ea1d9857a5fe7,507=screen\title01_jpn.tim
US,508,124274,262164,d8673364464ead58,508=screen\title01_pal.tim
US,509,124403,262164,3495abd86dc6e998,509=screen\title01_usa.tim
US,510,124532,262164,e71b51e60edebeb5,510=screen\title02_usa.tim
US,511,124661,262164,e71b51e60edebeb5,511=screen\title02_pal.tim
US,512,124790,262164,d61933773d9be3c0,512=screen\title02_jpn.tim
US,513,124919,458808,4719e9398d1c1aa5,513=cutscenes\intro_box\data.vrm
US,514,125144,671140,3118e24db78957de,514=cutscenes\intro_box\data.lev
US,515,125472,229432,de43963ec61fe66d,515=cutscenes\race_today\data.vrm
US,516,125585,328420,b71aac117fed096e,516=cutscenes\race_today\data.lev
US,517,125746,26456,9dac2ede167e588f,517=cutscenes\race_today\data.ptr
US,518,125759,229396,9a706e6809102a25,518=cutscenes\canyon_coco\data.vrm
US,519,125872,260592,3a76d03b1e535daf,519=cutscenes\canyon_coco\data.lev
US,520,126000,18588,1640c4603aa7493c,520=cutscenes\canyon_coco\data.ptr
US,521,126010,229432,cf88897fa5d6527d,521=cutscenes\pass_tiny\data.vrm
US,522,126123,352656,97c08751d26ce617,522=cutscenes\pass_tiny\data.lev
US,523,126296,16596,5da58b87c0cc7996,523=cutscenes\pass_tiny\data.ptr
US,524,126305,229396,826fd61bd5e3524e,524=cutscenes\temple_polar\data.vrm
US,525,126418,179668,efef1e01c0494b92,525=cutscenes\temple_polar\data.lev
US,526,126506,13416,ecd8fbb3dee2543e,526=cutscenes\temple_polar\data.ptr
US,527,126513,229432,2da76ceeed40c7d3,527=cutscenes\skyway_dingodile\data.vrm
US,528,126626,296584,ae3fcb9cd1ea5af6,528=cutscenes\skyway_dingodile\data.lev
US,529,126771,22296,3ebe396c1d6e5e2e,529=cutscenes\skyway_dingodile\data.ptr
US,530,126782,229396,dd94275f57e1a52b,530=cutscenes\sewer_cortex\data.vrm
US,531,126895,221096,89faf077aa1b5b88,531=cutscenes\sewer_cortex\data.lev
US,532,127003,17556,18b08fc9bd37be14,532=cutscenes\sewer_cortex\data.ptr
US,533,127012,229396,4d0c6ddb1f6ec100,533=cutscenes\oxide\data.vrm
US,534,127125,166892,5c7712b818f331be,534=cutscenes\oxide\data.lev
US,535,127207,12408,e6a62cac1688a33a,535=cutscenes\oxide\data.ptr
US,536,127214,229432,7098580dfa406752,536=cutscenes\sleeping_crash\data.vrm
US,537,127327,100948,a700c3ca125b330c,537=cutscenes\sleeping_crash\data.lev
US,538,127377,8360,eef9a6d8a82a7aa1,538=cutscenes\sleeping_crash\data.ptr
US,539,127382,229432,b2049d7672e9015f,539=cutscenes\last_oxide_intro\data.vrm
US,540,127495,437192,82d7f1dea29aa8fc,540=cutscenes\last_oxide_intro\data.lev
US,541,127709,14224,5b955ee499ae5e3e,541=cutscenes\last_oxide_intro\data.ptr
US,542,127716,458808,873564d1748b4b99,542=cutscenes\oxide01\data.vrm
US,543,127941,470712,dd97a82c95d4a758,543=cutscenes\oxide01\data.lev
US,544,128171,458808,f5a3bff3953c6dd4,544=cutscenes\oxide02\data.vrm
US,545,128396,355396,f3f173ad52fcf79f,545=cutscenes\oxide02\data.lev
US,546,128570,229432,39fc91da6926015b,546=credits\crashdance\data.vrm
US,547,128683,132116,d05b4ceb99ace0ea,547=credits\crashdance\data.lev
US,548,128748,240,8882003aa6eb9da8,548=credits\crashdance\data.ptr
US,549,128749,229396,4339bd97f6142f31,549=credits\cortexdance\data.vrm
US,550,128862,107796,4123316932094255,550=credits\cortexdance\data.lev
US,551,128915,420,106d1e14d9255a83,551=credits\cortexdance\data.ptr
US,552,128916,229432,ed38fba60eb24c62,552=credits\tinydance\data.vrm
US,553,129029,94328,3cd5e3c289a014ee,553=credits\tinydance\data.lev
US,554,129076,408,d16d4fdf5fc7b9c4,554=credits\tinydance\data.ptr
US,555,129077,229396,d32c3fef603074f7,555=credits\cocodance\data.vrm
US,556,129190,96448,5700036e87a534e0,556=credits\cocodance\data.lev
US,557,129238,252,a32284d62a5244e2,557=credits\cocodance\data.ptr
US,558,129239,229432,57afc37f8d3e2a4e,558=credits\ngindance\data.vrm
US,559,129352,114580,9861f945053a38be,559=credits\ngindance\data.lev
US,560,129408,320,7eb5243da5edb176,560=credits\ngindance\data.ptr
US,561,129409,229396,93a8320f76b0b661,561=credits\dingodance\data.vrm
US,562,129522,119468,3d8e0b8707a726eb,562=credits\dingodance\data.lev
US,563,129581,1072,4b2dc206aa2b7c77,563=credits\dingodance\data.ptr
US,564,129582,229432,10345cd00f5088ce,564=credits\polardance\data.vrm
US,565,129695,13676,5cf1052d25974355,565=credits\polardance\data.lev
US,566,129702,172,66904961a809f101,566=credits\polardance\data.ptr
US,567,129703,229396,45a509f80b84b542,567=credits\puradance\data.vrm
US,568,129816,26396,a2a6c9cdc2bfe85b,568=credits\puradance\data.lev
US,569,129829,384,20eb445ed4f7f49e,569=credits\puradance\data.ptr
US,570,129830,229432,e4bb7f274e8d0192,570=credits\pinstripedance\data.vrm
US,571,129943,168744,3983c90036d22303,571=credits\pinstripedance\data.lev
US,572,130026,736,38dfab9e03151dc7,572=credits\pinstripedance\data.ptr
US,573,130027,229396,c6fead1e4102e250,573=credits\papudance\data.vrm
US,574,130140,46932,34ecdf6c1b9e9b91,574=credits\papudance\data.lev
US,575,130163,816,9b63226b68ee353a,575=credits\papudance\data.ptr
US,576,130164,229432,346c562973beaaa2,576=credits\roodance\data.vrm
US,577,130277,106604,fd34545c3e5db5c6,577=credits\roodance\data.lev
US,578,130330,608,2b268331a2fe318a,578=credits\roodance\data.ptr
US,579,130331,229396,062cce3bc011e474,579=credits\joedance\data.vrm
US,580,130444,60404,36fcdc94decc1b78,580=credits\joedance\data.lev
US,581,130474,480,69f373c56bc0ea9d,581=credits\joedance\data.ptr
US,582,130475,229432,c9caa5e36585fd7d,582=credits\ntropydance\data.vrm
US,583,130588,123520,1c0c757a9ded481c,583=credits\ntropydance\data.lev
US,584,130649,1100,cfdf7422c749da8a,584=credits\ntropydance\data.ptr
US,585,130650,229396,93a4589f111467d6,585=credits\pendance\data.vrm
US,586,130763,34924,1846435ce2248a4d,586=credits\pendance\data.lev
US,587,130781,352,b5ce0bc2fa71bdb9,587=credits\pendance\data.ptr
US,588,130782,229432,8b71a246ef25f1c6,588=credits\fakedance\data.vrm
US,589,130895,134100,e4c11d09cb4bb226,589=credits\fakedance\data.lev
US,590,130961,224,a3a75271a04fdb93,590=credits\fakedance\data.ptr
US,591,130962,229396,530a340849cf1595,591=credits\oxidelose\data.vrm
US,592,131075,186372,a46f3c247b4b5d20,592=credits\oxidelose\data.lev
US,593,131167,516,7a66268804b7563e,593=credits\oxidelose\data.ptr
US,594,131168,229432,3e38f4f3675d2876,594=credits\amidance\data.vrm
US,595,131281,76700,c3dfe9a00a29d7b5,595=credits\amidance\data.lev
US,596,131319,656,2b19ff49854c028e,596=credits\amidance\data.ptr
US,597,131320,229396,ca84a40eb8c582ad,597=credits\isabelladance\data.vrm
US,598,131433,82280,5088f665c54230f2,598=credits\isabelladance\data.lev
US,599,131474,760,f7c76d727ae6aef0,599=credits\isabelladance\data.ptr
US,600,131475,229432,0a53013aa916b4c7,600=credits\lizdance\data.vrm
US,601,131588,84544,733a3eba96810777,601=credits\lizdance\data.lev
US,602,131630,736,27bb04e1f02638cd,602=credits\lizdance\data.ptr
US,603,131631,229396,7cf7997fed9ae3ce,603=credits\megumidance\data.vrm
US,604,131744,82832,75efe6872cb6cfca,604=credits\megumidance\data.lev
US,605,131785,732,bd9f67742dc3aba0,605=credits\megumidance\data.ptr
US,606,131786,458808,eaa0bd9f5819c637,606=null.vrm
US,607,132011,840,396a1d73b7083745,607=null.lev
