label,start,size,strict,smart,loose,mnem,insns
JP,2147558660,2468,dbcb98faa709e2e5,4bcacd685f06f066,a59c85168f342575,44c4096070276148,617
JP,2147561128,468,99539df37aab387a,781b941949ea36db,abd69570eb3c7378,a53fa1fb9acab888,117
JP,2147561596,240,960e80e6d234dc7b,cc7529a1ea95fcbd,fb93a7b85bfef80a,727c1d4e62d6a942,60
JP,2147561836,364,c6ee28c316296c1f,e840686e83ccf838,6e53a31068412f7b,6fe185940ca9f530,91
JP,2147562200,372,13b0e0dd73c113fe,ec7cc361cdd6692b,d24e4add6b8084e4,e6812288eb6c957d,93
JP,2147562572,436,b91979dca0b6ed98,10c4906ffa2c6ef1,77073e8b370c53b6,cb8795d7fde4f512,109
JP,2147563008,148,72a9c73e42e816cb,7fcd47e71757a96b,afcb73b5d2addee8,a28c0c679da18994,37
JP,2147563156,400,b3e0500b035fce63,0c18d9a17c478a2a,4410fa60e96eea10,5abe5af1f5e48225,100
JP,2147563556,96,9b7f831af2dc44e6,666a70312790a639,5fbcf9bae28abd72,b55dd6b3daca78c1,24
JP,2147563652,288,17dac7d4ee1a4a4b,852815e1583c5ba7,afa7f5ee5f962384,3d1c8b77552b8c9e,72
JP,2147563940,8,7678540574197b42,c9012c2c267bea50,c9012c2c267bea50,3bd7b78e78d5ed0f,2
JP,2147563948,48,dc798d84de9020b2,68bbb5bfdc49932e,26d8e6815a771fb6,0ceeafef9e8944ab,12
JP,2147563996,3640,c27e9a5d3007034b,eb5ee4e79ebb2ffd,b18557918656db29,754dbca4c30b5b8e,910
JP,2147567636,208,d0a8a6d199d17683,1745c1a3fa62f7e9,c2f8cc6a3d2b27c1,56f4c77160ddbd76,52
JP,2147567844,412,7565a368eed0f61b,46781a53fd3894b0,ea55e16ca451fe04,e2f1db241f2ab342,103
JP,2147568256,608,40d7eed61ba15a55,17144f3eef09e51c,c95b585df343cf2d,d3d3af195e4da1c8,152
JP,2147568864,568,57fd8d5137cf5d35,f9b55efa87a88ca3,9ced175b5b4e8316,5fe60f09b0ec9953,142
JP,2147569432,424,9c940a6acd53d670,92a1a430ac90325b,b1277ecf151a5b6a,ec15a22c78db0a5b,106
JP,2147569856,11996,ec984ebeefd5cf4e,aa49dc36300dbf42,10bdde3afb07df51,65631ac9defc4f0d,2999
JP,2147581852,968,1a7e1381b31ea362,02cbed95f426b768,d5bcef1115a3979b,e28412e06c2f24e9,242
JP,2147582820,356,4f9e03c1f39a8e06,ae05d53b5128ecaa,0836ab679252e083,c452f3f730276687,89
JP,2147583176,312,503757956b4077a0,c7672c069a4e6530,6932710de5e18493,62c1755a6503d040,78
JP,2147583488,436,5b78b47089ac2109,bc405c8cef4e8ad3,93d889c8d3ca37e9,bc74824b20c38f9d,109
JP,2147583924,692,323be7e7aaafbe73,4eaedf9575a07177,137dc44fc5722200,a07e984f5cd0994e,173
JP,2147584616,4176,85057b00096c9971,d7957d09463231ad,628aa819161d59fd,4a554d9ce843f43f,1044
JP,2147588792,508,1198b4d28f1d07ba,ad9534d8b9d2c620,b3ec2975aa070e7d,243820ca2509fe08,127
JP,2147589300,144,1d486f02020b2171,77510858c91788b8,14398c0be58f3aa6,70e582e5bf0a8ae3,36
JP,2147589444,624,d41a1de15cce367f,4f703db89d5f65bf,11563903c83445d7,71a5c905ef79bac4,156
JP,2147590068,520,faf3f75db7722bc4,a3f3eb17826a0df5,0ff741c119249d62,36121aa2e8bbda39,130
JP,2147590588,124,d2dea694a875d370,2be69a20e95ab192,289c87417a1a2883,84400b2fdb432cbb,31
JP,2147590712,156,628afd8a4aba1a8f,abeeeea0a0bf9132,19d213688086eaaa,3d98057e38d1ba13,39
JP,2147590868,136,bf25044271702d00,be0636d88077aecd,2017251c05162c08,81bc7585f2c8db69,34
JP,2147591004,300,8e5802d2e91c2db1,a587cc6169e8c194,cec84097cea8559d,217132ff7e8d5385,75
JP,2147591304,316,80b8648cee6b4c29,8597c2fc6b9d8b24,15b3191cdbfc3c02,c2f3bd217e5c31ce,79
JP,2147591620,928,5e6532e852f4a835,eeb1480ebe354c38,b4ab7afb5e0ef040,4aa83c8a325dab54,232
JP,2147592548,1072,27a56b38a9c6657b,b5afe7bf9df98f81,e9c18d351e08579b,51b6d2e28072c26e,268
JP,2147593620,1412,78db4f66a17a8f0f,ae04bf06f25da88c,3d59e9c4b53e9822,6efbbf6b94b564ff,353
JP,2147595032,220,6e3584958a63bd94,42c0326a6cb10928,1cddda9a07e6be0e,27224a48a0037e23,55
JP,2147595252,356,ab6a77866a121eac,6d8a9cf023d8cbfd,2aa5e7956d230356,ce42d1c5949faac1,89
JP,2147595608,4504,44a0e2f310394bc7,f457158acae0095d,a2a45d4df5668c82,c4178376b4dce015,1126
JP,2147600112,4364,11e2273d86b372d0,2e33861b590d2db2,ccc7f5f264187247,be0639f52b53cca8,1091
JP,2147604476,192,a04d426b48527407,84caf919067484f0,c34a7d9663fbdd03,91008f96bbe318cd,48
JP,2147604668,80,586371e245411596,4274ee72d437be1b,19aedd6f3fe10b3f,d6ebfe68d2e6643c,20
JP,2147604748,132,221457878baef648,f1e12d0ae847fc39,bd245390a3f79552,d0bcbff329873e56,33
JP,2147604880,120,a7598c885d3a14d0,343d7eb39aae035e,ac63ef67cd1ceb40,fd1b013df2bdbbf3,30
JP,2147605000,1144,53c40e709a701a4e,302f8cd7753a5a67,8737071f4c4e123d,4065563412f1d319,286
JP,2147606144,128,b9d9133feff0dbf5,e515c741643c3edd,9b4917c8fb39c98c,1e8cc34720b464c7,32
JP,2147606272,52,ab02cd9412112101,ae12d783ec9357c2,43c5792287a408f2,668ee47cb1a9f1ac,13
JP,2147606324,328,9a0a0856a63ef325,e59c417d1dc3c167,e67c5440414d0aea,d21fcfa2855dfc6f,82
JP,2147606652,56,b5d3ebee99a37169,6fc468709ad2c388,dee19729eacc4e59,bc9ae7eae3f0ff24,14
JP,2147606708,264,9d83d8b0782bc9b1,1add0177286ddc80,ddd462d6c3ae5efc,7c5807a7a7b8eade,66
JP,2147606972,148,abdadbd00e898bb9,e51bbe807a2f8614,b26c9fffdca487fa,7e893f25364a685f,37
JP,2147607120,516,91208b09b62e266f,54e3d531555f1376,bef50551c09ee510,20b1edffd7c05d9c,129
JP,2147607636,84,bad6de31d42fb4ee,80cab69780e01aa6,2c32378d0f4747a7,b69c92b3fdc6f5fe,21
JP,2147607720,128,d95f971ee24bc2c7,d1989e837cec409e,16b24733d13f9d52,dba4cbb7ab00d69f,32
JP,2147607848,40,8ec2fcde133b5e36,10cb862ad26f1e3f,4b5d0bd01bd5876b,9d03a759c4d1df1e,10
JP,2147607888,48,3f9bdfccd8bdf2e4,d95409bad470b6e4,c613d18a72a936a0,3c24d2db760ed0c1,12
JP,2147607936,1356,59cc0ddc700b39b6,0bf49d86d1e44d5a,d1f1cd9a5a35e897,740d6ec4d8921ac9,339
JP,2147609292,364,2bc6d12b7387bdfc,aab1689e2bdcc2f7,2a2ec2ca226cb9f7,52be672733ab745f,91
JP,2147609656,5008,831d518267bf1fad,928b57390b53fc61,ffd4f3de57980f6e,9558f7ab21e27709,1252
JP,2147614664,224,e11a656813c932d8,f13b911d5d1cc206,1f56a74f020d61f2,c1d4218b53c4d2f9,56
JP,2147614888,504,569af519e1f6a548,a23fd164a18dd007,06cb75ed88f078d1,6f3de57ba79382b3,126
JP,2147615392,364,388ca0d923635ce1,01e63d69e8fd4949,866fea1d7330afaf,4d2232e48a9e1a5a,91
JP,2147615756,36,5619df84c84b2e76,3793180d239e4c10,624077a312ef586b,fd1b0ddaf07f404f,9
JP,2147615792,872,2ea63c8f444fc246,0b04190cc87f178b,6a9e23e81e8d45d4,c1ffc37ad905a5de,218
JP,2147616664,320,3127079c913984fd,efce2f69757b373a,9b5819324f19347f,9ac16db5db287da4,80
JP,2147616984,608,ec240f62507c5cef,3f50e60ee81545fe,2dfd9e5011806cf0,bdfc609eba4ca016,152
JP,2147617592,116,cdc3d0c17e68bbd0,12c1bfd7b62bf522,738b3628cad4c4a2,a017dd767f8ac181,29
JP,2147617708,256,072c4c31bc42f2e2,a3f68103bd599cf8,0d267e027175190d,e43ba029d8ebe6d9,64
JP,2147617964,312,5d36f325da3d8c14,ab607e11698d1a96,646a33164bca0547,e9ee250a29459045,78
JP,2147618276,792,95ccf6c83a466842,35dc5f514e88e7f3,99973cf401a83a4a,26475b40ac331fbf,198
JP,2147619068,1060,56b69993bdf82482,2a7d07a416241901,f013ae142b200be3,c8c25c128a336c2e,265
JP,2147620128,720,8e047adad1cc0551,3aa9c243930361e7,749a43b7c5d6d93b,322c4c8a7772bdc1,180
JP,2147620848,2340,4d91682b85ed876a,3f39f7b7e70b28c9,a42e97aaf00f5ff4,918e294956a6086a,585
JP,2147623188,2216,dd97a1601274c45e,623e3bd5fad74593,9313c000ed599fb8,f2f4dca1ca762647,554
JP,2147625404,148,cc3cba0ee2b40404,8daff49b2a7e1b2d,e23c69923bf74b21,b69af66a89341d38,37
JP,2147625552,488,bf250229877886b9,16b29a075b943b74,49bc2fab91965bd9,962e170d72270f81,122
JP,2147626040,280,2af9a4a2ae75b2c1,79b5f70c36e88dca,2c7ea65079c84fa7,55e10f3034f4ee92,70
JP,2147626320,240,41757360fefda5ee,6d43d01e710d323d,b30f51ba33cc4fc4,8f58e02c7fb4530f,60
JP,2147626560,156,95bdd238994afe88,bcff77c594864b60,180b066b92e99fdd,7ed7c8b5a7d5909c,39
JP,2147626716,160,ea0ab1df02b317a8,4b7d9b367a95e92c,e89dfe0282e8f04c,3af00396b408c557,40
JP,2147626876,212,8f0b73b97b2566c4,7e1ed6051927758a,cfe3195de49a69b8,0886c52f3d509d7a,53
JP,2147627088,40,b822c92469b0041d,ad0a92a820e82e83,569f4cbaef50f09a,4860a078150547e7,10
JP,2147627128,112,0b3eb5b129fd99d3,84c22b3e73f6a836,3021dff0650df903,eab194ecca276b45,28
JP,2147627240,96,b6c9329d871f668b,1d0d25f7ff5c90cc,aea79d6b8eedb715,29c71bbf5af4d6db,24
JP,2147627336,8,7678540574197b42,c9012c2c267bea50,c9012c2c267bea50,3bd7b78e78d5ed0f,2
JP,2147627344,224,1164eb4bcb2bb1a3,441ffb043b0b1d27,eafb9a4ecfc3bb6f,dc9b8a4f12f09c5d,56
JP,2147627568,124,9cad29ba227aa9d4,6103247e2f696fbe,b7d3373c3fcef852,f59dbff9d8c87bce,31
JP,2147627692,140,40c8ba4fbd2e2e42,e1a45c449bf7c1e3,b00e40a543ec2bec,04b04b7c3c345ceb,35
JP,2147627832,52,bd9001383b399868,796d48fc40b982e7,af35d464c1a78842,a7c7292f21f5335c,13
JP,2147627884,856,b3cc7824bb44dbc4,d0f7d74c39ad3a89,7846839a1f7bf77a,acb7e3ef0812f06a,214
JP,2147628740,172,216bca6fd7853499,92cc6fdf8388853e,261b218f7977d9b1,43dba28b5bbb559a,43
JP,2147628912,56,1cb121f39b2b065e,dd017a3cb5c8ca4f,50c73cbc71d5c6a4,47c06f9173428304,14
JP,2147628968,220,a203f2306eaa47c9,c55a3353070e589e,c38a034800f78abf,26d6c03bed89f33a,55
JP,2147629188,168,a600f45fc7ea290d,9e6110551bef8e3d,91976d03de1bd816,6f1acdafe1de1e50,42
JP,2147629356,320,3679330ba9a1e109,d27ddb2bf0857857,071f095866b29d64,2dddc5ed5c0ea2ce,80
JP,2147629676,44,a32f4accafe7ffec,4e206b11e71f55b9,33d9409972e33450,6e1a13a930955220,11
JP,2147629720,224,414a300ef74889ed,55520da424b31014,568c5f89afdb6ba2,f75d7d481b3b20f2,56
JP,2147629944,1656,3c9088e8b64b383b,b90d78ccaee6b4e3,bd557f3d763492ab,8b180455fe16107a,414
JP,2147631600,76,3ccedc74d241e246,4b6337fd3cab161b,a3065a00fbb2304d,04b37e0069331dae,19
JP,2147631676,108,09b6f9a3644fcb51,0b275c1ced5dd96a,6d684de7a09da058,7c5caa3617e3f6de,27
JP,2147631784,532,be7a9caad150f484,a75acb2053f74860,d2e2c4d3a7ec1498,90ab1fd4d060795a,133
JP,2147632316,96,44486c4405b85fc0,99b257d5e39a7dac,bbfcf2fbe5cb184c,10defe9423966101,24
JP,2147632412,8,7678540574197b42,c9012c2c267bea50,c9012c2c267bea50,3bd7b78e78d5ed0f,2
JP,2147632420,64,1e7c62595f5f9dc2,24b6b88747b86b8d,5d3d4b19454c6485,c48d1ae52fa0f572,16
JP,2147632484,172,52c59dd363904c61,c256b098fdd72438,ace477aa50c5fc68,38016ab151c42148,43
JP,2147632656,164,cd98de2944fdb808,5fff5e769747b88a,299dd6c47053271e,b138058b3f90c95b,41
JP,2147632820,132,bd3c5563a34cd309,2f75b8994f33d133,03db23b55c23533f,b43903f035af76fa,33
JP,2147632952,276,90b81ae01e308758,4a39bbb7592b3daf,3dffd4f703f92a8e,16f00292d6c7e919,69
JP,2147633228,400,1c6ad8bdaad130a5,4192b8503efb3ca0,5d4b28b327749010,7af1778528957e61,100
JP,2147633628,316,f92ba8a7e046e1b6,d06fc34813c72c1e,f67566a14fc893b0,0b1a8f1c8434b6e3,79
JP,2147633944,760,1528fce849372c8c,f979a67eccff4598,adf2a86467bafb1d,dd1b347f739b1fa5,190
JP,2147634704,440,22a935dd84f6ef9a,24150b923e53749f,07336217ecb28771,7514a6462f46847f,110
JP,2147635144,324,4c3aaa892d53a0d6,70e572e83cdfe548,1fa2a0593ae4e14b,8533ea01547d3e93,81
JP,2147635468,700,b1274d88021f1d10,b5e701314aceda3e,29a02ea57eb75779,0ac7b377f44190ac,175
JP,2147636168,780,f4cea3b0572749bb,b07bd5bf2c504a87,a5fec73bf18806e0,e43ce54f132a40fc,195
JP,2147636948,688,518fcc4e2343f86b,58274547114f512f,7efd237038837216,42442e4ee3ae14d4,172
JP,2147637636,588,69ac177438606d69,d390c689fdd4c58f,03dd4516e1b06843,a0e13b102834ac0a,147
JP,2147638224,428,337ab8f4006eea6b,6f6e872588df33d4,c13403f8cfe83335,0ee28e4015bb5c36,107
JP,2147638652,184,1ae654d26c09b5f7,4464241830a58937,47cd009b42410c27,3cea39cd4b94e7c4,46
JP,2147638836,8,1e03fe81ac3ec3f6,d6cbcb66e8419325,4b3579b6f73b6b76,cf1ac19f9d3a4027,2
JP,2147638844,120,6a87792d69cf479a,e437b24ae15b0883,a1593bbec418a470,0b3e209ef9704aab,30
JP,2147638964,640,cb389e7b2c99a4bc,ccb355b1f302aeb4,d432e83a2f8b6b10,9df2da0e16ef17d1,160
JP,2147639604,36,72b6452da66b5790,368e707effc32ff3,36788cb8ce0eb6c4,0dbe3d214aa4f5f2,9
JP,2147639640,124,baa6ad21adebcc2b,1035999e290e00d3,71d68a2f2469ac7e,a19835e50f7827e9,31
JP,2147639764,184,1b6d7594ce1a314e,1c087fe0b4115017,2fcff0f83cea2733,3de15a2bd8c2e962,46
JP,2147639948,660,211e6c70deed6398,0f033f40778f394e,4a446c16b2c326f9,9cc7d5834c0f3efd,165
JP,2147640608,1328,f7da1ed6cd28648a,2228b7445a23f3d0,396fd57070621a9a,ed5a30d91ec2c729,332
JP,2147641936,116,d262b01802f78334,ae8da5e07ac3b819,1750799a4c41db2c,c44bd294303e3c20,29
JP,2147642052,100,05dc02e33d6eb2f5,ae04cc820706e407,c4f122e29d080a49,61b78c1be41c3d4a,25
JP,2147642152,152,ded7e22198c87760,73c230a5f9c2d949,758726e1e70a6ed9,db0de7889bb6111d,38
JP,2147642304,368,4ef7af91c1dad4f3,1501aae5374f3360,ff9b95d366a7e8b0,44407976cd78c24e,92
JP,2147642672,472,dd08e9f69492f405,8e350d20ca0e1528,9bf36edccbbe1c77,3bebee6d7e4e4b48,118
JP,2147643144,364,c80645e999f94018,876ae340e3312ee0,4fa2bd40f473e224,f69bbfd41d86f167,91
JP,2147643508,316,4c03ced8e3e5e480,34680dc50d3490b7,7ff30263f1f9a008,ba885aac16c52f2e,79
JP,2147643824,976,15145f8cc161483e,c837f6eb422f486d,3ad1c4aee46637db,45e102ef5b85dae1,244
JP,2147644800,264,2b5838908de681a8,39fee341d4f3a864,ea20e5868217b2b5,d5e6aeb9fa5ad29f,66
JP,2147645064,900,ec90ad07f632b19a,d815e9761e497bf6,7d7ed1fd0e047523,4201b42d421411eb,225
JP,2147645964,208,b68865d0780c6436,7b3b9a4bb7c44bd6,55bac99b58abaaf8,0c8a05e58696b08c,52
JP,2147646172,92,cac8d13b0635e900,d9608de662fd867d,016df3edd344a97b,4251cd0fe2d4318a,23
JP,2147646264,68,e9d121713fd8d8a4,9fd0dd9b0c37ae3a,2c2a1af6df47690a,2023a1512db323de,17
JP,2147646332,128,6e9566e16a03ca26,87b33c22712faddd,d1957a95ff972c5e,366d1ec3ff18a08b,32
JP,2147646460,128,bd44f7a7fdbc3c7c,9512f35b8b6b893d,78d9d51d3999d87e,654f426b29f691c5,32
JP,2147646588,128,8f5c4ff00cc4879c,fe145300f48bc42b,78d9d51d3999d87e,654f426b29f691c5,32
JP,2147646716,732,0c2e9385577a1c66,caa2ffe8059f0db4,ea4c443f6ecaf8ce,af938c17c0a6e617,183
JP,2147647448,752,111f70abc1aa8140,b41ec252a878f00d,af373753350045b5,3f3c40a806d0c72a,188
JP,2147648200,268,8cd7454ea7281e65,c5f78dd2be15aadc,8237b77013447d14,0acbb4f765f4836a,67
JP,2147648468,52,7a02b4b98474d116,9d9150ec0acbee40,72bb4cde4c1aab64,23cdb1d4977991a1,13
JP,2147648520,148,9ee061eec1f16550,91c27ecee8596134,1bcae13f2796f3ca,45fd61ac60fe9a66,37
JP,2147648668,60,de7a6a8bca3385f6,1b037de7eea250fb,abad375897aafe74,71b42840c0f31697,15
JP,2147648728,136,0a4f8e2a8b9f83fb,ab0d163320f16a72,88d45fe091c8dd29,c5d5664bfbc0c970,34
JP,2147648864,204,ca8a746bba651a9b,2b042527cf09c153,c62391ca6da3ac1f,596a965c6401fa11,51
JP,2147649068,56,a986b2eb657ffa0c,d62ff6656937ab14,628a76d53f89301d,cd95c64993579104,14
JP,2147649124,88,07b46bf0613d92c2,5fa7e689530a1047,ea4bec47d79b0e81,991b36d4fc9e1852,22
JP,2147649212,2400,1fc9e2dc3a6553f3,98efbe2b6a1f698c,15ea05b8ae5dbf58,3559934a22c47f2c,600
JP,2147651612,848,08312ab2876a6e1e,cc53f66c803253d6,26843cbbb4b7f0c6,75629982c1b11776,212
JP,2147652460,620,4bf0f02c576a5bdb,96f4be36aa66cfff,b5d6f099eef2b523,bc1ee4966c9287f3,155
JP,2147653080,156,61391dac0b736a83,6c8b1f23a221271c,f758e954b35e1ed9,038ad57b5e335cb0,39
JP,2147653236,144,d61610f4e0402cd2,36a5fe9ecc8efd15,dce86e173b056ded,1cae0b6aeedefdc8,36
JP,2147653380,1132,2b50a5cd35423b2c,4217ffbc879ce818,d163370b0f315a2a,8e872d2b6c5ed166,283
JP,2147654512,132,5fad5b6fa98cf43c,acde0f24354d47de,c8b5f8c869677b26,d83b99b02a8b0c64,33
JP,2147654644,44,093bea75d72ca957,abbab761bdfd7b46,cf22779ce1e07683,d157602b26017b22,11
JP,2147654688,44,840f76281f16929d,80584a8890a2f879,61a44f1e8696b968,52627696640afd66,11
JP,2147654732,44,f2ea471f8385eb71,8885b20a406f3a08,874fc5020f17c8b5,07d888a2cdd6e7c5,11
JP,2147654776,60,526cd68f4eaef2fb,db7c09d866cc3975,8362b1476235ea7e,f0b2014fb642b821,15
JP,2147654836,448,27e4d8a0b7065f9c,3585fe73201d163e,7b57f865c470dde9,3016781f370309b9,112
JP,2147655284,376,20ea0e68a978dcb5,7fe5895d2959a68d,1db3969843b897fe,a6ed9c486e746b25,94
JP,2147655660,60,c98d3ca691466abb,8296a0d81ed85e69,c5bbb966fa5266ba,c9b2bf7c6398c9e5,15
JP,2147655720,60,a306461dd620c763,559a122dabf431ca,c52f8079d0dbf849,ef519d8aa14cfc73,15
JP,2147655780,304,5ea7f97f67d3f9a8,c4629b66bcb6eeb1,df1443a32bad02dd,cb2264d3006c506f,76
JP,2147656084,420,1a12368e45256fe1,4a8bb889597f9e86,21f644e97860d1c3,13c525eba05cb255,105
JP,2147656504,104,462b7064f4238ae7,1cd01e52bda4a232,87f794e23a45104f,fcd7ee13c9eef919,26
JP,2147656608,168,99b8f0f5813f11ba,ef53b8600437ed39,a61e0da50002155b,d01c60ce86a9280a,42
JP,2147656776,76,188a50598966f1a9,60f9dc358484bb5a,1e9bc171689d6875,eab31a03a5f286fe,19
JP,2147656852,236,62a0baefc4dbcb0c,d761966a02a68ed6,c9c9027d51fa39ee,7faebdbe8380680a,59
JP,2147657088,124,1839843370c8ce67,3d60bd2fb4099243,ea5aaa6e4e899a94,fc71e54674fc4ad3,31
JP,2147657212,124,8f0000328c9141fb,715babb4fb91eb9f,ae9a03fb5f62b94d,a19ce5b431bd3994,31
JP,2147657336,216,0692ec9005267bdb,0befe8b19f4d9537,9a02c2e1576cdae1,05f2d4a1ebcdb104,54
JP,2147657552,212,ad3795d9af2ea82f,ab094f3ca89ab99c,bf22da9be2b32116,59d923118ba18453,53
JP,2147657764,196,48a0dae300a2a8c2,e11284032748cb6a,b0bdbbf746889fe4,cb9a60405965f80d,49
JP,2147657960,212,fc2b73959ebe444a,85b8ee929e9f7004,49edfcb321e048f9,08ff28ed2338a403,53
JP,2147658172,184,179da6f20d09bf73,7f5e270dee554804,cf7af884a67e71ee,6e3c3feb238f8947,46
JP,2147658356,136,e699335f273cfc5d,258dfcbce7d4f347,e787c85b646fe914,32d3023fd0f84d27,34
JP,2147658492,28,17c31bfbf1544482,29d8e23c5d5dd5b9,dfda4ff26fcc3a65,209c7b6845e1ecc0,7
JP,2147658520,188,10493bb9c90a81b4,0052af4f3fa76603,3e7cb64dd9766dd2,5918ae2ddd40085d,47
JP,2147658708,780,6d9ffefb02b3d008,82a25e61dc4eb420,5e01a055c27393cf,e1084bab4e3ec9b9,195
JP,2147659488,108,80afb06f6ba4d176,62b8147abcd4c25d,531cb1fb8ab907e8,77f762d2b4d36dcb,27
JP,2147659596,112,97cbc15e64f89901,b56b12715c31bcdb,ea26f3767034aa69,08944708794614e3,28
JP,2147659708,132,fbebc57803b2ae54,77ad6bad188b16e3,b2f2a5f480d977c9,7706f277dbe2fb59,33
JP,2147659840,76,7498e476a3cccc3c,2a03549640a1eb97,f6adee3256421df4,a4e6562abe1ba64a,19
JP,2147659916,116,d7f3179f99fac1c3,5044d7300dabf770,23e50c5c55124fa3,bdfdfd886d3cbcc5,29
JP,2147660032,56,23d022f70b73fa3b,4c5083c84b543092,b8d7222c69b672cc,8556a4068fd7a65b,14
JP,2147660088,108,7196be4697da466c,55ed748680c39d7f,a22a2572276cf01f,c6669a0f4ab2936a,27
JP,2147660196,200,13590cbd3e1c92e8,96144c4af1928b5e,4ebfe16750625126,4166a5468c76f87f,50
JP,2147660396,100,3e82e8dd66bc6682,66aee2442f5f4cc9,69c7642f25da5566,a7db4e6a2749c7f5,25
JP,2147660496,120,8ce1562a8a6d8dc5,2ee2b8f4dcd44d3d,436fe71f9b7bd54d,fc75c272693f9457,30
JP,2147660616,276,3391eb559c0f3f8c,5b7fe431877f70de,79e254ca9af61cfb,690d427d62a2460f,69
JP,2147660892,100,b509adcb23d5bdee,3981630872bb08a1,5d88bf8f4fd40050,3d781f2b696a496d,25
JP,2147660992,284,ccb3a634eb182fb3,32d3390dced295b7,fee7f050dfabee00,0c3aceef8b8c16da,71
JP,2147661276,12,c9425cae855da9b5,204b288064b80c4a,97783365c0d00363,0095506a4a287a36,3
JP,2147661288,436,e3c02bd03316819f,b7fc9892d7ac4b58,075cca1360a1caf6,7c7ca9fcf8682b7d,109
JP,2147661724,852,0cf96fa63d7a7fad,6b9a7d9721a47a6f,b7075cfd07185a7d,4b66e834b1b8088e,213
JP,2147662576,1312,6af1bd79232e821a,5ecb27f6dfc59d4a,d6e9e4517bc8f9df,21a2e6140e2bdec8,328
JP,2147663888,60,4a6a461b59ef0390,73e1e563047a94f3,189e0c6f8fc70fdb,03d7b821033b6f72,15
JP,2147663948,84,bf1ae881a6e3ad49,4a3bf9373b5638da,5de9369154e25865,60b0493fd727dcab,21
JP,2147664032,100,e8af9f1d5b551a8f,ad9aa8e6a883a395,d65d1c2e8f5b5238,66576336af56923d,25
JP,2147664132,728,cf0631908637a84b,e1443dd92e81ba3e,c8b092b8802632aa,2da9c1198c1575a8,182
JP,2147664860,24,9e84c7ad01fd5094,0fdf02b36e9232ea,d24bcb6180ccd0a6,9e68a2e9fb26a7ec,6
JP,2147664884,84,79b95ff037f958eb,a3d4d1d2a8a1302d,a20d8284a815803a,d0631d70363265f5,21
JP,2147664968,212,b86fcc4f541b90df,59b2fccc5155a765,72974dc7f6af6f8a,679a23986c939ea8,53
JP,2147665180,244,6eeddf23f3b61be4,65bb29a0eefcc193,459ee3d70f067fa0,120381c45975eb6b,61
JP,2147665424,136,011b0fc0d9219bdc,bc4ed9954e961c20,e811ee91f7f314c3,4095ba7c2eeeeca5,34
JP,2147665560,36,17f380350c0a7c52,543001bd4083a190,92c63c1e45cfcb8a,5cf65c6edf019174,9
JP,2147665596,76,9db40e3afd0d392b,a633028e04eb9c17,b45f3083694fe51d,031d0dc9c9319f1c,19
JP,2147665672,108,297ff9dc92391bed,8c2348604addeb6a,0df4b639c4a285df,cd94324a47b3d4f1,27
JP,2147665780,244,11e574d5dd9ee37f,494c64133b2a9563,9c40889ca79da8e9,225593f3d30d2437,61
JP,2147666024,264,5f7dc1afd9f10d12,dca46fdcfd8534fb,f31f77c584fc3a66,4d46fc55461cda37,66
JP,2147666288,196,f38c2eebf242ea7a,febf748a6268eb59,ba26cc37aec7f509,84defe8d8050ea35,49
JP,2147666484,176,8307ff15fbbb8989,8f56bf721e016515,f0a6768fef8783de,e1a9b83f5ea0360a,44
JP,2147666660,80,71ead965096d042c,973733079e7be77a,fe5088914f8ecdf0,7163b64041326fae,20
JP,2147666740,192,a73f57960340a677,1cbe57a988a86448,58cf8bba3b8d1186,a259dceb58f18e40,48
JP,2147666932,12,5f6ceee19ff6fedf,fe958949e886b7ba,620e29b6bd946f01,df626942b267a137,3
JP,2147666944,12,48af38e3fba76e70,3189e596a7733148,a7956348a89cfdbf,cb9ca9385fcd5e2c,3
JP,2147666956,712,970ad9540dce8585,2ec51ec6484d05d5,37e2444fb9e9c428,92aee444e16ec480,178
JP,2147667668,48,fb2d92420cda6f70,e514664d2b1d9498,ca9490aad4c29c63,3b4d38e48e15dbda,12
JP,2147667716,56,c8ce76e9827f100f,85a617235622e1d2,e2165518ad1bc88e,e08e7a67905d4d74,14
JP,2147667772,116,78115e26f9f86939,877da00749fec324,08ea083d21f162be,56f56696e5be0d30,29
JP,2147667888,84,0abbbeea11791202,e1c1b53634aa9e56,29b586143467c430,4d6cbe5a101e1e5c,21
JP,2147667972,456,8410233b7defa603,bf3e518a8e59be44,772d43fb2f6a9e73,fefc7888564f54a1,114
JP,2147668428,200,fda68e5bbfb2d0e0,583113750cb8ed9f,9ad3e05aac5e97de,6c5226f7edc5ed56,50
JP,2147668628,288,ec9fc9865ee43487,713eacabd8697dbd,bb2e00af822c63ea,06e0deec09019b05,72
JP,2147668916,216,07da9d1fdf1870e4,3e857dc513031717,1e1cc7163ccf5bf4,c79c8d52782c5cac,54
JP,2147669132,284,380a5d493b7c7593,7179d7554e580bbe,e3a1cf62d3da8e77,410c2ce978010a7a,71
JP,2147669416,752,ac0056932f96fd29,03ea785de662871d,5709be4d907da951,6030b62b0a4b772e,188
JP,2147670168,752,d128db61ea78c7d1,cbe4b7bb5441cd8d,40d04839c3cf1787,8295d1e1ae427c52,188
JP,2147670920,68,758ed74d19d13d3f,e6bbc5e1fffe2a5b,cd4a5c7131bcac89,2a670f6554f878b9,17
JP,2147670988,56,32ba97d06a272834,51d3c44407a66084,f6c201a862719796,86876fed13af7241,14
JP,2147671044,324,7ef91f32110d714e,7f3eca0bc59b1b38,4a99c72292332a1a,a729a16051ad360d,81
JP,2147671368,216,c37f7b034ac2398a,86a3a8459d4886bd,01dd9bf63088226c,b924190fd676b630,54
JP,2147671584,236,e2a987b1feb0b402,5e74ddc292097693,0afde6854326de0f,0065cd4a077a30ff,59
JP,2147671820,316,f46f1bbe22c0c416,9cf2d8698df7db97,cd90a94cb90b0c33,2c70a63b749b50ab,79
JP,2147672136,312,451c241e19e2cf1c,e021f65e8ed5d334,607372b9509982b8,2a3abd319bec4e48,78
JP,2147672448,292,65e2da750374bf7a,b6f2cfcb353b41b1,0925ccfa56ba3a58,140c10bc256193ef,73
JP,2147672740,112,651385537d5352b7,e0dda08b596563d9,46dd6ff9d51fe558,24dd5d41e8060908,28
JP,2147672852,400,a7f21a7e6e481ea3,5963131ebc386c30,59a8c36cbdbf1a3f,f97ceea2fca67ed2,100
JP,2147673252,56,196406444339712b,de1c02dbda6d8d0a,17b1873d1d9bd4ba,01de5ec6516826fe,14
JP,2147673308,100,b5cfa40c381c4c02,63ff834115b5c603,1d42321efb32f538,5d90e529faa105fc,25
JP,2147673408,112,3fa724cb27f8809b,5c8eb3dfd98795c4,8b02e8076a19ccdc,5784538985131f63,28
JP,2147673520,52,b52e113580351f9f,66c3925763a2d493,7b150b3f294080c4,360dede8dfc83654,13
JP,2147673572,860,952889de8402237b,e3bdc94abf967f1f,f0ee7bb84f3d038b,2dff27820418d848,215
JP,2147674432,628,61b04f2b160644e0,e869745034fd4912,6a35bf89cd90964a,727480b81f4367a1,157
JP,2147675060,432,1b43a8d6d520ba91,1d1b1200ccbbe4fc,9cbbb82115a15584,49102e89d8b0901c,108
JP,2147675492,8,7678540574197b42,c9012c2c267bea50,c9012c2c267bea50,3bd7b78e78d5ed0f,2
JP,2147675500,68,4545d499691b16f3,dadd6c13b986de98,046953274ad2f13a,09514904d770390f,17
JP,2147675568,476,ad1743f93ec202f6,dbd16e455792beda,a6fb94c490d92611,2113019c2e2ef0ca,119
JP,2147676044,64,2b4a045d5da77120,b4b014d735cbee4f,5e383956727b4427,d4c77dec36aef3bf,16
JP,2147676108,72,330fff87a310e710,bc9f7f442a4f0bae,ef6166ab28d52fab,6d2b267b248a3959,18
JP,2147676180,312,50b3aa4d951a7986,900765cd6dd488d6,e64caad11e600242,fa9259ee41bfe2c9,78
JP,2147676492,1540,c1af49686f4015fb,50ec9eb2a66980b4,9e13ade4482538f5,a4e1aebbbaf68949,385
JP,2147678032,96,eb63b41ee3a840cf,cf0eac61eb965739,f11877a8f3eebc99,26ae8b00a178f89d,24
JP,2147678128,132,41b9140ce1d93795,17f7e0379a25f536,325f78fa3859c393,0923651901638cdc,33
JP,2147678260,132,2aea4f122d7ee19c,17f7e0379a25f536,325f78fa3859c393,0923651901638cdc,33
JP,2147678392,80,fcc8aacbc295a908,29a6c3821672ba72,2c6aca153462ab66,ad7fc3542b145127,20
JP,2147678472,212,a39ef175a7b4764a,1445eb34e11a79f6,6b19354066184909,88cc4e2d464039c1,53
JP,2147678684,1344,25e056249ca0ab5b,fdda7ad9947a107b,1f81f986a68c17b2,e7d0a24b8a35a63d,336
JP,2147680028,24,9d53c9af574d7415,9529e88cbd625f5a,7a09e0581339723d,5ed55026bb2088d5,6
JP,2147680052,200,f00311b8b0207045,1b1fb78ca4631edb,b62e5e6a18aa589c,bf9f30d6c057f891,50
JP,2147680252,84,d53debb9f21c8d02,bb0f52bb98a22526,8d29996a4c6bbdd3,bec9816845c88b2e,21
JP,2147680336,84,e1ef08af24c41489,e2c34bd6d78b4b33,8d29996a4c6bbdd3,bec9816845c88b2e,21
JP,2147680420,44,76e506ed6c54cbcb,46880b013d892042,a79246c629f67446,694f307065f4020d,11
JP,2147680464,56,027bbace98b56d93,8226a62009687403,8e0a82e8cb2f6504,a8eb66f17adfdebf,14
JP,2147680520,24,5f67d1db765b4a68,f2e7f245ef8b5f06,60a02fd0fda57c3c,162a9be535861a4b,6
JP,2147680544,20,33ee3e3e01f0da70,2409de39c413e3ba,f56c4bb3b8242d06,a77970c770137fc1,5
JP,2147680564,12,6c15ca73d0ea694e,1af2e46c98900112,fba0ecd7054c9b3e,e470457ba2142154,3
JP,2147680576,112,e65d4c93261bc9f8,5b0c2e40e7bed7f1,359667a2e93f5335,a6cfa126b60afccc,28
JP,2147680688,140,a0a02e1085b42462,85fba1d923d33184,edb936389ae14b5a,f01f7fb9698a2c56,35
JP,2147680828,56,16078c59e0416df5,34f9b6bbe4297532,a77359b3419c77c2,7a135f93d347f1e1,14
JP,2147680884,148,17b042d27f875c65,3ffa798b7eedb6ec,489d17311ce6cc38,0fe8a128461958b1,37
JP,2147681032,60,68201edf20d977c8,2bf07e92fb1c1d0c,610b1500e517b34f,8db9f6eedd46b6fa,15
JP,2147681092,92,7ba82da8656aa85f,3c8cbfc2d303095e,6bcc4094456ad6b6,8600dcf17e33e022,23
JP,2147681184,144,d2955a96cdcf7445,3bf04e8010400a23,e753d39b6dd18027,6d5580bd769e6710,36
JP,2147681328,372,8f3369f8c9e0d017,20aaef1f1b14e1bc,9e1db282b964af8e,54c70a98261eb11b,93
JP,2147681700,132,c40ef7b02d4db3de,66bca9bd7bd45c5f,695b581d560901b6,c035648230d88b5a,33
JP,2147681832,116,c9d5ebf08b6142e2,ae846174d55c857d,5cfa55e4a0fc22e5,99d0ad66d8984787,29
JP,2147681948,300,2c761ab06350dbf1,fb7068add286cf21,1e20ca4469b6bb99,65cbdc09914bdb6a,75
JP,2147682248,1272,c6511b97ef46036a,7a7c610cf56a6e15,8218ef635e58e93f,b1e04e99ab11885f,318
JP,2147683520,1304,2966d3c6048cdd7e,82a6fe5f73f118d5,295fd7999f1d228e,8f3cbc6abbd59510,326
JP,2147684824,1616,e8dfa52a4b46b997,3f649e19261cff89,9c4df72157b7a84e,d1beeec6f7858108,404
JP,2147686440,60,11676aab0f96a6cb,98642ad1657ede33,98642ad1657ede33,489365292fd0fcd5,15
JP,2147686500,708,3d8fc9eb926fee38,dd3ee0ce1005911a,1c00d0dc94aeac2d,e7403fae675427f9,177
JP,2147687208,1424,083505638a867ae3,f07e46191914b329,f5f9b6cc61ee1e81,170f9981e8a99d84,356
JP,2147688632,660,6c6c3ef70fc32210,d07c9d0476439089,b9fdd72294686712,d006337c0f22e59a,165
JP,2147689292,44,2dfac22fee32f262,ae34556ec3ec4841,efa52c0bd743b40a,93014c33b56ff0ee,11
JP,2147689336,244,e2ce1885608e199d,16a0dd6924201916,b5f7570373af927c,647f85e7971b5e41,61
JP,2147689580,120,00aa6d167ed64cf4,e60581b7bdefec18,8d77d9e149d1aa7f,6d6907e0f0dbec17,30
JP,2147689700,192,b3e96e9ee3cd2eb9,6ae7d3a7e0d60e4d,a069953ee526e815,73cf3b9f2b10d5d0,48
JP,2147689892,260,489b3693e976721c,35e21badc865f02b,99b58250d2ae5251,a44251ec8085cbc8,65
JP,2147690152,44,cffed996c4f789f9,3b90ace3a20b2f95,70903cd73f22a4b8,340ef574246800a9,11
JP,2147690196,1024,5db2a9a9fa56d9b6,dc23b0ccba43ddf0,6ff15c7d3bfea8da,b1edae9b084c553f,256
JP,2147691220,264,6ca81b0b2b4623e3,5ca80df1dc295d52,5a700bacf350e70d,55cea3ef3df50eb9,66
JP,2147691484,128,a03ab295e6f20b7d,569d0fe2fea8da5d,307dd575e722ba6d,1d34ed0270d1446e,32
JP,2147691612,120,d5ce6ce893423f1c,55dafe36599fa7d0,c8fae770a12bb4e6,f19cba413fb23f15,30
JP,2147691732,88,467a6642bae968b6,3a1ade3b5188128d,8d5060b47a7030e0,45f9dcf256bb38a8,22
JP,2147691820,64,283dab99ceee8026,729d0556135d7a1d,21325c8a537efcd2,d77a18a9b3d09876,16
JP,2147691884,252,2f3254b201353066,44a8291a5415c73d,e82562cb2b60a59a,62edcd5ad5b08978,63
JP,2147692136,532,861bf7aeb5a80a24,e89f60e6e154e7d5,2196ab97c3570b09,f0f61ef634783d57,133
JP,2147692668,68,7523d5159ee354ba,f5cfc4ec9045f61a,86eaa5dc73debda0,f0ce14e08578b262,17
JP,2147692736,328,f655c50fedf4dd12,f02879eab7d1f14e,ccd37bc9b30407b9,16aadd572f82ef49,82
JP,2147693064,300,97e3ea36fc173b78,60db2a3cb1a2a8bb,957b1fd0a433ebfa,eaa4addc97747279,75
JP,2147693364,16,c8a77f5819f3b21f,67d62f0c3cd3cc8a,31627a6bb4f94ba7,b063900f4078f936,4
JP,2147693380,68,10cda00432bc7201,9faa5e27db01f8e5,50ac5963b2046a1c,456f6e21fcbbf67d,17
JP,2147693448,68,4443b811c941c09a,056b3cba9e924f36,5f5e2bec8024f517,456f6e21fcbbf67d,17
JP,2147693516,12,eada03437e465df9,df9b73c1a6c9305f,df9b73c1a6c9305f,e470457ba2142154,3
JP,2147693528,12,eada03437e465df9,df9b73c1a6c9305f,df9b73c1a6c9305f,e470457ba2142154,3
JP,2147693540,136,218261b4859238d1,427dd3e2dae4ce3a,ac45fb4d8183752a,c48033e5fbb489b5,34
JP,2147693676,272,998611385dd52e8e,12cbf29a6b29049f,d2f14ad68ca19477,58adb1d9f5ef9466,68
JP,2147693948,296,5698b634bb0b54b0,109d525812229218,d0b660c4500c9a26,6db2212f08615128,74
JP,2147694244,172,399e1c165c566ec2,1a7a3e1755463930,4e3621b15ca62aab,01c1d5255c24be66,43
JP,2147694416,140,3f5be74133416f04,ec5c4184e6563522,cb924c14d933a05c,4871f386acfa4333,35
JP,2147694556,64,f2fc50f01e24206c,8c8e174b4239c273,ae2cc0736ddd2a5d,50a811291b4bce19,16
JP,2147694620,60,1522491e55d1f44a,24e581d6482c32f6,9e96f2c452669f86,0a7a1f0c7eff5b88,15
JP,2147694680,32,dc62f8bd0ff6a816,d5e9cf82f4a9be17,83c3b1950ea9091e,6886d9622ce8a069,8
JP,2147694712,184,19d70e4e4fc2c096,5a888da4d4334fcb,6815ec24d6236bc7,c115378c05716033,46
JP,2147694896,208,b408258eb41358b0,25332816656e23b9,05961b57cbb98695,1b7c4c11df12b17d,52
JP,2147695104,228,10862063423ab8b2,215a4a8ed78f78d9,d47c8669548855b7,4b11abe46a995905,57
JP,2147695332,248,cc62f06b5299ecac,c9d378dc9e63f4bf,c12b7285bb6b6e78,91859dc9e0de70f7,62
JP,2147695580,472,3e5147f1eea1d3bf,8d94660ce8c33b6e,cbce95dafdbeedd5,eb4a920a25eeeb2d,118
JP,2147696052,400,2b33536b24b88d42,2c74e86989bf90fc,42dfe496e7d000ed,715b5ad1d4cf8d87,100
JP,2147696452,244,62f1f048f0e156b1,02af57864d210d57,e228b89cc789fc4e,2cf44f9b26d0cf3f,61
JP,2147696696,96,d5227b04c0b1fed1,124fb8e7bb512167,c0e11daef0e4d522,b902b0b95d5baea4,24
JP,2147696792,252,ac02c1cc88b568cf,5c66e6ddb19e561b,5484eb6e149d00e0,35da517e23992b08,63
JP,2147697044,216,67de005deedf29d5,e103add1cd2e2719,9a2ea41aea69d9fa,4c1a9f08d1472055,54
JP,2147697260,72,73ceeb645834a0de,d289fc43e6181bde,31ad922e5ecea5a2,0cd474099058bc47,18
JP,2147697332,76,f0780e3a22091fb8,fb7dc55e0ad33e79,14c15f498dd7913b,36a0da1c8db0378f,19
JP,2147697408,220,5c4d0591d381b5c8,f67e071152d8c538,31a559e73b535bec,e11395699804e41d,55
JP,2147697628,80,6526cda8629c6bfd,681b9a8179317b27,a3ce378854975728,f8c82817499f5000,20
JP,2147697708,804,2b81e2d36c164dfe,455b09e2e76669ee,9e3f1ef67e8efb87,11c18163666a26cc,201
JP,2147698512,160,2f3c637a4be4f050,0a7efea1daa1b798,1373a4756fd47bce,6d38c00ff76140e8,40
JP,2147698672,268,bd1381b49f27de0c,563a4b306f0e5cb8,62889ac0c5e8761b,1b3cd2e6254ca2a4,67
JP,2147698940,144,ddb419161aef45cf,074c2cbb7b040708,0c895033269a4e16,3628d3b5712a726d,36
JP,2147699084,572,d2e5862ce83d7190,7f03471c3cf334c9,30d0f7e4f25a141b,f0e23c3d40dcccbc,143
JP,2147699656,268,8b03623501366517,1fceb02f6f7bfd11,42ee105f95c3de73,d7313c0701fa492b,67
JP,2147699924,528,d506837bef00f983,40e045b01743ddd1,763be2a831aeb90c,667884d15ac0841a,132
JP,2147700452,412,4cfcc0f9005cb5cf,1ca8bdb795ed688f,1a42f8ba2ba22b35,30d8de0951cfd727,103
JP,2147700864,128,4147a8daf7ed2702,4e0a69b065a42bac,7b4ad0c4ff90fda8,e8159f1c1b4adba8,32
JP,2147700992,124,03e5077117eb7f04,e7cadd7e2f1baca8,23d9515974cf2e97,9764fc4a4ee5a045,31
JP,2147701116,108,23fb1c0e3c819617,4b1ebade7c2a558b,0bad24c2aacb1129,5646cccbb97b0af4,27
JP,2147701224,52,c6f67d9dfda54e13,7c7364678491dc97,c015ef02ad0b3e6b,8fef7ce8df6605c3,13
JP,2147701276,4800,ef15a8c672d3aaa6,203d50db89e4a1cb,1224000a6ea39cb9,00238c38c0a9aadd,1200
JP,2147706076,116,2567f373b94244ed,6b184268cc499a4d,315d286587463517,be541c12090ca34a,29
JP,2147706192,32,fc0fc24610a6d279,b8c84fe049c42127,c85f792f0893fe7e,7ff13febf643f4e5,8
JP,2147706224,24,1f0e4dd611a30f2c,4f1a9d854b02da48,618919d523dbbeb8,a654bb05b033630f,6
JP,2147706248,32,fdd5d27cf5a260b7,b3386d7d36cc569f,c85f792f0893fe7e,7ff13febf643f4e5,8
JP,2147706280,32,6fdee24d0e24ec1e,0c19af09faea28e4,c85f792f0893fe7e,7ff13febf643f4e5,8
JP,2147706312,108,cd77cd4118a0850a,fc2665176ee1a92c,6bbb523816db5d78,65e58301f9b74090,27
JP,2147706420,100,b6d5efc7a02a7c31,64b32cc1f582f39b,baf024376a22e0c0,8e31d6ad97a4ec8f,25
JP,2147706520,288,be6e2ebeef481a69,73f001381a174cfd,e1d7b90cb49c9469,1df6137e63c70d81,72
JP,2147706808,116,608a92f7e378b4b3,176f344a204d547c,4758066ee03bcbbb,50e6d7c846009955,29
JP,2147706924,408,177b23f225a8b845,93e4320f42777572,7735cbc694ab57a2,2f6f0b0e505bdc08,102
JP,2147707332,2940,8171e7ddb97b243a,178a3d8859d1aa79,f0bef3a40eabf5f0,b6a555f31d159cdb,735
JP,2147710272,308,c47db3a1265c3020,865fb3cd32208074,584442dd265cba55,8737afa7309019c7,77
JP,2147710580,1464,44b972808ce84b55,de66cdc1c1a3a87c,7fee6515ae87ea71,68679dde3ea0e7e8,366
JP,2147712044,256,50c1bbec8611965c,ffb02875508b64f6,9017e41e22f10311,d9336313ecc7d37f,64
JP,2147712300,6536,a4737a94b3efa85d,7eb5c150bb17ec0d,6f28c21e94e83e83,c4da83f244c1138d,1634
JP,2147718836,480,c388a1916e1e9ecd,fc40101ff6f0d3e0,77bfe209c7190d89,fc730e8729050d68,120
JP,2147719316,5708,31b1ca133327790c,6ce96c2f2ce7674c,a448e7fde304adad,bce370e34f9ffb1c,1427
JP,2147725024,976,549291507b00d6bf,d6dc9cec514cb8e6,3303ed9b4de15fdf,6303a532b8823e26,244
JP,2147726000,204,bc87782964abab99,b5c59e3b71891a1b,d6f589c13081140b,63033dc125ed8bd7,51
JP,2147726204,272,70fb4ea410cd71fe,946e9ecd6e325262,b535a7fd4181e0e2,ec95a550788611db,68
JP,2147726476,816,9bb51f35f2350e91,80e65dfd1755048a,0aae258ac359c7ed,b7d75be5ed667b62,204
JP,2147727292,328,74386b7aaf2af82e,cb10526de7aec327,323ff6ca6ae32923,f560bc3693772fc3,82
JP,2147727620,2928,c3e77b6ee6fb436f,96e2db71b7b37d7f,a97f00672f8ce8a2,11a7b32f4dc97869,732
JP,2147730548,156,f386b96cd90327c7,2e854c622914e279,820baaee9b7d13aa,01ee111c041c2952,39
JP,2147730704,132,3c2aa24ca9db5771,08b4793767a59b45,caaab51182e1a43f,d49f679778ba04cf,33
JP,2147730836,232,971e18878b239532,f6fa4503deb0e378,dba6e6dd4afd9e39,a9660f461aaa162d,58
JP,2147731068,480,dadc95e62d19d74a,daf6e87203002a03,e92df7e3e2502037,2affffe75f0c9863,120
JP,2147731548,96,2f1049ad0647a235,6108ad90069a2031,800aad580d10642c,b1a7a05c901336c1,24
JP,2147731644,264,30afb550200a8118,f6848ab16dfa4a00,18da4d5cbc5fde3b,92496ce9214adf2a,66
JP,2147731908,660,09363cb1beb8be42,6309d5189296e316,cf43558e78ee8c34,4f9304fe38309183,165
JP,2147732568,612,90ab345cb0fd3003,f81b538c1e331831,143529f3974d4bb2,22f8c3cb30e797a3,153
JP,2147733180,2208,1718f9e4b7f3997d,f1d3302afb4487c4,d7c8ead4210ef57c,dd5d61baa0ab3173,552
JP,2147735388,116,5147ee00aa091833,e2221980677c0e76,515e39873bdf6da6,01a612a72824249b,29
JP,2147735504,200,094c956cbf2f2efb,6daf0f2f0ead609b,a10688c31b35875b,dd07f465dbd2d7f1,50
JP,2147735704,268,ba90356d320da338,7bd995e713b4e7ba,52bae65648553009,9bf63aa7f225864f,67
JP,2147735972,108,3b2f238848e13337,7be2bf2af1abef40,b656f70d9cff7b18,407534e71716ff86,27
JP,2147736080,112,b8cf7f8aa23740d4,20369450c0c87d74,47d7636959476b08,c49513fbc37cf129,28
JP,2147736192,72,7416eec97734d7b0,52fb2a5c879279ad,9e815af6faed0794,5347579a76399866,18
JP,2147736264,116,c2c29351f8304c35,41b06016c91cc9f7,c93f58ea81508671,24df575c3ec7c55a,29
JP,2147736380,3032,f97bcdc2631fb269,48cbf5c17edacd29,a561dfffd106bd57,0679402f1fbbf6dd,758
JP,2147739412,68,7187a3525a83e374,8f62c485ea58c577,f412898921e579dc,b75994585f698861,17
JP,2147739480,168,cc2ffeef70255af1,47b90d86d4b442aa,ea021dade6fb95ed,d935e0c75fae95b6,42
JP,2147739648,284,c428621e155d1652,e991ba708bf2f24e,bbcf0ed726a69f9b,0f0ca16e91ab8d4e,71
JP,2147739932,60,d976ad47239671c4,48ce82cbda9e91c9,cb7ed8910acb5b94,59d9dea217924f79,15
JP,2147739992,84,9dff9192c855d08c,ea76f78ff7e17d31,3ffb81d5c5f6a823,8eff59de72dbcd89,21
JP,2147740076,80,37f75643dd5a463e,2b641c5c511067bf,49be910e57712913,08fcdf2406a0c40d,20
JP,2147740156,196,2ccc0b3fc8102976,661e6e37a0748b07,94461bf9df448547,8b8e4c8514a8566a,49
JP,2147740352,80,23e4e9da74fb7cc7,95743af5a3eff8fd,5dba0cbb89720933,128b59b28e4bc902,20
JP,2147740432,232,25d30ca18fa6d941,5ec18e41e4fdacb5,bad77bc2ba36f949,91bd18a119b48784,58
JP,2147740664,132,3b7c9dd4df10f50d,894ae7764730e87b,405c3d7a6b9bcec2,e7ebc9e0ce549520,33
JP,2147740796,92,7fe739aea79e78a4,1e3ccd91d17a5fcd,9a2090540167f7e6,a1d309b8b32adbae,23
JP,2147740888,68,e9bb6d81ea9615ea,e666f22f701b1178,339654eabfe1cc76,9b05f947ced2ed4f,17
JP,2147740956,148,dd9a849d029fe271,005cec6ae233f35b,ee261025161bd3af,e4ef4bb489b4eadc,37
JP,2147741104,208,e5a99d03811dc5a6,112cbcf150f72549,4f0e86ac5dfbd2a1,b09430dcd656197b,52
JP,2147741312,72,e53b5c3df864cffd,7fe3bff66fb4910c,64cd3bb6efe246d3,024e90632705b99f,18
JP,2147741384,168,b200468047f683c6,0fb37c81e415080a,2884cb5ffd1ce31a,1e83116ca4a35c0b,42
JP,2147741552,388,117e8c83e7ddd51b,00bf39ec2645eb84,71c129b64cd82624,dd977693738b7330,97
JP,2147741940,144,e446100885336011,48856e31ffe46e8d,474ea3d5437d7c9c,c889f146cfb47172,36
JP,2147742084,124,45115969335f7607,04899813e3038fe2,6384a8894b31fe1b,ef6f0133b20e52d3,31
JP,2147742208,112,4f7b6fbe754b7bfe,d1f5efce45ba7a93,a1a54058001a2c79,ed6bf6bc44721977,28
JP,2147742320,124,a79e28bfb278d4f9,bf95f17df3366014,6384a8894b31fe1b,ef6f0133b20e52d3,31
JP,2147742444,112,259984828e44932c,fcdcb6a8a441d4f0,a1a54058001a2c79,ed6bf6bc44721977,28
JP,2147742556,68,5f685258fc4138fc,e9e76b2ca86b73c9,0662748ad3d8a864,7c8821f9207d1906,17
JP,2147742624,96,52c5eb337c482b4a,25d0e38d3ca9e9bc,6041ca556b2e9fec,61829d64120dd6a2,24
JP,2147742720,56,89822ff3ae3000b1,0269c5934b0e70d7,09386f21d62a63c6,c1d847442d84a43e,14
JP,2147742776,108,8597a81b8e40ee7b,c7da03f84ca43691,37028c2ebbd001a5,03758c60f315495d,27
JP,2147742884,116,1b01f8c4474a0950,20d81227f34ef71d,d5d8187771e49007,1613b31ca9193bd1,29
JP,2147743000,156,18a2543e8a7d8779,e395c20a21f43a83,8d84a9ac47a1794d,40a3e2fbcac08f18,39
JP,2147743156,240,ab2f332d8ac856c1,0fb3b2d371a18add,50c10730c98f03e2,443d5fba2146563d,60
JP,2147743396,1392,8ddb77cc27a5802e,9aa6766438a76f06,28af44b93533d6fa,68845abafd64503e,348
JP,2147744788,116,80f6de22708e8b16,1380b87bd6312bdd,17eec0b3354641ef,0366eee4b9faa4f7,29
JP,2147744904,180,8b2a7c8018a2b975,e50f30e0884fcb30,52836f708c11cb3b,7b4a8cd8a7fe1519,45
JP,2147745084,484,47087c12f5ee0379,8b19d254a3471c60,3ac82770dc05c21d,4a3216b58a3736e8,121
JP,2147745568,152,882efb1853297f7d,26efe6168a68f0f1,a35797d48f3658af,e11b230959ec192c,38
JP,2147745720,100,c668245349fd4ec9,14329bc245301cf9,3cd4e07554f1376a,f2f568c4195f0f1c,25
JP,2147745820,120,4b672cb31979c820,56a4f04dfc007032,fc6325ec9909f481,ab2c99ba4960e9bf,30
JP,2147745940,92,fab1dd7db76978aa,900976cb4f8fef12,70210c5da240410c,e17b1243fd02c83c,23
JP,2147746032,108,dce3682fee5d24d7,c15c8842ec53a0f6,e673dad4fc023697,c459209f1abfd10f,27
JP,2147746140,204,f605e484257e3a60,8c7e3168af0d1804,bf1e2269bdb9235c,d3f516ae10def360,51
JP,2147746344,36,be99fc918d1f0bd5,7e7b996d5272250a,8eb23ebc0870a309,4c17ef2f8f033c01,9
JP,2147746380,44,b8aa9a5eef9ba128,8d133e82eb59db7e,728ccdda50b2e193,307a9afb8f096b54,11
JP,2147746424,24,c16ca58d0e15b72f,340fbd517bcb770c,f18bfb804d62ef81,c78fcba74fb1ff7b,6
JP,2147746448,116,9aba759b16791526,de11f3f19c8d5374,442c64fa0d007970,d72ce13990a3484c,29
JP,2147746564,80,f4c51c25779ef396,952536582014f741,8d82f18d56861eb3,900402c3c82a8e9a,20
JP,2147746644,20,21dc2a37af601801,359766d8ca42aad0,89c266fb7a2c58f7,9ac31e035dd71977,5
JP,2147746664,44,307a235fae3bd300,e8a0fe491a08a1b9,5c88e99fd353de46,d58f7b14c7c4fef2,11
JP,2147746708,64,66ad94219beabab7,569cbbccdd1aa27d,b9e95629f05ac245,2bb2257ccee18bda,16
JP,2147746772,24,9df07022b4d9bc2d,b4bffd2e6396d7bd,ade1d28d7591e021,ffa543a235fc4e1c,6
JP,2147746796,56,7a1ddc8f250fe59e,c9bf2f2404b81fd6,112c9fd0c53bbfc6,9e0b6712556fe130,14
JP,2147746852,32,004f3dc3ab5b796d,b5ac689a423d41cc,ac1ec54117dc8728,31a385ce9b78984d,8
JP,2147746884,68,a61b37c2710a176a,108b224cedf00a41,c2ee393afd1fe979,685f7e008452cf82,17
JP,2147746952,64,d360623c8263c19f,2c49b25c9142612e,4546dcf81bf18690,4f4ed15dee3828be,16
JP,2147747016,1028,3d821d1ac0747e01,0deb6074b85c6b00,4b5eddc5c22e86b6,d1962f84c4e89f32,257
JP,2147748044,76,56a92167eb71d36a,0b8bf4962c3cfe19,97273178c4b35fab,e012817e9099db4c,19
JP,2147748120,1336,b7dc7ab44b8a8b09,3872503ed08d4f80,38bffa0437cf84f9,2231a948943e937c,334
JP,2147749456,88,13a18fd700171088,32341c1a9e783f7a,5d4a513948429a68,017cb959ce5370c3,22
JP,2147749544,56,8bb40976ada77152,1834d003f6b6f2a6,a6fe506946e434ea,89260cc5a67da16f,14
JP,2147749600,204,9a808676e188357d,12af3ef7ef6d9172,3cf7d0e94f275cfd,f7851b5f98e631b0,51
JP,2147749804,3448,c3c8204624cec469,8007b8e77b7adf4c,eb09f5c2fda50d3d,1235e1ca153d1e01,862
JP,2147753252,1352,c5535adb6b56988c,2e12d853b33cd271,8b1c03570b476d4b,81d968d13736c9e8,338
JP,2147754604,104,ecd5fa28fef658c2,d794a4ef65327876,3a0a42f5d796aea0,d587be862dbb6093,26
JP,2147754708,3028,0f47eeedc7a21086,2c02cd6e441dcf14,c2e656a59e3c1eb4,1ece2bbb7392cae1,757
JP,2147757736,1976,449dae302e1363ef,425231272344493b,d4d64706a51371cb,686609c739e5b853,494
JP,2147759712,376,63a4d7f7e8489c02,34704dd79d1f0f89,e859a60f3586ea15,3192150c3041512a,94
JP,2147760088,36,edd088bab9bfa75b,e49ebd312adbb21f,bc70a937a251316e,4d8b79748f49ebbf,9
JP,2147760124,124,29b3ca4e5a7207d2,764e348b423a5293,51f353a047817fc7,f2370cbcd3e346b8,31
JP,2147760248,104,e113a998a00c20cf,de582553ae3a5e9f,15f7a5b15a57d251,7fd83c52b5d0b6e0,26
JP,2147760352,84,1d240819969844d0,3e653843b15dcc9d,dec102d247acdcda,1d188d5cc51b39b1,21
JP,2147760436,156,8971d48b6a7a77fe,54d6d96e1bb4e3cb,8ed9c5bc2f29654f,4c3b2ad6a0aee6f1,39
JP,2147760592,104,b9a17bf6085624bc,9dc1eda5de245566,7f23301833614585,7d6573697b44b7e3,26
JP,2147760696,560,294c9539e7c6634c,6c28645d2ef1c341,34f20ad3f45d8962,234f4bde25a49619,140
JP,2147761256,188,a00f7db86b316249,486145ed61ef5a3e,3c040814504cdd69,9d91db0aa7bdf850,47
JP,2147761444,76,f3779dec4c376226,3f02c08d7df88c0e,db6a492608b01863,614cf5611df85fe6,19
JP,2147761520,468,990dbe479724f54e,63c23e79a7437fbf,1ca86c1462651570,2ae8cba82d0768ea,117
JP,2147761988,108,07603a25d0d413bf,16d2fda944e4d34d,31993874d8ebabaf,fd2ecfc24168ab8e,27
JP,2147762096,292,435c72630459ed60,a62fc45d61549ca5,19e73fc09a90f81f,1c2b0b25ca961bf4,73
JP,2147762388,536,c20b7013b7a4e7d9,a2499aa56d10d8a3,838f46ceb0e2cff6,437a131c31ffa3f5,134
JP,2147762924,100,71f40dba9f28c1d2,8b194c3f21ff4e45,6990e8741a8f5bc8,a701e49a2547874e,25
JP,2147763024,280,e3e4a2d5fe9e11d8,9774fc1fe521a383,2ee5eee9aa14361d,10a9203682eb4aac,70
JP,2147763304,376,d70fad6a278c4bb7,fe1e2eeb5875a1d4,dd1c902de6cc970f,ba9cea5a3d6d45c8,94
JP,2147763680,588,921e3cdd3cac3b4e,9c27be2244bda62b,2a1256a653f34644,d1c8618873ec23f7,147
JP,2147764268,672,25c54ab2762e31fe,aa5c452fca5715e3,6b50bacac7057453,5895da2d772608e7,168
JP,2147764940,2104,bac55d1eae46213f,9e71ddd5e0a8fda5,dbd74792747a46e9,156936503bc4fac2,526
JP,2147767044,400,106258f98a812eb2,aeb23264e3e1a45b,cc2ec8557a19b0d7,f50a526d74429fb9,100
JP,2147767444,332,d201b11bdb0ecb92,fec1eb90cf6371b7,8b70fb83927eaa6a,a6f9621a94429275,83
JP,2147767776,12,952ffd7d72b74993,b7bf95aa09fc85b2,7024bdd6715f6626,a11fe8e1f4e88c62,3
JP,2147767788,276,20a804243ff1a9ec,7972f248fc4f0349,8a0ac8cff06561f3,f5e3994fa0fff189,69
JP,2147768064,504,9971ceb8aa5e5002,2afc046e0000f8c9,f4fbd1ed49d97d76,586e497e7eb5fd6d,126
JP,2147768568,12,fbca05b17cf80aaf,784e96bf4b1dbe92,9ab6e4e7605e7e37,c908791602e0f844,3
JP,2147768580,28,100b9aec4a11a61f,e3e7a2c0241d11c4,0f176e9275eb12da,1fb0325cca21a90f,7
JP,2147768608,72,97b909db70a3013a,c82dda4d3e3042e8,22a002855ca66496,3567ff272eb41fd6,18
JP,2147768680,36,63311fdd7ced8487,3fff01003128de58,a056e92d4e4e311d,6ea85a6aaed0c807,9
JP,2147768716,124,c3fbd4b0f9dce3f3,5897ce385fcad8aa,225f986d75322002,5463bc7a1144afb1,31
JP,2147768840,44,362c22563a96ca3b,4cb8630c5819d747,9be73f6526c3d80b,65414760863b5d53,11
JP,2147768884,48,aa81da3e241b5fe3,32ea2d0018947c72,ed06c04c8c9ab290,0fd77efae47b7704,12
JP,2147768932,12,784803fb6883d44c,46deb37f0a05b6bc,ab02e6405dd67494,2779508efb522f1c,3
JP,2147768944,12,0750e442bd0875b2,e07e10234603daf5,20c7fbcdbec83a4d,04ecb3961d8569ba,3
JP,2147768956,496,48979b351c61c08d,c12bc083d28067f6,66bd6911186b8fa7,da3fcde0c326bedc,124
JP,2147769452,16,d9f1735ab68904fb,e933d11c4dce47ff,814dc0b79919e6d2,52fc71fb9d8552a9,4
JP,2147769468,584,db86fd0f1ce3608d,25b1c5e5ad1a826e,df5e767204613630,4f4eb78057ca9a7f,146
JP,2147770052,2576,58c4accb20f99396,7e1f30c1664c05f5,c47ac745f2cc954f,8783f7a69f185f78,644
JP,2147772628,152,daaed0e96b584a15,9cd6345b363e7672,ad9a2069c88d2c0b,c1fe7561ef8dab6c,38
JP,2147772780,104,f0256bcae8617121,386658eba4137174,ccda0634f526ef79,1eabe203aca34ce8,26
JP,2147772884,316,d8e691e906999aba,19b58561e0c487ec,0458708466d374dc,50123780b4eee365,79
JP,2147773200,288,a5ba4820161e0187,d84c5dd3b55ed38e,c605afbb9ec110ac,e7f3940ad58a5380,72
JP,2147773488,404,3bf47e6ea7143d7e,8695a0037219a0af,ae55debea45c22dc,40d11dc1007fbd3e,101
JP,2147773892,332,024b5fa6a0a398d5,90190410816e7ce1,2f12380acd641393,35d68c927f844543,83
JP,2147774224,284,4ab35e10ad84ea5a,30bf099ad5f03144,0884dfaa141c3143,dab6ba323383a055,71
JP,2147774508,60,4cc57ee8a860641d,09c9dd667372f31d,b8896236bd87b44f,e1c0ac97a596365d,15
JP,2147774568,292,0f596395eb23b248,a563c5a2c15a0816,1f8ecf079b00d65c,72825c1edc3292af,73
JP,2147774860,572,7bff4c41d2e361a9,17ea2b43c247f32b,e036c32a3a35d52f,963c8994e71d0866,143
JP,2147775432,264,17515177081b573d,edb43a96d0ed8a69,bb2e036b777b226f,9aab568296ca27a0,66
JP,2147775696,304,b54a67431c21078e,ff84a71a36674d9f,48b8dd31afa00c4b,e0bfec5e1ff8ddaf,76
JP,2147776000,352,c7fc694869c1adf5,740f1f88ffab52c2,b963ec4a5068166c,11502b8229416079,88
JP,2147776352,1568,a71700e31e90f877,5253ee385e3c03dd,caf9a66bb2bcb6a7,8d49788bee2b7d11,392
JP,2147777920,112,9ec85d970bc2e4c1,ccf393fd94dbc41a,e78779b1a6eb9cca,cdb9041d24b4438b,28
JP,2147778032,320,c082b602ca84605f,e5bc6255b07bdfee,dbc4aed36a33fe76,9d9958765b7e0403,80
JP,2147778352,744,e8999454c8c4a3e6,6e6085b13177c1c7,25ffbcf24f440779,86266829dcbd2806,186
JP,2147779096,388,686691d580f2f644,e0a01b7befc74d8c,cddc93db7c09d365,ddf460f083c81bd1,97
JP,2147779484,56,de7860c6d2762b1e,b4a45c92caba9707,d3676a61eeea434b,d600f1240a57af01,14
JP,2147779540,172,bb66202c0f8ad0cb,06074b0f83ffd43f,a2867cba75172e98,c74e29f39c22499e,43
JP,2147779712,28,18e8e25660f2a2fc,7128eef80a531523,e5210c314ae79d83,bdd332c1857e9299,7
JP,2147779740,140,9a67ea010063c746,f55103233ff96342,2c202241a03ea460,957996915377a730,35
JP,2147779880,68,c4a7d04cbd2dbd31,db71440e31368c61,6bf49727433193d4,378c3d2a77929355,17
JP,2147779948,96,a77095a6e9ff50aa,e9be8b4aacb015f7,3ceb4d5db24c1a3f,488617435d146268,24
JP,2147780044,112,499065a73d1546fe,0cfabf0e034f1806,6b867b6d9460fa4c,4cdfd58c652e75e3,28
JP,2147780156,1028,2ee1fc564c945170,32822327a9ddf2c6,cc3f8658a0d69f7b,6255f6e5fb88b86e,257
JP,2147781184,356,3f271866bd0f2476,f1a3d5d5e91790ba,572ac01022d94422,2fe79e014104be12,89
JP,2147781540,20,4afccf09dd522b5c,545063b6d82ec564,619c8adb94159594,fed0546c2b88c43d,5
JP,2147781560,24,229087a79059b4e8,5ea9563fa924c732,ec60d7aba0174b59,8af37b6a6ced9c2d,6
JP,2147781584,36,8507cbde5eeaf56d,3c3e70adc63dd02b,98dfbf2583f75687,889e6c14e4b0bbfb,9
JP,2147781620,60,0259058ef15c76e1,2a23695ac4a800da,e8e3e6f88352d7e9,1665e10e995bf7fb,15
JP,2147781680,12,b915702d4a092131,0e7acc01396de3b0,6e98f72abdb9318b,fd62fb94d603cca8,3
JP,2147781692,160,830fffb9e1a503bd,b38cdf13c125b6c4,9b9e966f5da04f4a,a39cfe3acf3dfed3,40
JP,2147781852,2040,bfbfbc267c4c7515,e44242025245c751,40e27fd29a121cee,de40ce463307f1ff,510
JP,2147783892,780,da221f31e384b871,a547c924bf1d49ff,a2f6b8a5dd0e72a3,14a749fe85dc2548,195
JP,2147784672,444,366742442961a6b7,8a3d261fcda5a7fb,9daca3095f7ebbf1,acd998710b307b90,111
JP,2147785116,152,9ba886d48ca68150,db14e6971c945394,5cf5c53cc106e606,157dbcb440480b72,38
JP,2147785268,32,1bb6a18ce513d56d,be7465e53669d023,a50c60513d1a9b65,8f05a69132121f4c,8
JP,2147785300,32,690116ddb8be68e6,7069e6b4dd059569,a50c60513d1a9b65,8f05a69132121f4c,8
JP,2147785332,1492,da1e4cebeb75e840,12dc3d5784ce0145,823e3d7bd7ba5b50,3e05ce5c677f8647,373
JP,2147786824,788,a02349feaeffb55e,c7d55944dccf3ff1,5658b75423c5503d,188ad378b9e09f2a,197
JP,2147787612,336,1f72239510242448,f0a73bf2f44427d8,fefe363160d91c64,82505bd936969019,84
JP,2147787948,880,3d2e537f2a8bde21,f8dbd4fd91d3ecb9,57d1febc8cb9bd94,576945baebd631f6,220
JP,2147788828,68,b7aabefca0fbefe7,5b5cd30c8a11ddec,1159c1c82df74773,f407605ddedd7eca,17
JP,2147788896,72,df82c862a96d7cfc,9e0988b48b67dbe2,707ed6cfb76e38a4,416235ad924fee94,18
JP,2147788968,208,7677dd78fff34480,6601fdd38e8cf4b2,16ba39011a3ab5bb,f82a92263b52c028,52
JP,2147789176,48,cd0aa5648d3eef32,88a0ed571014b0aa,90e3a4314a729b5c,9de91602d467fe16,12
JP,2147789224,7800,d61879852f2cac4b,a5bf70dd05269185,2485692416f1a24e,47f2da655f4c8472,1950
JP,2147797024,88,5e0be11ef3419e90,f441f01b8ce971ac,e83540d51a0252fc,a8bc5d14a54876bb,22
JP,2147797112,2820,a8f2fd397aab1317,fbe2d1a2177aaf38,c6079dfe8973c710,0dbbbdc79987a622,705
JP,2147799932,84,d198af73d8f9e03f,ecf9c32c30929101,d794e4896f79bacc,e5fa987e77498874,21
JP,2147800016,52,4af47aa8b1273769,fe58c6c1124d3648,e88847c4757456ad,f92b82577174e244,13
JP,2147800068,120,8e456369dd1aac3f,78973e62cf9405eb,c2ea9edeb7df4d0b,13dd888cdc5a83ac,30
JP,2147800188,84,a2a92a0f06c86acf,2fb1b58f54b2ae35,ec36a5fde3617850,16d8b0f310728c04,21
JP,2147800272,1188,13df8f27068621a8,02552f0e73f20794,1238e2210420c735,6af7eafb2aa4f9a0,297
JP,2147801460,56,8f3f92215d12cd0d,2c881f444a6c3ca7,ee3447a658d96d72,88f3f1762b757716,14
JP,2147801516,128,c43d606b1c565ff7,b93e3ca738659a12,18818e53d483d7de,6ac24ac98b514342,32
JP,2147801644,128,5505c1a7de328e38,fe11475add8732cb,4c4fcb497e2252d1,c1d14b03240aee28,32
JP,2147801772,412,a67ed13a7dd51fe3,4665475a54df8a32,712732134c632787,99aa27dae1253b6b,103
JP,2147802184,412,7390564b31c25e81,2309a80a645c154a,712732134c632787,99aa27dae1253b6b,103
JP,2147802596,412,78a9440e9a384bde,c2f5164052fe8e7b,712732134c632787,99aa27dae1253b6b,103
JP,2147803008,532,8dce2243d23cbc1c,03db7eb08763cdbb,7a1806de11147811,7f1f0a0637b70ba3,133
JP,2147803540,532,4ca73899376cad4e,1fe5ebe7a7893553,7a1806de11147811,7f1f0a0637b70ba3,133
JP,2147804072,532,3819b055dd5a3b35,0a7bb92fa25a4835,7a1806de11147811,7f1f0a0637b70ba3,133
JP,2147804604,436,f976fd1137bda49c,5842316a3e24bc7a,004dc9d4cda0f9f1,6bd3e45ca034b67f,109
JP,2147805040,2872,758397ae6c9355fb,298bbd257eed917a,641a103c159b0288,7a7936925940611e,718
JP,2147807912,32,1bb6a18ce513d56d,be7465e53669d023,a50c60513d1a9b65,8f05a69132121f4c,8
JP,2147807944,32,690116ddb8be68e6,7069e6b4dd059569,a50c60513d1a9b65,8f05a69132121f4c,8
JP,2147807976,988,281673b9e9046cc0,24375738a1c01717,8b095fddb2da2fb7,65d13c9a7457597b,247
JP,2147808964,1872,1194e8d0c300c513,9557b036d3fb52ed,6edab81bba99e8dc,58ee28b34d0e3559,468
JP,2147810836,672,cdc165e9012b58a3,0e4681f94cdb85c6,4b2889a556971073,a74e14f74faead0a,168
JP,2147811508,760,b79d408ddb997dcf,761bb82c0d841f40,247dee576799c6af,27e807332820bee8,190
JP,2147812268,152,187ff2b2d01c76e5,f2729a901a0333d4,9773616822569915,15765778baae6480,38
JP,2147812420,280,32a355b07abedf13,c9c3993b79425652,585f067f0306cc1b,670c3e708934882b,70
JP,2147812700,396,5c245017e9395442,2c3f1758b9269084,29690db9609837cf,fa0b6351211c42dd,99
JP,2147813096,276,11bd9c91777892dd,442817e6dce64f2b,5731c8033894c56a,d454cbc89e29cbd6,69
JP,2147813372,228,d488a40c24f4d7d0,3f62c563e45ed116,8fb5ccb9b90cb56d,c81ebab2b66794d1,57
JP,2147813600,668,d9187a125775124c,24d187f972343119,a201e6497f847fe2,f74a5ddaf734cc7f,167
JP,2147814268,740,123cf2e348a27e79,bd5e4a3478151843,87e1064f9117bd4a,f38a1852ceb055b9,185
JP,2147815008,632,a4101e36cc33919c,1ff8e81cb56906e2,c80c030bf73c0651,cad733eb5f415d1f,158
JP,2147815640,464,86911e6fa6051aa7,c08d7b5508fb597d,1d73a1442d6f9e2f,766eb6a956841cb3,116
JP,2147816104,368,e26f39f441b900ae,fa64ad81350f9947,4c6a3988721e328a,529331a3677620aa,92
JP,2147816472,188,51f559485905266f,b749ca65686de3e5,15d76d44a3b8b51f,fd57236e4644eead,47
JP,2147816660,216,5e17cb7f967fcbe5,ab7ecba3b94e9e91,212ada79d8006709,6532eefd93d65afb,54
JP,2147816876,3324,8f6747708d3731fc,2cc505dce7b72219,04712a1b6bf804f9,5edb667e4b867e0b,831
JP,2147820200,348,ced1faee3d5d61d1,49ead7a6a9ccd2ff,60a88f2b147ea8d2,f2d6819ecd5444cc,87
JP,2147820548,860,eece226e91072f8b,0f3e0697f6d3efee,149da79b9cb22e0a,e65b42cb4de23fb5,215
JP,2147821408,1832,87e04c1d171ac117,f62f13703ed1a567,0ca71052c9525084,f364471e8329d0a5,458
JP,2147823240,204,8ff1372cd28080e7,43bd292260e1631a,9a6c8552a85a6e8f,76e946fe5fffc0fc,51
JP,2147823444,300,3bda4b8f7fc2b7ee,b5527b5bd0344519,79abd2bb5633de78,2f397685981e64f6,75
JP,2147823744,396,b143b3fdf992d0f9,38525e875d6e8daa,ce57d73ca14e6b22,497e8d743cd22d0d,99
JP,2147824140,800,7b15b72bbebc1c02,68035f3c83223ab5,aca31185a7503927,ad9200b1f1b20fae,200
JP,2147824940,296,e7901328b7570f4f,509b666725cc1711,f3f4ce376c911f46,83c6334dd534519b,74
JP,2147825236,588,7a481311538ca176,259cdbc0937b1322,81a9270f2a58dcfd,8b4416958b3e1e25,147
JP,2147825824,172,ec9d3a62638a9a4a,fe87699623080fc6,5d76c9852a76036e,b45162459e209c91,43
JP,2147825996,172,0937b36bf69e39f5,34720c5d3857f31d,07c665643295d695,570d17e8834b0158,43
JP,2147826168,172,61467324a9a14e65,f932f60ad952dae4,07c665643295d695,570d17e8834b0158,43
JP,2147826340,172,7ecfff95ad0b3a17,007c25d896534070,07c665643295d695,570d17e8834b0158,43
JP,2147826512,164,a3824efdbce33c70,bb854ae72033dacd,306f01d074d0d007,8e8e50c120fc5930,41
JP,2147826676,1260,10702a5c39c71978,9f374de4ae6f906b,46af08407886b88e,ece3e8b25d342427,315
JP,2147827936,1464,54f2c28399e2919c,18ec003503a5dbb7,0d987dbc0462733b,ab023808dd573940,366
JP,2147829400,448,8379b5f9ba1b1a96,d12e9d9b2b85ed7c,2f556a13ca7d2c36,ffb8815e8162b3a5,112
JP,2147829848,1068,412e6fd76a51bae7,cb4dd0483148b5e9,b23b3e0745cf62e3,bcaaabc0156e5cec,267
JP,2147830916,628,dff976712a6c473c,7b7cd8ce3ea64c5a,0c197e8d632f04f7,ce07b5b22b7f6c3c,157
JP,2147831544,2772,b8d017530b48ad4c,0641ef79af25a05b,8d13414c9abef1d8,b1dbf76ee5621831,693
JP,2147834316,1288,0c5672b16c4909b7,03dfe1c23c008647,8380b51b60fffd44,05ec4dfdaac1ad51,322
JP,2147835604,4136,d31730744cd8fee8,8bf40f729ee2876c,b34fbb45e50d51e3,abd50a0f1b203a5c,1034
JP,2147839740,196,12c09bc45a23c47a,36758f8e8e2cb32c,2fbf3d2a77cab5fb,e86cb9b994451753,49
JP,2147839936,768,8096c8f3013e09ac,17cef8ed6ee63c9b,62779afff90aba0f,f914996730ad9ab4,192
JP,2147840704,940,3b22067641f39e3e,6777b23117c63bee,9ccff73f1a353872,5cd5a09f0a9cdca1,235
JP,2147841644,112,f09cd5f15660a0b2,de4bbb0eb80118f7,271b01d7a41a51b4,38b6f84784d6b53d,28
JP,2147841756,388,4b7dfe6495ebb77e,d57e824bf8eea282,8a63d757e13f74be,73b25835fb3bdab2,97
JP,2147842144,1272,d170671b761644d9,3e1ef66bbf94c0ef,a51f1e1a6ac14031,406ac0f24a0f2be7,318
JP,2147843416,400,65caf0a186c57a17,4aee998fcb91f19c,854ab9188aa229d9,71abda8007236f74,100
JP,2147843816,1160,807078666f71fe54,513a309a2333caa3,c65bed6b011b2553,17eec17ed3490270,290
JP,2147844976,276,12d82f688aeb4405,85e68d53cc2b4abe,e78743a2ba21b7fb,4861b1886946c0d6,69
JP,2147845252,2112,e2994a369482ccdc,13214b51c36edc36,09464a7b20ee631e,124272b03ae90221,528
JP,2147847364,420,fae19c8ed0b9d317,d54dfcb75656c47b,2de918d64148d72f,8cd74b4c253cdb2f,105
JP,2147847784,220,e002499fcb36b4bd,c557651ab332fb71,e78244e2ee73a9f0,f42253ed257f21e0,55
JP,2147848004,4344,4bdafb5b978a1b9c,fb635367736bac10,3fbc5ca650372494,b763fb50350fcddc,1086
JP,2147852348,332,2133327118ef2b01,b590486426a4f622,662398f2476ec992,b1ad94fc320aa779,83
JP,2147852680,1128,5f4b96a8dbd0a827,eeb0de78ca026265,bf3f6e2688f9dae8,1626d762762616c7,282
JP,2147853808,960,db75a7150155af92,a40ec9c7c68e5dd7,7cf95139f419e6a2,49803d5e54ac8496,240
JP,2147854768,36,a6d521af23d61a4c,65f4b3f36a656d3b,41cc2e1ae2cdf82c,4309934f3f9996cb,9
JP,2147854804,36,f0231ed6c252fd56,3d4c48bafa4149e0,41cc2e1ae2cdf82c,4309934f3f9996cb,9
JP,2147854840,3088,abbadb9c7412e3f8,ebd080b75f0ce80b,2fac28c193bc860f,0438eac7b3daca67,772
JP,2147857928,176,53246676ea95f508,bf89edd129378c29,87171d9734819e69,5a293e74c2019114,44
JP,2147858104,280,c9ea91a9a7dd977e,9ca0ea1bd1358fa6,f4fd4116dfefef06,b1f4219fb18998c5,70
JP,2147858384,324,622ce3ae126344f8,66a72fbcb500a8ec,2d1fecdab52cd25e,922d6377873a6f2e,81
JP,2147858708,192,32235c549c4c2bc9,7d3b04f50e1fb823,8c0f7faf390367ef,5897d5534e5e5d20,48
JP,2147858900,224,76636de530f39381,70ad55e72ded9b32,93ca7ff30a8f2623,ae98db8f6f10b0b4,56
JP,2147859124,404,1f81d4d24717288c,1f2f32488cb0c28d,4036f2b0d7af2bb1,78028a6a3c6c1d9c,101
JP,2147859528,148,15506f3dd07bc444,63dc67cfa127ee81,2c4a5bfd8a813f45,30bd9c0b286184e7,37
JP,2147859676,72,9c9d9e87c296a188,53b1c20449aa89c9,53b1c20449aa89c9,283d0fb35962687d,18
JP,2147859748,112,0d54f7bcfa54a48a,61abd5061611345b,8a048ce0d58a7d00,774705827729b84e,28
JP,2147859860,100,1be5764cab9f2ac4,8d4a5e9c9f0e3639,cf0c5221e7ec4c08,610d8378ee90aaee,25
JP,2147859960,144,d6b87aaabd435c2e,fc5af6bd53840326,7c8545d28f9a4a92,77fd87aaf9b621fa,36
JP,2147860104,580,ae4428a2fe04bb1c,548f6fb7b98409b9,f3d98fb9df2520e7,f470d1f6922ad653,145
JP,2147860684,532,9706f257b911a70d,4b4454f621a4f728,e153868b954476cd,b16c2ec44d2c849d,133
JP,2147861216,552,75cf96f38161e8e6,9851ab387f74167a,42a7786ebb0a5ca1,45f5bf746f92fa97,138
JP,2147861768,664,3ac4266975a5e676,67b007dca21e8be5,ae085ae076e6e35c,fdfe4a7bd7fdabd9,166
JP,2147862432,4364,3e776d1e9abdc20a,ae5dd927c947b49d,7fedcfcfd0ca7f41,aba79e9ee2ef7b23,1091
JP,2147866796,216,9b77d449d6c46105,7c47b1d6ba540340,3ef310ccb281d605,06724cea760a605b,54
JP,2147867012,1480,461a62045ccc97a2,8e1d586bac7a2e1d,03dc72e35ebcdc66,b9295e485e38afcd,370
JP,2147868492,48,e0acd4b29185cbdb,ba7fb989c0148040,4460a87443b7e647,d321108fe592c359,12
JP,2147868540,132,d57a359b4c38e962,f316104b7a592689,2c582f23dcd8fff2,22a871f9597142b7,33
JP,2147868672,920,49cc0b7b78420aff,03827f3b62b56dd5,c51264f9c8816923,32ecfb5c4b537ad1,230
JP,2147869592,424,5888728df085575c,d65acf92f37808d2,ac0524ed7530fe75,22eb97effd461fe1,106
JP,2147870016,104,944234e05f964967,21471a2edceccaa8,d34d8c45be5c585d,04aac3b214b42433,26
JP,2147870120,2560,520616f1529a6136,adadaa821367f17f,5f506217dea0edb2,92d6f4ea07aafb00,640
JP,2147872680,344,d9cc9a9addc998d5,bf0b17dfaf3aa5e4,fb9e44489c8b45e3,cb08d10b47bafc11,86
JP,2147873024,220,9a1ab6b8191f3110,61559b418ead9161,91310e01092f4631,3542660903e3ce67,55
JP,2147873244,1744,c0e74935796042c0,e69f7adcb891a6fd,833615fa5e9c66fb,635d9ee5fb3d513d,436
JP,2147874988,792,7de1575223d912f7,3e814e2059e1de45,a6c7afad9832303c,4acd45e6ef093d66,198
JP,2147875780,584,e3e3bef821b12ca5,de1413d785dba29f,fceb27a9c98183ba,b25a30102fe12513,146
JP,2147876364,364,20b93cb6ce6d15d4,ac094a24c1711213,91d7cada2611e8f3,0df80c424b4c3aa1,91
JP,2147876728,328,4a93dfc9ee8cbabc,4b2c8162ecf4c19d,286afcb4c8ff9f03,8c032de3ead9cab7,82
JP,2147877056,492,5e5e941eb7cdc54d,012d1e3868d72cf3,6d1a787141222573,6c3058586802cd13,123
JP,2147877548,3328,e6ca9c1f709414e9,84b50a0f11169c32,ce343b1ab4b74a5d,4d32647d4bf185ae,832
JP,2147880876,272,ee3856f4a3972331,9ec109204dc53050,15ec536db859b3a2,99c1e4d56789676a,68
JP,2147881148,3104,3219c5760511c00e,2b9460ea9e219b79,9f6ea86643d2ec05,6d3bf825a21e0dce,776
JP,2147884252,2664,a809d4448a535c7e,e87f226f2f316532,93866d69c33300ce,cf7942c49bf1da6e,666
JP,2147886916,688,10aa249850145944,e824aac9f7cb37b6,d7283e3f0131cc4d,99eff2c4aa8f7948,172
JP,2147887604,2316,56b361fdf1b46590,e800848864ab8378,e7e6c1b71e31885d,93b248678f519fda,579
JP,2147889920,48,e3fb24ae5d758dd8,487c22a7f4e8a082,55ae49f30a428ea8,970630bcdd93021e,12
JP,2147889968,280,c4abfc17b88fcfaf,bff0f7c605e6f001,1f24c938f1ca264f,a41cdaada337fced,70
JP,2147890248,144,0ef75f19e1665487,6264206fbf576d20,b29026331df91e73,c9c3bd6f41ce4a57,36
JP,2147890392,2268,fdf737e64b477dde,e25f60c99042604a,78e410eef2a7bff4,38efb1245f906f3e,567
JP,2147892660,1404,f227e9b801e5f160,5bb4e53f3bae7118,7b91e918f0dafe07,14d3411c9a5827e9,351
JP,2147894064,436,1c97a75c42725845,6a16fcd12b43e39f,46850b9dc175d0a8,cd92207542a4392b,109
JP,2147894500,116,6c1d3972389683cc,2a119ae941d43002,2c5e890c273215b3,7cadf5899e7bef27,29
JP,2147894616,284,79c8cec2d546d933,b07b59a732042c30,c131eca63e77df17,7fc416164e3f87ea,71
JP,2147894900,80,8db92c08c46f76d3,7407bafdf731cf92,487098a7901ecc2a,d939c65b5a6e6cdc,20
JP,2147894980,4980,bddd2d5185cc7694,b4bc0bf2130f2d9f,7b950e1c3d8a7667,55ed10e5339b075d,1245
JP,2147899960,800,8ec8f0084a170775,8a9b195ebcd39810,5f8652717408cccf,58427fd041a0a932,200
JP,2147900760,1952,bbad4776563780b7,0959ab51168500ad,12911c511422bd60,a60092bd2df2b0e2,488
JP,2147902712,904,ca819d08dc5cfa4f,1c95c4464f555c84,83d17e6589f4f51d,cc076767521959fe,226
JP,2147903616,672,30db02b3701f4100,1fbe77ad7a2c19e7,67f30b3cc579e72e,ea97d7933c15f250,168
JP,2147904288,748,4ff20b2d3c1cc8c0,202914bc7d58d6b8,c604bc18a08729ee,c704e211c1ff0822,187
JP,2147905036,916,d77a9e1623b28ec6,cae5fee5151b083e,c316b2bf83b119bf,daf92eef70e209cc,229
JP,2147905952,636,6969bc7aab02d626,b2304ee6c0b46928,4451d1776bb1429f,5bd47b82a4185a0a,159
JP,2147906588,152,475dc90931b39e3b,78d2e2a3259aa30c,7ab70878d79a0f4e,0c2e178c79ab0706,38
JP,2147906740,1676,bec2afb65bf0bd2e,abc04a9354fbec08,19246525a55b44e8,b37a33c45995ef43,419
JP,2147908416,84,5d41897d62beb08c,234246dcbe716045,6074fa7435ee119e,a260eb8c2fc6a84b,21
JP,2147908500,984,f2390e7f349316c1,0ea1bbbcf72ba600,cdeb2d7188818168,b6e208cd2a3bb8ce,246
JP,2147909484,820,c1bdbab2b99dbf95,e3dd4cf9c4978fa1,7adbb919bd1ad655,3e708e2ef242dcf6,205
JP,2147910304,324,e48bbeda3819f04e,75da767ec852e0a4,b1a5669475b47774,b56c29e560f39186,81
JP,2147910628,4824,3fba6c4d832f1b8a,ce671a78d80b1408,43132b2b5514cf61,297156f884e0aee8,1206
JP,2147915452,152,bc16b481d410252a,b1d70e8f2b3887cc,f304675794a45e63,3316f2fed7f97f86,38
JP,2147915604,1332,e15895861e54dd12,a9b27afb080beacd,fec88e72a47048c5,3cd0e2fca1dcaadb,333
JP,2147916936,1280,c8d73840c71ceb85,3d4fb9cc7953f725,deda1e31209f1769,b5a1cb577fc9e75b,320
JP,2147918216,1568,ca885239a900a22a,9ed603026dc87d33,679e63ba4fbc20e6,7ab639f6221cc2cd,392
JP,2147919784,1916,6496488aaf887ab2,e1e351b6702101c5,7755aab4dcbf74af,dfc73bad83075a58,479
JP,2147921700,1192,62727ad32ee9851f,83a44d469748bbd9,31c62f81bd5da1bf,3bd52d85f350ef60,298
JP,2147922892,444,dc3d0ff93617f203,807f44dbae0ea042,b68d43e475d8db34,4424928c4d0a3bdd,111
JP,2147923336,148,5d462f98eda9ab27,5fda3f7117b080b6,e51f82044f178e3d,cd7bd690d5bbe767,37
JP,2147923484,3136,fa9011f1987de4a3,b13e9dec97250a12,0e3a7fbe3e33ee7b,c8f6f019f2e4645e,784
JP,2147926620,2348,584b2ce50bae0532,97331e0313922c0d,27e28e217b5d33d9,32e62b485693e7bf,587
JP,2147928968,276,6fa6626464bf6b5d,b7b7d2d7a6a0e887,5778c88ee53e4bc2,e8be25a60ea66c66,69
JP,2147929244,428,a7b5a83758643990,54e68646da320025,4f8b5a5430af4542,075cdeaa274d6b92,107
JP,2147929672,156,e1b0a04e9512a386,99d71fe6b1b86161,ec7d90750629f698,77166852c2b4c700,39
JP,2147929828,136,aa60e642ff516df5,7d72240c4f1fd4c6,d44df2e544f0c938,9c65887f04a72885,34
JP,2147929964,104,0a319e95f5db764b,1cc5851bf785a960,dedb69f6445ea22e,871890ac9ec245d9,26
JP,2147930068,1224,16effcd90b959a90,0d622909de2bc261,48254de3bc96e5aa,91ece6b019a43d31,306
JP,2147931292,1508,88f8b924c0e9f729,90fd8da11939bd59,520f32d3ed7e90f3,885f6917be9a9a2b,377
JP,2147932800,972,a734f990e1b55c02,440d80b2620cdbf3,3d944b4c4bf08fd5,3eafc72fd4cbdec8,243
JP,2147933772,1620,7f4557b85fd10466,62231eeda3e030cd,4bd91883a99b1392,7a4db66b73420aae,405
JP,2147935392,448,a500feefad9bd3c7,27afc7557221d18b,6aeb054677b9ba99,2e863bcf3b3534c4,112
JP,2147935840,100,15c3b9bd11cc425b,2202f502e909f84f,d081583618b7020f,e602b286d735e024,25
JP,2147935940,104,bb5411a1daae7bde,11b7f33f409db83b,7e2c03c1b61be37a,03d1e2ee87795241,26
JP,2147936044,104,5b5b0fa40197128d,150892dbf7f7a7fb,1be1af8c05c8e8ad,03d1e2ee87795241,26
JP,2147936148,56,4f29e3ec7db8eb1e,3255657eca7d240f,f1a7ebc656409538,1c9f9ed0ef4ff4bc,14
JP,2147936204,56,9c36321d7d9d6499,37bc1550bc291326,5bf64e7764500f74,1c9f9ed0ef4ff4bc,14
JP,2147936260,2680,8d1d31c74e9e35d7,50eb0acce29d328c,3849ecd9485f92ec,cd1096a3fafa7448,670
JP,2147938940,212,d23525b387734e46,6553b02b4dd7628d,431a176e5b81f1ee,233df586ae5a9503,53
JP,2147939152,56,759a84c17bc8d53c,4a20c64345cc3fcb,256e68aee2bfe55e,61b6518a6ef78215,14
JP,2147939208,128,5ec2215f31c1d162,9e50d524e9bafe02,bb592579b389e175,03c71eacda2eab24,32
JP,2147939336,108,af43b6b20494602f,bf1f3217690a6de6,18e7eaa07f359a6d,30a40a1e7f5faa62,27
JP,2147939444,164,e3a2cf48b617440d,d6760a61373637a1,21fc916e20bb9065,ffd199a2306f70d3,41
JP,2147939608,24,a919b835ad5c8cf3,01dcd30ef2cf95d6,3883c97776fe8367,9c29b5e4a6843957,6
JP,2147939632,168,60c0086926e2d3ec,cf21676fe9aa22cf,172a93a963180a82,72e63870bd2c9a3b,42
JP,2147939800,24,942ee49765ff3477,f7706ba385e2ffb2,3883c97776fe8367,9c29b5e4a6843957,6
JP,2147939824,108,a798c293f72e31eb,612b385a6fc204a3,7bea47a3d15894df,3c270fa7df436e9b,27
JP,2147939932,108,ab1478e7a316bf01,c7ba8ea5b8d3183e,ca66726d9aa8130b,0289d34e7b160d86,27
JP,2147940040,2468,bbc69a4837b35b3f,663c63909103ef1f,bf28b72c383a4908,e604bf00fb7e3080,617
JP,2147942508,452,0e673db176314ba5,0e5d1e3e2beeaf16,3be5a5bd356cdea6,38a2864ec44ddc86,113
JP,2147942960,100,15c3b9bd11cc425b,2202f502e909f84f,d081583618b7020f,e602b286d735e024,25
JP,2147943060,104,d0734c4c156ce0b3,ba3980d292774e2e,7594cd6a6e0bbcb4,b65f2104fe93c607,26
JP,2147943164,104,a589cc5d973f6575,13b19d57e36e99d2,4dd16ead24c34889,b65f2104fe93c607,26
JP,2147943268,60,89725b354ef6a5d9,b595324d0b1ccc17,d8d67f3936896cc1,28c250e5e86ad0df,15
JP,2147943328,220,3d6111cf5a285ab5,ec8ea5454d4df1be,eca0b356958879ee,1f1fcbd8f67b9aef,55
JP,2147943548,760,2be933321e16db13,a1414e62836c8c6c,e1a8d66973a229c2,5d0701840bf82994,190
JP,2147944308,200,9f3063707ac707d7,f737898b889c41c5,fbf76eeaae5557ea,642778ee01002027,50
JP,2147944508,228,c0792fe125712137,0b94375b35b86183,7852fc7a43747a33,11b70d885413a924,57
JP,2147944736,264,39e08534a28db69e,ad77b25ca23e835d,a8718bea1fb66f01,3311d985247a8281,66
JP,2147945000,300,50daab76f40eb189,5cf1e7da8a65bdb1,d4cf331aeccaee4f,ce282503a19a7988,75
JP,2147945300,180,1b8529b449be4d15,cc27c4d4b9171cb4,246650dd54af5ffc,abfb4d2555157385,45
JP,2147945480,1596,8cedb87a1b53f16a,82441ff3f7c5a3ea,1ae1e1b365cb8122,b39868d09201ea12,399
JP,2147947076,796,0a98e9020a0935c8,6e461d9b789b2922,fe9e736e52f58842,50da7154536cf4f5,199
JP,2147947872,2472,b02b21c933790dde,34076ceef9d95d99,97112e5d2b187cfa,c4e01216495db1d4,618
JP,2147950344,104,48900e8db5a823d1,e527b66fc1d9fe66,4283b88b536f3388,871890ac9ec245d9,26
JP,2147950448,108,355300d15f2045ff,0f3ab4f0dd62bc10,a545f6f83e83fde3,3c270fa7df436e9b,27
JP,2147950556,2468,78237b3dcee3a4ae,10ef4eddeb1f90e5,4f9c42ee9bd47859,0d35f39518ff2934,617
JP,2147953024,1120,61e8824951b05d0b,7516301734493d5d,b2e161f6d7a972df,e3765d164ace1bad,280
JP,2147954144,104,151bdb1a194af8fe,15012bd59658063d,ce1ae4bbd278f6c6,871890ac9ec245d9,26
JP,2147954248,1044,1da6d3b98452afeb,7fac082e884567b4,f77c60b75b849263,1a22f281fb8afe50,261
JP,2147955292,80,2a07d5d0ec6d25dd,1b0eea3015f204b8,6a379e55d0ebcb96,af3b9b2720468e71,20
JP,2147955372,52,cfe81a4a115d37db,b59cf150f2074d48,f43097042598ccc4,5d5263338bb4d96e,13
JP,2147955424,128,5577fc56819684fe,43bd322209d19439,927a02073d4e19d3,f0436cd02bdd19b9,32
JP,2147955552,920,f77bf25ce0f3215f,74159584974ff11f,749c797ca0979cfa,73993f978b967e1a,230
JP,2147956472,300,75675d0a7bf6e3a6,70bc43122a5a6f11,adc408053f29d2aa,993a854f7246f8c8,75
JP,2147956772,260,31abd6c5a05672ea,79f1288dcb8580a1,3ce5aff8ae1e93ac,9ea480c322a8be07,65
JP,2147957032,3028,5d527633a21fd76b,9e394e21fdd0f1d1,9a0838c436114d07,38da37b38fb9625f,757
JP,2147960060,108,26f7aea9080ac94e,78c55e04023e627c,588361b24c518580,c5ea3268985637a3,27
JP,2147960168,88,e6032b5ce2af4095,7a41d6a1cac07e70,8d7d8eae97f0944c,cd15a7f8f398ed25,22
JP,2147960256,172,b835d5070cdefc57,f9dd31d5b19c3768,4d8dccbd8a91c020,c602f6e051488e23,43
JP,2147960428,88,f2e2569273d99257,06f877ca48af9757,e0348c947a309069,65a9b7201e9a6252,22
JP,2147960516,32,a139c58320f22a50,e73f7108b36bcb5d,8bb6245ed7b47ab4,b15c132beb61c2fb,8
JP,2147960548,376,ea1950570bbb11eb,dbc3d5d1d6f8a25d,c5f1ddb2abf08acf,dba30cb408bb6d4b,94
JP,2147960924,152,b777c40531661279,57167df4fe087d77,1e58ea0589f40376,bb7979b6f4dad3f2,38
JP,2147961076,372,47a0cd6af1da262b,073b4dd7b05bbcc9,a965caefb35756be,cb05bf8f64a7eae5,93
JP,2147961448,92,bc606e3656e3ad95,6175a3983c083cdb,bba5a39b16363604,439560364c6a632a,23
JP,2147961540,96,ca06a19660fd89bb,2d00415754e21338,eb6860dde4ed9d27,98a0abdb02c3dad4,24
JP,2147961636,152,f30b003d40abdd1c,9911dc61d674cd34,6e8a6e33cfd29910,a3e6602166ac3d55,38
JP,2147961788,104,275a5bf7ab8d0996,ec267c1c21f2bc17,52d7f53fec3b939c,2195e92225e3d9f0,26
JP,2147961892,284,dc0b9cd024d2d71a,9f87a53cc8051194,788bd32f77b6ab41,22830f965728acf9,71
JP,2147962176,96,f408b1c177d7b12d,d75b78489c06d801,000fb3495aeb2060,2f502c6ef03e5a48,24
JP,2147962272,96,aea36ca42a0844c2,9c7d088998331419,000fb3495aeb2060,2f502c6ef03e5a48,24
JP,2147962368,184,a66f64cad0021c61,cf51260281ba2294,f5b2e5ca525592d4,2401c398c8fe276c,46
JP,2147962552,172,313bb2fea69da73f,02add6aca2144a26,9f959bd314d8f5e0,e9080454722e4667,43
JP,2147962724,92,6d5db4c1b28cb315,f150e1b70eeebfc4,7ebf09d66a9794b5,1a68527b5e0859a7,23
JP,2147962816,112,46482a03a2f1470a,04b0d1906833dc11,ef951cba2c2b2348,bff2e445b3bdc211,28
JP,2147962928,192,67e26c1cc0e9679c,9316d04267da390a,9936ea4713d74894,6ba32b9cce42dbaa,48
JP,2147963120,1272,5f898db848673153,c99ee80ec88f26bc,25d2246af5da1c23,db8050bf708dad8a,318
JP,2147964392,504,47961c56e7e0b74b,4d2d76ed911611a2,40ff3669e145cf83,7e2cbd3d3e8d1142,126
JP,2147964896,624,137a1742fbe0a58d,85a7372c7cda8663,7139b233d719f604,c439806d21deb02e,156
JP,2147965520,32,3bf65c5c5a992bb7,928620fe7caa051e,0a9d20f0d7db9343,f647d20e89a49fe1,8
JP,2147965552,152,d5c4db22b17844f3,b3b99bbb76dc09e0,d3710231d489299f,8e9a6e9a9a6e5834,38
JP,2147965704,152,7307c0a689511cfe,b3b99bbb76dc09e0,d3710231d489299f,8e9a6e9a9a6e5834,38
JP,2147965856,28,2221e220a3ba810f,d20b2dd800a4d1a7,c82397a74d1eed80,7b259eb0eded6b4d,7
JP,2147965884,2268,2d76a1f95ed95cc3,ca94f297d7b5458e,33232a59c5426f28,33192d71737d918d,567
JP,2147968152,72,c4172699ef577d2f,31c1386218fc4897,795a69e5654b68cc,5238466394449477,18
JP,2147968224,84,73e70b59cf325736,24cb4a91fa66a970,3c40d2e48fe8dfb0,0286000ef800d8ee,21
JP,2147968308,688,9d6f1da9f6fcbed3,c1359e047f290d31,93e6e9288e6ee26d,c51de4e41e51d8f9,172
JP,2147968996,608,e7216215bb5e509f,7cfb7604bac08742,1be85670904362d2,08f2d2ed64fc4520,152
JP,2147969604,652,57b48ae8e0a882a3,68cecab57dc18e7b,18f94a71fe32110a,31b362ecb41a7196,163
JP,2147970256,52,063c70181697be2c,06ec3580ad2cded1,2de5003a43c8dcf9,b4ae6d256f0ecc27,13
JP,2147970308,324,b621b7ae60bd25e5,46d219ec97b55613,7c1819876c8786ba,474def7d9a861ec5,81
JP,2147970632,200,6525a3036bd4ddd4,2686d12ee8415038,d7d733709c7a0477,3e86009a5a4d0cac,50
JP,2147970832,40,24c07dc4f3029492,e955e1ef113753a9,7d9663d777721db3,22da6705df84b318,10
JP,2147970872,48,0141f4f529114a44,a01a76ee840da25c,12d73a8be8dd9053,fbfb9133bfdecfc4,12
JP,2147970920,48,3d0b1b1212a8f259,d7e3bc227d216109,12d73a8be8dd9053,fbfb9133bfdecfc4,12
JP,2147970968,48,dbc39b6490790ec7,2754751ea8de7532,12d73a8be8dd9053,fbfb9133bfdecfc4,12
JP,2147971016,52,9b2d2e78cbf92a4a,dd1fdd706d79d871,cd898b6f78114813,28a2931c3361e0cc,13
JP,2147971068,48,9d048cf83545c9a3,08ffc46d78ceed3f,12d73a8be8dd9053,fbfb9133bfdecfc4,12
JP,2147971116,16,4910e341fc53f412,cd2f61258d283aba,e8a59109cf3c1174,a59443abc9ece6a4,4
JP,2147971132,240,bb2447fb18e683aa,6ce3e559e34191dc,24e2c8ae33583640,c00e26cb658e6783,60
JP,2147971372,1072,4551832c742bbed1,0fe05222d9ef63c7,7ed8cc9c084ac9b7,e5e58189c5e1b865,268
JP,2147972444,36,c76ccc88d794b1f0,d6cd12536b1c95a7,f09478aa74d23a1b,3dce2f64cc898bfc,9
JP,2147972480,192,525a565a3f038c23,2561940efc0adcae,c5db773a5bc816ca,ebddddd93a780ce6,48
JP,2147972672,64,186d37f0e2273472,4add2aad6c400f4b,8b8490d82440e13d,da9aa3bfdebd320b,16
JP,2147972736,16,c8bc51e306ec8c92,31396027cdebcdba,687e6013f04e1d01,3d5d565cea31ce07,4
JP,2147972752,16,6018dbff88516603,c04b0cca62600bb8,687e6013f04e1d01,3d5d565cea31ce07,4
JP,2147972768,16,4995ed5e3299b54b,c4f8cf944955f3fb,687e6013f04e1d01,3d5d565cea31ce07,4
JP,2147972784,48,657a787cecd363ac,70c0559167567aa7,a9396bba83e03bb1,c63aaff1faa5978f,12
JP,2147972832,384,7025824e3901164f,08ecd48a3455b66f,eda203e29423bfa9,49ce0e7583953069,96
JP,2147973216,16,8a9d42c41a38f6b7,c645d71776db254c,687e6013f04e1d01,3d5d565cea31ce07,4
JP,2147973232,16,ca94826c224f0f2d,97f207a8eb236a01,687e6013f04e1d01,3d5d565cea31ce07,4
JP,2147973248,32,f0f42229f4fdc049,d5409efa53f218ac,13c5c2266679bc27,593f439177e33524,8
JP,2147973280,48,d99a7e9947cbf3ae,c96923170af6c2a8,ae14ebbe21c6a91f,29aaa7f29fb8459c,12
JP,2147973328,16,59421ce8fc0b4adb,2f725fb3ca7e689a,687e6013f04e1d01,3d5d565cea31ce07,4
JP,2147973344,48,3cf6490675bdf204,2cebb72c450bba76,cbc1406170f85365,e19033e598682233,12
JP,2147973392,16,c0cde3b49432b7b4,e80baef9467728c2,aaed269a89b500df,7d4c079e7857743f,4
JP,2147973408,16,5c2a3f6ac66a0499,60763c5f791311c9,aaed269a89b500df,7d4c079e7857743f,4
JP,2147973424,16,f2c405217974dea1,28fe02dfc38dcbc9,aaed269a89b500df,7d4c079e7857743f,4
JP,2147973440,12,bac913a9fb5b84f1,20b8a69525c1c4d9,7024bdd6715f6626,a11fe8e1f4e88c62,3
JP,2147973452,32,d5f85e8018bf801b,bb4433eaecdc1da1,2e956fac9a20fcca,a508d2d04d081137,8
JP,2147973484,20,7e2ed0d034cace55,adfbc46419bb0f2d,e56f04a0856e289e,55d118fd66c2056b,5
JP,2147973504,32,b692f5c357e7e843,bb4433eaecdc1da1,2e956fac9a20fcca,a508d2d04d081137,8
JP,2147973536,20,ad6dd4846d9c4a7f,cddd4b7c03564960,e56f04a0856e289e,55d118fd66c2056b,5
JP,2147973556,20,de6504ba337a9d74,95502b59a37eec35,e56f04a0856e289e,55d118fd66c2056b,5
JP,2147973576,316,9390b4889f1fa14c,519afdc5dab1b6ab,e4086549a3c84f48,344a5952cec1f4eb,79
JP,2147973892,308,2e028b66d33a78ae,3b2ffa5a72dd0fcb,8565f1818ec508f0,ededa6cf46c76041,77
JP,2147974200,332,9d60af78b02dc83e,b5f4f151469c8397,466e13f40b1c794f,9a418db939e63cf2,83
JP,2147974532,32,6a3fc0b01e71dec2,fdd785630bc4cdeb,e61dcf88130efced,643a7e0524a844e8,8
JP,2147974564,32,39961659f424590e,fdd785630bc4cdeb,e61dcf88130efced,643a7e0524a844e8,8
JP,2147974596,36,a456635ada34cf91,4bc2dad0bda256de,50399373912d16e1,b3189a1b955f8b43,9
JP,2147974632,32,5558c27bc7651991,bb4433eaecdc1da1,2e956fac9a20fcca,a508d2d04d081137,8
JP,2147974664,260,85b033a173a9fca3,d23f636590198613,e1a4736c17fb82ae,21157aa89a7c675c,65
JP,2147974924,128,9bdfaaaecff67597,ea8ca97cacf82918,6cfdb0e06412f9a1,f5935ced95146ab1,32
JP,2147975052,144,643d3ca70d9dc6ce,327bc3f27166816d,9cd47a6de605dff8,68dc1b441b573c0f,36
JP,2147975196,192,e86e2fefe0937852,57bdf9f4197a1634,33fb26764342bc5d,e452d46951c27969,48
JP,2147975388,320,a0448dbf7c4cc69c,a504e36ff2736011,1111a3ebc3efc369,049c5b7e151ea8ff,80
JP,2147975708,64,e2ef3f2b9f1ec945,a170dc0fd2e81556,fe80b8db66bbf669,bdd67a8d33a2ea2c,16
JP,2147975772,728,e0f8d9f2031a9121,49fd147607fdfe80,a5b80808bb84d615,0c0f48bac34fbbb8,182
JP,2147976500,32,f7fe12c9412320f3,77a0cc4c59fed449,c36db4b644f24254,55eefe1298475cb2,8
JP,2147976532,708,1292ce5213ac0891,8a0faaed50eb086b,0429c3e10da57650,2b04464971d2f813,177
JP,2147977240,164,ae3b8db5b52cd2e0,2f663b9f4e70519a,f21de8524d3e94ad,114bbf8ea3b62e2d,41
JP,2147977404,668,bde42864358a0e0e,fb04c7ad26cb11b9,84e924b98da7b6d3,f6b0e8c4d1f93a58,167
JP,2147978072,116,90a7ff08f0ac9153,019a96f3bbf1dbfe,b8ca0a13011f4246,843175b41d04873a,29
JP,2147978188,48,7ee0edd3a28d157b,d18f953ec934014b,5eee7ee3fecd99b4,f84b07e3a26ee460,12
JP,2147978236,64,f017234ad5449f8e,80d5335c3d8b9a6c,de438341cc67815e,72bec329b2ae13e2,16
JP,2147978300,32,b86227811da84cc4,87e517335840cd96,7210499e526dac71,b73813d1ee25257d,8
JP,2147978332,112,a76197cf5a183e84,5066da3e7c48431d,82014d6e22a3b4ae,09b6fe3ab128ad52,28
JP,2147978444,64,2e75b289c528d95d,3000808f20326418,f2ab0e2cc3c7be57,cef40c03a6a9d91a,16
JP,2147978508,48,a32114cfcbce9489,36247dcb8dfba997,ae14ebbe21c6a91f,29aaa7f29fb8459c,12
JP,2147978556,208,0f4941e434541182,96ad6e96d1beb54f,83340939923a7cb1,b593c7cfac326fdc,52
JP,2147978764,352,7f39861f48217444,f661e24fbeb72b12,2461e18b025fde32,87432231d40894a7,88
JP,2147979116,204,2d41553ed2048690,36f7c3bc631c7734,4d693db759bd7cab,70bf0cf6078693a8,51
JP,2147979320,68,e23a7081139b821d,54b0f7fa20c6a82e,04119c6d1fe87f32,aa45e11e2a146109,17
JP,2147979388,368,6c8f5c00e0fb8c32,ead7b2dfbed3bd3e,edaf7b5eb226b9c8,fc1d4ba39593a225,92
JP,2147979756,352,0e89965c97750124,0d97c268d170aa94,52543ea2cade09b7,808bb3f274cb7720,88
JP,2147980108,64,b5d184a1394f3500,bbe21397962480f5,bce99522fd812b00,a945ed1a39876f7d,16
JP,2147980172,224,2c6e132b6830dc55,0db9a6dd81ac7945,d7a56489a7534d6a,cab25ca63f17fcd1,56
JP,2147980396,16,ca5fb4547993b92b,b0579ce4aa5f8cea,687e6013f04e1d01,3d5d565cea31ce07,4
JP,2147980412,1248,325e818b010ad24e,31fa252b052938f6,ac901c594e9cefab,63d03fb9db15a2b3,312
JP,2147981660,48,6467cd44026a0d45,c69d914c335a1412,0d782565b0bcc7e1,ea5b098c6fa99954,12
JP,2147981708,208,f3d6664c69bdf245,01a1df9a3a70b152,e0cd5fda347646df,af73ca8ce0ca0d40,52
JP,2147981916,96,cc7fd6a94ae8a633,6382579a273ba331,f918f75e0ab31fdb,2091d42a247a2021,24
JP,2147982012,96,90345415b3ca6a50,8f10b4b769bd4dec,e9df8863957eed1a,2e8353d821172439,24
JP,2147982108,176,2a8a8638b9ef91a0,8c0a8c651535c4b6,499b7010e31f2b88,92e71c595d76c1c4,44
JP,2147982284,320,9da9fc10a3d0a32f,6d8fce82f55e63dc,6d535738fb706abf,764417db9625f2d8,80
JP,2147982604,112,9d1568547ccfe7a9,cce8560c6a31dd0e,36bba664c08a9387,0bb120223f64ae7d,28
JP,2147982716,64,aead1fd130c5a9c6,217352dab7a4fed9,8eea89b29b4bfb13,ba687a1993cac95f,16
JP,2147982780,448,25b01a01670405c9,1d35c67fed08a26e,f92e729c18a45f3e,916eddaf4a6bc99c,112
JP,2147983228,16,331b7beccc4dbfa4,43e322cac8f7e8b4,f2e31fb6411235c0,b520fef9aec88764,4
JP,2147983244,32,295d9d9b1e3c09e7,665c4777fa778359,8a9b41d00ad3586c,6fd58fbb115a316f,8
JP,2147983276,64,192660b82e5b26d3,006dcfe5646204c9,8eea89b29b4bfb13,ba687a1993cac95f,16
JP,2147983340,48,0ded0dd391150697,c0fb3b0151c4abf4,f1e796cde4785123,c6bb598fe8285faf,12
JP,2147983388,32,5b8d4444e9a65fa6,ca149a625ddcc16b,8a591dd02760f853,9e5530347912a37c,8
JP,2147983420,128,c5e7239d7d0699e8,c884fae1228ec842,79609f3c2bc41ec7,4ca5411e22f5b74f,32
JP,2147983548,128,f1f7fa77eaaa7ae5,791b601f20507d1e,e92aa62bf4dcb240,1d82484b83d59560,32
JP,2147983676,16,dd0d973bed013ab0,0f994ec4e2d71d6a,f2e31fb6411235c0,b520fef9aec88764,4
JP,2147983692,904,364a983258417544,aac563bbddbb0b69,8a9f565971460882,5204d6809984f069,226
JP,2147984596,488,6876a912f19dcc9f,0723df881f7041c8,12a8c7e2defd046a,8ad60280d4076745,122
JP,2147985084,412,856f50cbe877a1dd,8125856274fd4435,bb698bb8eaba1309,c154125580ab871a,103
JP,2147985496,260,d5c6a319674e65cd,226c1b03e08516b5,6fd6625e9e5a21d6,de784da750b53716,65
JP,2147985756,20,94b81d3992f9d954,c816daf86adbae35,e56f04a0856e289e,55d118fd66c2056b,5
JP,2147985776,16,48387a9ef6f6c1a2,e3f5d8a26c5ad910,687e6013f04e1d01,3d5d565cea31ce07,4
JP,2147985792,16,36a92d85ad667d32,0e12c2fd9bbf6273,3c02a4871e1bfbaa,d5ecf85252943600,4
JP,2147985808,40,948b04a3b9265033,47b35e814d04adc5,d3cc18cf79131825,87f1223df8baa26d,10
JP,2147985848,136,df5b0c8590aa86bd,4950ed17fad5f864,7aab8f6f83bf26ed,258872de8efad4c0,34
JP,2147985984,96,cd3cfaa71af16d11,7b6921c31aa5efde,343d04f98f4e84b3,ec1ced3e2829dfb7,24
JP,2147986080,168,d427a77f601f0ced,b5f94cb0cbecd6a6,681d87d31bedab76,c945b9dc21d2e108,42
JP,2147986248,112,c5ae6f1ec27ded04,b2f585e53b156695,fd89f9475ac95736,88bbde6fb7813a4f,28
JP,2147986360,244,a05093bdd1f87d35,1bb94fd7fc2e67f7,b518daf354aefaa7,2409189f3d42f8da,61
JP,2147986604,156,2f1c422cce13262b,9e789a19f174c762,38331250a915f9ec,681fbbfe04957585,39
JP,2147986760,56,78409f6968af172c,89cc20a5c2d2d350,baaa2b2361a000f8,6784eeda3afac103,14
JP,2147986816,48,5367922e942c92bf,d661a43e78dfe634,a5ba90d0aa4b9fa1,0ccd8114993abf8b,12
JP,2147986864,52,dc787bdbc3d05d72,3c6d65d2459df29c,6329984039008c15,0331d96ff2c54f7f,13
JP,2147986916,56,2ec29adf3b6e3e7c,3ac0e51c07328c8d,bc125378d197be3e,b00ae79c8d24e16e,14
JP,2147986972,16,3c813cf8d2ec4c93,acebdba4f3530b8e,687e6013f04e1d01,3d5d565cea31ce07,4
JP,2147986988,20,b285d81afd8fad6f,b413013051eb53a3,e56f04a0856e289e,55d118fd66c2056b,5
JP,2147987008,36,802707a84491cdbe,8aba4221bcb04331,f84791b32908de7a,e116d98e0272736f,9
JP,2147987044,24,0a843d5f60b05a20,dee787b14601d0b6,3d7a76a0658a4674,bd196831d7732933,6
JP,2147987068,16,517ab44e40c881af,12bdec8459cc8317,687e6013f04e1d01,3d5d565cea31ce07,4
JP,2147987084,112,5813aff81e77a217,576d7da3794c2523,a215b92ca0a9a446,d318f5b35fd21edf,28
JP,2147987196,16,c0a7aa7aa8996a70,b22281105e3b4f89,687e6013f04e1d01,3d5d565cea31ce07,4
JP,2147987212,16,0e55c32f25f0dec5,47b43d91dbe7a828,687e6013f04e1d01,3d5d565cea31ce07,4
JP,2147987228,16,98d55ccf41a9c5a8,a2070a3e83b2bfb4,687e6013f04e1d01,3d5d565cea31ce07,4
JP,2147987244,16,b17dca812e419f6e,236b0477056dd3d5,687e6013f04e1d01,3d5d565cea31ce07,4
JP,2147987260,108,e1bd4fa8f6f4e3ae,3c8a15b1e3f28577,6b1a9a84ab0f6427,25e8d14961293f24,27
JP,2147987368,56,92cb8975974f7c4a,29303be29e873a2f,1c640af15a6b60ea,6679143011b97027,14
JP,2147987424,44,b5a2b4453b451241,58d9b7aed8405e53,ecedf2cde64402b3,59354435983d1400,11
JP,2147987468,16,8e83567f56f30e28,0f229b4fbe255a14,687e6013f04e1d01,3d5d565cea31ce07,4
JP,2147987484,16,4e43117513bdfe1f,818e920d1a52eddf,687e6013f04e1d01,3d5d565cea31ce07,4
JP,2147987500,16,9500fba998062cfa,9727ec1e93d5e9c9,687e6013f04e1d01,3d5d565cea31ce07,4
JP,2147987516,16,bdb3a69d8aea6b72,44ed138ccfd9d67e,687e6013f04e1d01,3d5d565cea31ce07,4
JP,2147987532,64,17fe0a3baf24e5c6,55b4baf3e419f7e2,ad64f3878854f454,66f868d4bf86600e,16
JP,2147987596,16,9f520be536c8d4c0,c4ab80ae9426c1f7,687e6013f04e1d01,3d5d565cea31ce07,4
JP,2147987612,16,6f8d18db1bc603ab,0a44bc71b2b622c5,687e6013f04e1d01,3d5d565cea31ce07,4
JP,2147987628,16,ac27ff55f4754930,f41c2b29c0efa850,687e6013f04e1d01,3d5d565cea31ce07,4
JP,2147987644,16,07e3e0ecc5a0c6f1,bfcded0813279413,687e6013f04e1d01,3d5d565cea31ce07,4
JP,2147987660,16,31313ad7718d5b53,e19338035b1148af,687e6013f04e1d01,3d5d565cea31ce07,4
JP,2147987676,672,113fe056c3d00848,18f29b00bcef1622,87ad58e5544ca25f,8edb89845ebe07a6,168
JP,2147988348,16,0ad0715ceb7b1bcf,dbd8f9ad09447e14,687e6013f04e1d01,3d5d565cea31ce07,4
JP,2147988364,16,eb6153bd89f6db70,85110b5aacb44753,687e6013f04e1d01,3d5d565cea31ce07,4
JP,2147988380,2192,a4602eba371d0ab5,fd766609f5d2c1dd,39115626be7e9e06,4c1ec17cd9cbf9a5,548
JP,2147990572,16,44156478bcc619ca,3a0c82e599c02ee5,687e6013f04e1d01,3d5d565cea31ce07,4
JP,2147990588,332,0acd448b7b82bdd6,827936e14ec321a8,d39cb0571064f2eb,6211295a8dfb816f,83
JP,2147990920,2332,88ea7d23c5bed76c,259f0216821af78b,ddd912ebb78bb03b,41192961e35dc1a0,583
JP,2147993252,44,fd489bda789b035f,9bf9557df1a4d1a2,2252f6194d8c6842,e055c3c9350e5c92,11
JP,2147993296,424,b8dc4fd6e293a1fa,bfe14c24b9298cd9,4387fc8d69563cf3,f066c42fc09b530d,106
JP,2147993720,352,e721930817e980f7,44ef931cf1bb7a18,649ad471425f6b9c,b51b9045144def35,88
JP,2147994072,240,ffdcc3420dab673e,d9fa8419f4eb6350,2fe424713a807c85,f6bb8c2b6329a8cf,60
JP,2147994312,144,b94af615b8ee8a41,53a24539a02da739,bc254f903bb57b4a,99c3b42c6884df99,36
JP,2147994456,140,42f983df09aadf89,96530668aebba09f,731713c40804bb75,9e889b2ddd39d792,35
JP,2147994596,148,7922706e18b056ee,fcb7d5862da80d15,743839403ec15e6b,92aeff1fa37ba9d4,37
JP,2147994744,172,13e00486e421b8cd,2b27d3d4e841ba36,074ee7bc250ce5e6,ea44fc557df90c0e,43
JP,2147994916,1348,051f20a2150dbc71,c180d94b1def8036,a864c1a88a2e5196,d32a25701b7a52fb,337
JP,2147996264,272,36e56515d2bc810a,4b85b97cc4b5d853,553fd54f90320159,86d4acd501eabcc6,68
JP,2147996536,624,c5e3db7472cc1825,a6b9fb59f0b7d229,b8fbfe24d134d60f,a8b67c46959eba51,156
JP,2147997160,240,7f261e266be204d1,921fb6aea110cbee,3ddab11f1bfc780b,e98dfe7dbae22c9a,60
JP,2147997400,56,1583498ccbda14b5,af42476038d84ecc,fe69681113d42be0,10f695f679fdf08a,14
JP,2147997456,24,147802d92908a4f2,fbc510ed235324eb,3d7a76a0658a4674,bd196831d7732933,6
JP,2147997480,16,15022e8b6874807c,b9ca9afc5dd08a99,687e6013f04e1d01,3d5d565cea31ce07,4
JP,2147997496,16,2527c3870f9a7b0d,b752d020d6b8b7ce,687e6013f04e1d01,3d5d565cea31ce07,4
JP,2147997512,16,e02e176b63eb43b5,ab10ac62ad928a4b,687e6013f04e1d01,3d5d565cea31ce07,4
JP,2147997528,16,ccd7feffe2bb9f45,b5d2a00789dd7606,687e6013f04e1d01,3d5d565cea31ce07,4
JP,2147997544,16,356342d0eb455e2d,5d7bcb7e77b51a1f,687e6013f04e1d01,3d5d565cea31ce07,4
JP,2147997560,16,e77ff142f62cb727,e7db5e6db7bb8267,687e6013f04e1d01,3d5d565cea31ce07,4
JP,2147997576,632,6d63a47afe5d4ce8,e389748669d5975c,52606731e0ffbd08,3255251d348d9cb2,158
JP,2147998208,40,94dd12dc604d9149,55f5109f847d4638,d91e65e201658e0f,f0c3782e9022cdf9,10
JP,2147998248,16,093f9877ef926da8,48c13f75633cb3d8,687e6013f04e1d01,3d5d565cea31ce07,4
JP,2147998264,16,5da15de1ea60d967,140dd42a9d3c743c,687e6013f04e1d01,3d5d565cea31ce07,4
JP,2147998280,232,7f418900619b5a8a,4e453b2be2e48d99,0d742c88de67935f,2bc985365d536375,58
JP,2147998512,120,744b312fae05e5b9,745d9e6128a29e22,fbdebd17c481189a,b1814aea5c15dbaf,30
JP,2147998632,640,dc1ef0f36f718477,6b4260ba3a1ad513,0136fbf2e750168b,c87eea45fc4991c9,160
JP,2147999272,636,88cf7d6fe52598f0,b83e6d0556d52978,556b16433bb34df5,95d7276b96928a80,159
JP,2147999908,168,28bdd113ee4e8397,c08640e8ed48d81f,4dc98c8eec07e092,1e641d3f69ba23ce,42
JP,2148000076,640,b080f635f33a3cd2,b3ce66fd4e1f86e4,93ad296f022bdfba,657cc67ca09d0075,160
JP,2148000716,132,01d8dc20741b18c6,b593ba7c97449f3d,f2ae9ab2ab7d7676,4208995289441cbe,33
JP,2148000848,68,8b9eb4fa6f65aa4a,e00f67d6e327986c,2c276665ceb88df8,2438ffe6ad45511e,17
JP,2148000916,252,7330726888b059e4,4ca28f2e5680a04c,6a5a3c4d133b1b0c,455ea0d0076f6882,63
JP,2148001168,40,f36549b552a9639a,e4c94cc7087a79d6,c90014368570e8b0,fd7ae695122acbfe,10
JP,2148001208,40,20c23951a9e45a72,c690f176fca95892,c90014368570e8b0,fd7ae695122acbfe,10
JP,2148001248,104,a7a8974918521a98,bac5b0fb3aebfdfd,ad9949d8621e9280,47f5ca48f45db1b5,26
JP,2148001352,1372,bb1b662a0e24b225,a7867d618615a63a,7ec2a84bfeb813c3,078a6ae9522b6e4c,343
JP,2148002724,640,4e725f83c579e988,fe09b25170d7efec,c0409742ea776d77,ec625baac2fe3bab,160
JP,2148003364,712,9e4d53484631c1dd,dceeca4344c00951,8876950e9137ce09,6777fa8e55f52597,178
JP,2148004076,1036,2c52be60f547e76a,0fdd83b99d0a19ba,e7509f4ca75e1994,415d8a0cad88a3cd,259
JP,2148005112,212,f4fe12b2e32a73ce,dcc5498f086bf57f,2f8ac44867ab1ec3,dcc547bcb002583b,53
JP,2148005324,240,11f6d280cc8237fd,6567bc0740d3e429,6285312287c70400,57ca8f9a4f07f058,60
JP,2148005564,480,6b20416cbe2b073b,50087cefde4f60ad,8758c5ebe25d2f2e,2c60811d67cd0c3c,120
JP,2148006044,360,97a070100dab3ff8,78887fbcb1f679ba,8933e2c139ed685e,7fee66f64fcdef43,90
JP,2148006404,256,7c0967d608e38af4,dd1ef327165af205,792d888cdddf2f7b,f20ddcd841b1025a,64
JP,2148006660,464,312eebf692a40440,8056e64282a50799,13e24f2471bcee71,87cbfbd0ee3346f8,116
JP,2148007124,16,e4314cb3262b46b2,68f80cfa493fa358,687e6013f04e1d01,3d5d565cea31ce07,4
JP,2148007140,552,0f6ebaa0b9ba9d69,8653b0077393b927,46ff037f8d720377,146d821edfca852b,138
JP,2148007692,820,21fda8cf7f451a98,c6861d3c24fd9061,6b2729f2608e801c,ed548ad4befe110a,205
JP,2148008512,240,9617f3d0ed90b652,1b9668e4332a67cb,4112035a506c403c,a3c4ff54b104e5a9,60
JP,2148008752,548,b102d6953ab51b07,49a1b9a1cbb55c23,2914260038d3b78b,7cf70fd8bec17756,137
JP,2148009300,636,e22e13841589518f,c8e6cb926daa7f82,467551b074e42cac,938af59b81663665,159
JP,2148009936,144,7a47d011a2e55ad3,02c6e4b7a753739d,6ff2c13b70b65ab3,3f1f67b2c32ca7b9,36
JP,2148010080,40,1f54969ea59fb785,9c52ff7c57ba2c2d,645ae8ebe75d5e07,c1f35f95f98d835d,10
JP,2148010120,16,6aa80300b51d9fb9,c1502f23c5b33613,f86b544f44e0739d,77d9eff6751e9147,4
JP,2148010136,132,2e845495eed5636f,6416ad9f16ec3c0c,1b47166f340ca794,aa4410832a737fbf,33
JP,2148010268,624,f1b0d3b3ed29ed7b,279339605c15968a,2579e4bf6a319031,be92affcdbdce65a,156
JP,2148010892,56,13bcb86dcb987e54,b00c05792db34507,31f6040b6d7b3d49,a57c168390099f48,14
JP,2148010948,1396,61f28a8f323a1aed,e923afa4876cf1a2,f43f6e8a2f3ed286,9c3a6c48347f7d68,349
JP,2148012344,32,2c2c3e98e7b9700e,8934fdabeb208436,11acaf3df1a58065,9503d13d78b2a19c,8
JP,2148012376,20,a944c066ddc5d6bd,c271c6dca62e0072,3f1a80ce1d551d59,27740978ff2d2a6d,5
JP,2148012396,32,6bd242dcc2795d02,7a5f247818e649f3,11acaf3df1a58065,9503d13d78b2a19c,8
JP,2148012428,32,5494e3e4a02fda5e,41ce10c022700f2a,11acaf3df1a58065,9503d13d78b2a19c,8
JP,2148012460,32,0e7ba0ff119d45cc,13ba8cc920809c5e,11acaf3df1a58065,9503d13d78b2a19c,8
JP,2148012492,20,c1d4103af67946e1,aa1964b7f980e86d,3f1a80ce1d551d59,27740978ff2d2a6d,5
JP,2148012512,32,475e13289a3176a4,e8f7f93f1c4df776,6ee8d83caf466401,2176e8f3f1de6124,8
JP,2148012544,2436,3432a2506789e5d7,4c920066f8c78b1e,c2145f39a18b327f,859fcb9caab75d7c,609
JP,2148014980,1764,999d34383e697279,ffed685ed2c209c4,c4fad98c0cce775b,d471769a1914cfcf,441
JP,2148016744,1624,561c905965d6a394,fbdd4009476e22cb,c41ef9a8e59f4b23,398d8379515b75b0,406
JP,2148018368,1028,2f9d34b455284cdf,72730b493c7faa67,fd90e1080bea087f,b1280472e0603e63,257
JP,2148019396,16,44e7a584229f9996,37df219da9d48623,687e6013f04e1d01,3d5d565cea31ce07,4
JP,2148019412,16,3f6fecb03c85a322,aa2d2620c0a0e1e5,687e6013f04e1d01,3d5d565cea31ce07,4
JP,2148019428,144,9a7c72cf423738f5,64539bbd8a0fee2a,94003f4282592a5d,6d1b4d9b43a2a546,36
JP,2148019572,1232,0ec15e21a00f9178,62d30dc46bee8043,b4a429c601052f53,831c85420bfef35e,308
JP,2148020804,416,74e6cc587cc09a64,b03972cf050c02f0,b85f2fb7e203f67f,991007a197379f0b,104
JP,2148021220,704,003fe4a57539b0fa,e674f67e02f46c37,60652954cd549c9c,f2f56a11159a6fbb,176
JP,2148021924,224,1097efe4487d7751,c805082d957f327c,99edf48e8b7c3a56,5fa76ba37cc977b4,56
JP,2148022148,16,95b8f5e9158d3233,1edca0ea7b314f3a,687e6013f04e1d01,3d5d565cea31ce07,4
JP,2148022164,16,1eb44530acad2104,177813cb03ea9bd9,c87b875fdd8b4fb2,cc52eddd33000365,4
JP,2148022180,168,0490c74486bc271f,c6d50eac61999337,18c2829c9a601c3e,e36b9022da742a51,42
JP,2148022348,148,83c01198f8692af2,b1af7a574961f935,ab007d570a5c266b,6b2ef8d38528e44a,37
JP,2148022496,112,524ae24874ee941e,89bf9ee4a3e80613,847a2a84fb4374fb,afd98ec971f61743,28
JP,2148022608,52,8a774b276e05c146,81f9d584db9603e9,bd7b87bc467bd060,283fa50bb6e8e511,13
JP,2148022660,16,e5ca0727779afaef,562f012a66eea8c7,687e6013f04e1d01,3d5d565cea31ce07,4
JP,2148022676,16,dbb1be678e9b5ad4,a6faea053b9c4a0c,687e6013f04e1d01,3d5d565cea31ce07,4
JP,2148022692,128,6ec8e83846ba03b5,7760b652579d0869,a9f6bd85f102e0d8,b2cba0885681f645,32
JP,2148022820,16,dc9b30375edf2195,a0f374a0c467c430,687e6013f04e1d01,3d5d565cea31ce07,4
JP,2148022836,16,f8e9451fa23e753f,793bcee78075a7e0,687e6013f04e1d01,3d5d565cea31ce07,4
JP,2148022852,16,8eb8cf21e6fb862a,73164e875bc950ff,687e6013f04e1d01,3d5d565cea31ce07,4
JP,2148022868,16,576a9a86c42f1b39,a4cf54bf078257f7,687e6013f04e1d01,3d5d565cea31ce07,4
JP,2148022884,64,8eb595d2956ebfb0,638e058cb2dad7b0,9583025af268b0f8,698d76ea79a34ce1,16
JP,2148022948,48,c96b64625814d13d,db5da1fac1135a83,b59fb732d85625c8,417ffdd41109a72d,12
JP,2148022996,16,4c1ff663724d006b,c0d4c104b3e13c4a,687e6013f04e1d01,3d5d565cea31ce07,4
JP,2148023012,16,623a2210aa294c53,dcd5a8e263435976,687e6013f04e1d01,3d5d565cea31ce07,4
JP,2148023028,54540,254d5c3719683877,1fe50160215aa820,be54e0661e1ff64c,d44b3a9c8eeb2712,13635
PAL,2147558400,96,aa5c8a5e24fb5442,f8e0d8c8b1aa454d,fa7d3e519cb5e084,b55dd6b3daca78c1,24
PAL,2147558496,288,8680f57a0df972d2,f6c527cdbab4c0bc,5f7eb17328fbf483,3d1c8b77552b8c9e,72
PAL,2147558784,8,7678540574197b42,c9012c2c267bea50,c9012c2c267bea50,3bd7b78e78d5ed0f,2
PAL,2147558792,48,1b6d15b943182412,d4d6e797bff1b93e,26d8e6815a771fb6,0ceeafef9e8944ab,12
PAL,2147558840,3548,46218fd33d046e20,a6b61952dc2d789e,9bf44cda4cc09cab,1ab52dd78dd9e73f,887
PAL,2147562388,208,5422f4d8cb39971f,7405977fff65f2e2,7f8ba53101837f0e,56f4c77160ddbd76,52
PAL,2147562596,412,bf10d6de5e676aae,877a5bae67d3c286,5a31de05a4aebffb,e2f1db241f2ab342,103
PAL,2147563008,608,383a0162befee425,39b9bce3da8cb3de,560510f1959aac2b,d3d3af195e4da1c8,152
PAL,2147563616,568,0410186732518a0c,97441820c69bc7a8,2b17313199befa24,5fe60f09b0ec9953,142
PAL,2147564184,424,158a0d1bf958b46c,11afc1f2c1a446ee,2aa63e2cbb204ab8,ec15a22c78db0a5b,106
PAL,2147564608,11996,45eb8499dd3cf7a2,de823176a91317d5,2eceeaee072f125e,65631ac9defc4f0d,2999
PAL,2147576604,968,d332fb9d68b76489,462c5ac3691db580,bf8654f8f6a22ebe,e28412e06c2f24e9,242
PAL,2147577572,356,f7c3791a1b0a4319,f8ecbfcfc6ba3471,d205ff882f479e1a,c452f3f730276687,89
PAL,2147577928,312,8c9c866afb7e5b7d,d72ebe433cc8a8e0,f9ee34967ab371be,62c1755a6503d040,78
PAL,2147578240,436,7e7919fa249619a7,b0c65ae67c2004d4,5818adfdb7952cbd,bc74824b20c38f9d,109
PAL,2147578676,692,06a9e2bdd7c212db,6af63be2c8059413,fceda4a7899f7304,a07e984f5cd0994e,173
PAL,2147579368,4176,f4aaa13391008cfd,50d10c2dccd736c9,205c5cc88fb1af26,4a554d9ce843f43f,1044
PAL,2147583544,508,4baed3def3ed6588,cb5029d8616c4988,1457ebb6330f8ffb,7425263010c39bb9,127
PAL,2147584052,144,a74ca02d2c986642,da3353fa440ed8ba,be8cf799118000e3,70e582e5bf0a8ae3,36
PAL,2147584196,624,1c3b64977f59b7b2,0226874ca2dfbcba,978aedbd4a9b2508,71a5c905ef79bac4,156
PAL,2147584820,520,247f99a3dd934f68,6f0310e497a8500f,a4ec2e331b7d40ab,36121aa2e8bbda39,130
PAL,2147585340,124,fd98df611c2e37c1,95e9f5ebc7200e17,8bd82925e5817dd6,84400b2fdb432cbb,31
PAL,2147585464,156,7ea69fd389288a12,d5db0cdea3ba7289,c2a9f55ac75fb88b,3d98057e38d1ba13,39
PAL,2147585620,136,71a22eead6e77d53,a3511f6b98e11ff9,e8c633aafa69e386,81bc7585f2c8db69,34
PAL,2147585756,300,fb5fb8fa19ed908a,5daf29229616cca2,fb025aa590a213cb,217132ff7e8d5385,75
PAL,2147586056,316,80b8648cee6b4c29,8597c2fc6b9d8b24,15b3191cdbfc3c02,c2f3bd217e5c31ce,79
PAL,2147586372,928,a5f7c0790c05fbc5,eeb1480ebe354c38,b4ab7afb5e0ef040,4aa83c8a325dab54,232
PAL,2147587300,1072,c20a9bd822f484ae,c42decd3e83d27d6,c46d3110ae70f0f3,51b6d2e28072c26e,268
PAL,2147588372,1412,b4e91b157a91a585,47f9e4f9bd1bd4ad,c9b7431ac309285c,6efbbf6b94b564ff,353
PAL,2147589784,220,1438531dead2f39a,7c8b25ea464eb555,873790fe85cafe48,27224a48a0037e23,55
PAL,2147590004,356,ea0badf4f56d129d,6d8a9cf023d8cbfd,2aa5e7956d230356,ce42d1c5949faac1,89
PAL,2147590360,4504,8f0aea7915a5f100,94cc38c32fc842e1,40a649b86430b819,c4178376b4dce015,1126
PAL,2147594864,4364,efbcd8577e2c8451,182015800c0e2246,8243748eca2a45d6,be0639f52b53cca8,1091
PAL,2147599228,184,700734a544a48fb7,8a832e5aea5fdeff,b36281b332d1c86b,d01b048dd9ddc16b,46
PAL,2147599412,80,0d90e1200b1f8bd6,4274ee72d437be1b,19aedd6f3fe10b3f,d6ebfe68d2e6643c,20
PAL,2147599492,132,bb42ac9b98654a4c,e3a7816849698a2e,bd245390a3f79552,d0bcbff329873e56,33
PAL,2147599624,120,28d6867d46ccbf4f,ec0dd72fd5a14ef0,ac63ef67cd1ceb40,fd1b013df2bdbbf3,30
PAL,2147599744,1156,b0722043a0061818,8c07983a24224c41,f7e0665ebaedf671,fd7f9e3b0cfa1b57,289
PAL,2147600900,128,31ac3d14735a9749,dbc47abe7dd123d5,69fec1c9be42b4be,1e8cc34720b464c7,32
PAL,2147601028,52,cc54580edf6cad5c,de34a44c966b324f,43c5792287a408f2,668ee47cb1a9f1ac,13
PAL,2147601080,328,0bd074f909dab7e7,fdd82139b1e41d98,315843cfe01d41dd,d21fcfa2855dfc6f,82
PAL,2147601408,56,971f91bc36b3bebc,1c1ef6fa1746120a,dee19729eacc4e59,bc9ae7eae3f0ff24,14
PAL,2147601464,264,12e03ad23c43579e,a52b60ae0d8e321e,ddd462d6c3ae5efc,7c5807a7a7b8eade,66
PAL,2147601728,148,4765dd18f96f9b45,e842f639ff96829b,b26c9fffdca487fa,7e893f25364a685f,37
PAL,2147601876,516,01c8be0f84b2173d,50188f1f36dc95d8,5df5f23707c63235,20b1edffd7c05d9c,129
PAL,2147602392,84,77f6c734c0f31bce,bd7e5cb382cc7ba1,2c32378d0f4747a7,b69c92b3fdc6f5fe,21
PAL,2147602476,128,afb601f89b486588,abf47870467daa45,164aff4eee41071d,dba4cbb7ab00d69f,32
PAL,2147602604,40,4325574b5c1b0814,20ef436e6be583e0,4b5d0bd01bd5876b,9d03a759c4d1df1e,10
PAL,2147602644,48,2a0168eb94a2be49,3105e0e2927db984,c613d18a72a936a0,3c24d2db760ed0c1,12
PAL,2147602692,1356,6356d1153c03bda2,0bf49d86d1e44d5a,d1f1cd9a5a35e897,740d6ec4d8921ac9,339
PAL,2147604048,364,15e5cff36755e1ca,aab1689e2bdcc2f7,2a2ec2ca226cb9f7,52be672733ab745f,91
PAL,2147604412,5008,8b126aad9d217c41,358f5468146537ee,bcb597cde4eef793,9558f7ab21e27709,1252
PAL,2147609420,224,59c7354a0c3099e2,d38f02b50cddae74,faca5173d6711413,c1d4218b53c4d2f9,56
PAL,2147609644,504,569af519e1f6a548,a23fd164a18dd007,06cb75ed88f078d1,6f3de57ba79382b3,126
PAL,2147610148,364,7e8d7aa632071d0f,01e63d69e8fd4949,866fea1d7330afaf,4d2232e48a9e1a5a,91
PAL,2147610512,36,5619df84c84b2e76,3793180d239e4c10,624077a312ef586b,fd1b0ddaf07f404f,9
PAL,2147610548,872,2ea63c8f444fc246,0b04190cc87f178b,6a9e23e81e8d45d4,c1ffc37ad905a5de,218
PAL,2147611420,320,3127079c913984fd,efce2f69757b373a,9b5819324f19347f,9ac16db5db287da4,80
PAL,2147611740,608,4052f2da922036d6,3f50e60ee81545fe,2dfd9e5011806cf0,bdfc609eba4ca016,152
PAL,2147612348,116,c62da89b55ec0759,12c1bfd7b62bf522,738b3628cad4c4a2,a017dd767f8ac181,29
PAL,2147612464,256,71295684bfc39660,a3f68103bd599cf8,0d267e027175190d,e43ba029d8ebe6d9,64
PAL,2147612720,312,5d36f325da3d8c14,ab607e11698d1a96,646a33164bca0547,e9ee250a29459045,78
PAL,2147613032,792,603c60324e9ea15e,35dc5f514e88e7f3,99973cf401a83a4a,26475b40ac331fbf,198
PAL,2147613824,1060,69c52d1a19c63d82,014ef3da25cb56fb,6870eff874837dd0,c8c25c128a336c2e,265
PAL,2147614884,720,ce97305f2b7547a8,3aa9c243930361e7,749a43b7c5d6d93b,322c4c8a7772bdc1,180
PAL,2147615604,2340,40ac9770e0b21994,d06ffa09c22b77e7,b1c6b8da5b043894,918e294956a6086a,585
PAL,2147617944,2216,9160b50c5f19102c,b398324811820b63,c70f723f76de4465,f2f4dca1ca762647,554
PAL,2147620160,148,d60669c4a5c47dba,8daff49b2a7e1b2d,e23c69923bf74b21,b69af66a89341d38,37
PAL,2147620308,488,db8f44d29eb83099,16b29a075b943b74,49bc2fab91965bd9,962e170d72270f81,122
PAL,2147620796,280,c69fa0020bc283a9,79b5f70c36e88dca,2c7ea65079c84fa7,55e10f3034f4ee92,70
PAL,2147621076,240,41757360fefda5ee,6d43d01e710d323d,b30f51ba33cc4fc4,8f58e02c7fb4530f,60
PAL,2147621316,156,95bdd238994afe88,bcff77c594864b60,180b066b92e99fdd,7ed7c8b5a7d5909c,39
PAL,2147621472,160,ea0ab1df02b317a8,4b7d9b367a95e92c,e89dfe0282e8f04c,3af00396b408c557,40
PAL,2147621632,212,01f42de1112f7403,7e1ed6051927758a,cfe3195de49a69b8,0886c52f3d509d7a,53
PAL,2147621844,40,b822c92469b0041d,ad0a92a820e82e83,569f4cbaef50f09a,4860a078150547e7,10
PAL,2147621884,112,1ca4829d2432c892,0cfae462b9084235,3021dff0650df903,eab194ecca276b45,28
PAL,2147621996,96,ea740cfdbe8d2fa5,0ebcbd7cdf513cd1,aea79d6b8eedb715,29c71bbf5af4d6db,24
PAL,2147622092,8,7678540574197b42,c9012c2c267bea50,c9012c2c267bea50,3bd7b78e78d5ed0f,2
PAL,2147622100,224,c75b80ce2b44175b,3f22c9d4eb87f131,ae2159833a3921d0,ff822e1ed15850d7,56
PAL,2147622324,124,dbb47d4251e7bc8e,6103247e2f696fbe,b7d3373c3fcef852,f59dbff9d8c87bce,31
PAL,2147622448,140,2d6ab7e4a5e9d761,e1a45c449bf7c1e3,b00e40a543ec2bec,04b04b7c3c345ceb,35
PAL,2147622588,52,bd9001383b399868,796d48fc40b982e7,af35d464c1a78842,a7c7292f21f5335c,13
PAL,2147622640,856,2d1f08d10c643a96,fb515b16a286b27f,1b27a2083113c7a3,acb7e3ef0812f06a,214
PAL,2147623496,172,70358a528481f225,256c5c9598a4b10c,261b218f7977d9b1,43dba28b5bbb559a,43
PAL,2147623668,56,28930deee85c5ea9,da2f3e0cab0cd647,50c73cbc71d5c6a4,47c06f9173428304,14
PAL,2147623724,220,1d58010bd31e67f2,8f4f0755146fcd4e,9dca39c848c8df4f,26d6c03bed89f33a,55
PAL,2147623944,240,69c32c1828fad2ad,7f8d98869c9b29ed,577eec1e0fb64549,b6d76121928c3b32,60
PAL,2147624184,44,2cb2b9197e67c4f6,4e206b11e71f55b9,33d9409972e33450,6e1a13a930955220,11
PAL,2147624228,1412,ec1152a215b172d8,842ce8f637efd43f,8d5ec5347e3b2c32,388441a715489981,353
PAL,2147625640,76,5196b8398020cdb1,4b6337fd3cab161b,a3065a00fbb2304d,04b37e0069331dae,19
PAL,2147625716,108,e4d7caebac9d0c93,c679978cd458f51c,4f7217f91b843b25,7c5caa3617e3f6de,27
PAL,2147625824,532,ec23881592ed0408,c7d644bacbb5cd3b,d2e2c4d3a7ec1498,90ab1fd4d060795a,133
PAL,2147626356,96,a0d781b8d0050113,99b257d5e39a7dac,bbfcf2fbe5cb184c,10defe9423966101,24
PAL,2147626452,8,7678540574197b42,c9012c2c267bea50,c9012c2c267bea50,3bd7b78e78d5ed0f,2
PAL,2147626460,64,552ad3cb3c269687,24b6b88747b86b8d,5d3d4b19454c6485,c48d1ae52fa0f572,16
PAL,2147626524,172,52c59dd363904c61,c256b098fdd72438,ace477aa50c5fc68,38016ab151c42148,43
PAL,2147626696,164,cd98de2944fdb808,5fff5e769747b88a,299dd6c47053271e,b138058b3f90c95b,41
PAL,2147626860,132,bd3c5563a34cd309,2f75b8994f33d133,03db23b55c23533f,b43903f035af76fa,33
PAL,2147626992,276,5eb1e46e1bf369f1,4a39bbb7592b3daf,3dffd4f703f92a8e,16f00292d6c7e919,69
PAL,2147627268,400,6f69b96ee4befbeb,4192b8503efb3ca0,5d4b28b327749010,7af1778528957e61,100
PAL,2147627668,316,db3b0f2cb1fe57d5,d06fc34813c72c1e,f67566a14fc893b0,0b1a8f1c8434b6e3,79
PAL,2147627984,760,53713cbfaaf216e3,d0c6b6045b4185c3,adf2a86467bafb1d,dd1b347f739b1fa5,190
PAL,2147628744,440,d7f738b7a9dcbedb,e8364ec6104a013b,bdfb48e27db4ff69,7514a6462f46847f,110
PAL,2147629184,324,fa2b3d622b02c6ea,70e572e83cdfe548,1fa2a0593ae4e14b,8533ea01547d3e93,81
PAL,2147629508,700,dd165b0edaef0324,d15b265f92b481fe,7d96d2e76c4af1ca,0ac7b377f44190ac,175
PAL,2147630208,780,b0fb252835e725cb,b07bd5bf2c504a87,a5fec73bf18806e0,e43ce54f132a40fc,195
PAL,2147630988,688,47bb035305ebf43b,60970a46d5a9e548,018db090ca11e2d1,42442e4ee3ae14d4,172
PAL,2147631676,588,4e1713184b666535,87731cd80b9f7a34,bd0c975bbd37da9a,a0e13b102834ac0a,147
PAL,2147632264,428,d2147d49e87cf827,aa00a1942e92819d,16cbce03a148ffd6,0ee28e4015bb5c36,107
PAL,2147632692,184,6d99660350f1cf70,c59b17ce27f6b3e8,d8c7694b0895f0b6,3cea39cd4b94e7c4,46
PAL,2147632876,8,1e03fe81ac3ec3f6,d6cbcb66e8419325,4b3579b6f73b6b76,cf1ac19f9d3a4027,2
PAL,2147632884,120,6a87792d69cf479a,e437b24ae15b0883,a1593bbec418a470,0b3e209ef9704aab,30
PAL,2147633004,640,193e6b50c73453f2,5a7840a6e58fce89,736c1f48e819e0a1,7ccd6f43d5ff3187,160
PAL,2147633644,36,499a7391a169af7d,797e6e091ce0f7bd,36788cb8ce0eb6c4,0dbe3d214aa4f5f2,9
PAL,2147633680,124,6a477614db9d1647,1035999e290e00d3,71d68a2f2469ac7e,a19835e50f7827e9,31
PAL,2147633804,184,d7ce098ae94f0989,1c087fe0b4115017,2fcff0f83cea2733,3de15a2bd8c2e962,46
PAL,2147633988,660,5938cd33d1116f33,58a525ff806bfbd2,351370aed478fca5,9cc7d5834c0f3efd,165
PAL,2147634648,1328,38990c97f745d916,7de6499f95ac45d7,08e2bc819ac4d1c0,ed5a30d91ec2c729,332
PAL,2147635976,116,2b61ad67da268ccb,a1f1c510e5cd201e,1750799a4c41db2c,c44bd294303e3c20,29
PAL,2147636092,100,f2c3c07835e554c3,ae04cc820706e407,c4f122e29d080a49,61b78c1be41c3d4a,25
PAL,2147636192,152,5d14ccb9d3ecbf57,73c230a5f9c2d949,758726e1e70a6ed9,db0de7889bb6111d,38
PAL,2147636344,368,ca9fa138a113bcf2,382ed39ae478d143,23c52c51a95c5496,44407976cd78c24e,92
PAL,2147636712,472,35f5099fb3c44bc4,cf833608c008429e,bbbb9f8c9ca32abe,3bebee6d7e4e4b48,118
PAL,2147637184,364,911426c5a9751c92,876ae340e3312ee0,4fa2bd40f473e224,f69bbfd41d86f167,91
PAL,2147637548,316,26ad292c68bc8906,90b365d0020569e6,7ff30263f1f9a008,ba885aac16c52f2e,79
PAL,2147637864,976,3a0060518df50dcc,4739226be85d3549,3ad1c4aee46637db,45e102ef5b85dae1,244
PAL,2147638840,264,3538242004a95375,027c011f6312ee0e,ea20e5868217b2b5,d5e6aeb9fa5ad29f,66
PAL,2147639104,900,0764a7e8aa6782f1,51ea607e8ff92401,fc3cce2476b27235,4201b42d421411eb,225
PAL,2147640004,208,c16aa3d9d651587c,7b3b9a4bb7c44bd6,55bac99b58abaaf8,0c8a05e58696b08c,52
PAL,2147640212,92,f417de7baf074891,930978234f67896d,0086bf063ec6147c,4251cd0fe2d4318a,23
PAL,2147640304,68,0d8e606a2d254215,4f7cd89e171cd9eb,9d6e5468682d3bc3,2023a1512db323de,17
PAL,2147640372,128,a8a3f79bd29b9556,e0cd5df826bd8591,76a713565722570e,366d1ec3ff18a08b,32
PAL,2147640500,128,09dc60135b1a97bf,b1ba7c3919448516,9f606d12ea618566,654f426b29f691c5,32
PAL,2147640628,128,07aaa072602626f5,0b395ec94e0f796f,9f606d12ea618566,654f426b29f691c5,32
PAL,2147640756,732,75b52a96bdaa1b12,a5775c25c1b2669e,6ae8b58b1bad3967,af938c17c0a6e617,183
PAL,2147641488,752,512469e64641188b,06413f62b75d0c61,cf4cab372f1f66ba,3f3c40a806d0c72a,188
PAL,2147642240,268,4d7d2373b3782364,df87ae7bd987e31b,1bc9a381dd8feba7,0acbb4f765f4836a,67
PAL,2147642508,52,a0de9d74504c5430,9d9150ec0acbee40,72bb4cde4c1aab64,23cdb1d4977991a1,13
PAL,2147642560,148,62e601e658e7d62f,91c27ecee8596134,1bcae13f2796f3ca,45fd61ac60fe9a66,37
PAL,2147642708,60,30e40626a806160e,1b037de7eea250fb,abad375897aafe74,71b42840c0f31697,15
PAL,2147642768,136,3b70a2e8160769a5,1b25ef80db46c730,e3523b49113bb47f,c5d5664bfbc0c970,34
PAL,2147642904,204,ca8a746bba651a9b,2b042527cf09c153,c62391ca6da3ac1f,596a965c6401fa11,51
PAL,2147643108,56,2f3f71af7f79bde7,923d723f0999828e,93330bd053e00cb9,cd95c64993579104,14
PAL,2147643164,88,83b5202cccc27862,9b42014cb7f84c74,dbc3eb83a3e97210,991b36d4fc9e1852,22
PAL,2147643252,2400,4cb804273928e766,6f8fa0277d1d4950,9a402464fed71504,3559934a22c47f2c,600
PAL,2147645652,848,92ecf8bd097fa616,c6c547745c825a38,438dba83dd130fc7,75629982c1b11776,212
PAL,2147646500,620,16c779c8858635bf,029c3ec7d97821cd,46353da1744d9cb6,bc1ee4966c9287f3,155
PAL,2147647120,156,af5a929bf5564f41,50534859421f48fd,869a0ba34835cf1a,038ad57b5e335cb0,39
PAL,2147647276,144,c53be4831f571bb5,632d907b4109e3ec,c5c356dd4aed2d96,1cae0b6aeedefdc8,36
PAL,2147647420,1132,380693d832243879,41cd7286841dff3e,951e999ad7b379f9,8e872d2b6c5ed166,283
PAL,2147648552,132,4287abce4edcbb2f,34ade00dc2688d4f,d8a55ff66788556f,d83b99b02a8b0c64,33
PAL,2147648684,44,8c2f06cbd52231af,2f1a29e267dc9614,cf22779ce1e07683,d157602b26017b22,11
PAL,2147648728,44,db3d5fec812ededd,fccb58f7415d6878,61a44f1e8696b968,52627696640afd66,11
PAL,2147648772,44,5cbace9f05b0da92,8885b20a406f3a08,874fc5020f17c8b5,07d888a2cdd6e7c5,11
PAL,2147648816,60,80fe1c157afbff5e,db7c09d866cc3975,8362b1476235ea7e,f0b2014fb642b821,15
PAL,2147648876,536,2abb5758b4115d0d,2637e6b54e98a44c,b62352cafb1ea6af,d05c53d770b33f7e,134
PAL,2147649412,376,29af45091623cb4e,8fdf1d9890f90ade,aee0dee10b11492b,a6ed9c486e746b25,94
PAL,2147649788,60,54f1700a671e9f64,8296a0d81ed85e69,c5bbb966fa5266ba,c9b2bf7c6398c9e5,15
PAL,2147649848,60,b7177f12fe4874c1,559a122dabf431ca,c52f8079d0dbf849,ef519d8aa14cfc73,15
PAL,2147649908,304,34806bdcf5c91ce8,77f86502a7adfd31,952946dbbf94fb89,cb2264d3006c506f,76
PAL,2147650212,420,7e58877518e567d2,4bd3b78169d888e3,422d78d7e4c75228,13c525eba05cb255,105
PAL,2147650632,104,8842e3ad72d197de,6532a4207ce01854,fb05413e1d3f53e3,fcd7ee13c9eef919,26
PAL,2147650736,188,1b44ca10c1ceccef,e8659ec7a33ab55c,f9a47d0d500d03bb,1c0f3e853c559464,47
PAL,2147650924,236,f4c75985e22b8e77,0c75786c31f14d62,2e920540d81fd8f0,7faebdbe8380680a,59
PAL,2147651160,124,46cafb44995ee33a,8e6c3ded3a331bf7,2e999b854d10a095,fc71e54674fc4ad3,31
PAL,2147651284,124,16e278433fab9033,5438d44cd378344c,5f023245f2943b9b,a19ce5b431bd3994,31
PAL,2147651408,216,6e2546f566597c8e,99b9a2dacbe832a0,107a0c0b40f80774,05f2d4a1ebcdb104,54
PAL,2147651624,212,4beba789340c81f1,9cf897b86e8f703e,1188a15769108f22,59d923118ba18453,53
PAL,2147651836,196,1c2f15c75e4e791a,7118b0d605c99ff6,4936f78beb828321,cb9a60405965f80d,49
PAL,2147652032,212,82f781a06feb92b3,38700b38f7907113,364eab0deb9aa687,08ff28ed2338a403,53
PAL,2147652244,184,d56f6939d9f01f57,e32e8691ff7b8560,7aec22fc01a7bc34,6e3c3feb238f8947,46
PAL,2147652428,136,e46b509fc2f7609c,86a81d755bc4d651,67804ded931ffa20,32d3023fd0f84d27,34
PAL,2147652564,28,171a9f5e771b3f92,9e2039f24a1acee0,dfda4ff26fcc3a65,209c7b6845e1ecc0,7
PAL,2147652592,188,4ffb4a87d7e65fe4,50fcdecb51dc7ae5,e6240e8fc35ba5d3,5918ae2ddd40085d,47
PAL,2147652780,780,9416c20df48e6f4e,6be07a0f71342428,ab1f9190dc6f247a,e1084bab4e3ec9b9,195
PAL,2147653560,108,d505ec4e696ab262,8b44ca0585189ee6,72ef5705e62ba047,77f762d2b4d36dcb,27
PAL,2147653668,112,8796830c74c1e64a,090019141c8b4585,81b053575542e084,08944708794614e3,28
PAL,2147653780,132,9a78c4e23db23ff3,7e406623f3dc5927,594f2dff0886b287,7706f277dbe2fb59,33
PAL,2147653912,76,e4b52b68ff7c7577,0e3e8b9c2379fc27,76d24895b8be4283,a4e6562abe1ba64a,19
PAL,2147653988,116,470fedfe66ddc98a,8a34372c57cb4691,35b65f5cc4b723c9,bdfdfd886d3cbcc5,29
PAL,2147654104,56,33471fc249c63e2d,68875073dc412d87,b8d7222c69b672cc,8556a4068fd7a65b,14
PAL,2147654160,108,de8f6ab18b5e4ed0,8e317c66f377f15a,a22a2572276cf01f,c6669a0f4ab2936a,27
PAL,2147654268,200,44ad7493778faf97,f6e88d2c258ce234,4ebfe16750625126,4166a5468c76f87f,50
PAL,2147654468,100,77d6f0c738a4177b,edb4eb38dc6cea33,69c7642f25da5566,a7db4e6a2749c7f5,25
PAL,2147654568,120,5272a86f8baa2962,7450f73577f225b7,436fe71f9b7bd54d,fc75c272693f9457,30
PAL,2147654688,276,d23b95c195db65a1,c4f87051b4835e63,f0e7347b6e2c310e,690d427d62a2460f,69
PAL,2147654964,100,6347711ab41dabbc,fbb7052daab103a3,5d88bf8f4fd40050,3d781f2b696a496d,25
PAL,2147655064,284,4c2218b37d853bfd,1976504d35e93115,fdf253548657fd9b,0c3aceef8b8c16da,71
PAL,2147655348,12,4c5819bfbdd29abf,e1e7aa6c0d61612d,97783365c0d00363,0095506a4a287a36,3
PAL,2147655360,436,4105d4d8ed94770c,26fde74c4d949e2d,23fd171c582e2a81,7c7ca9fcf8682b7d,109
PAL,2147655796,496,eace4403f34c05b3,fe52460e1f35ec7f,62f04a09a502843b,f362dfe6dac08b64,124
PAL,2147656292,1228,19c5fc18782b445c,d60cebdc167d5468,f8e33f8dd9b4305c,17945dc4bf111d97,307
PAL,2147657520,60,e0b14aa9ff63b4c4,b7c4d92c8b9d8aec,189e0c6f8fc70fdb,03d7b821033b6f72,15
PAL,2147657580,84,bf1ae881a6e3ad49,4a3bf9373b5638da,5de9369154e25865,60b0493fd727dcab,21
PAL,2147657664,100,7a1c9f7c76b9d513,3a8901cae06e3ac5,d65d1c2e8f5b5238,66576336af56923d,25
PAL,2147657764,680,640b852b9dda9abc,cacd57c85ad268f1,77f5605082e98f76,86ed2136c1304e4c,170
PAL,2147658444,24,9e84c7ad01fd5094,0fdf02b36e9232ea,d24bcb6180ccd0a6,9e68a2e9fb26a7ec,6
PAL,2147658468,84,316a37566031db5b,9e522cf289234eb8,a20d8284a815803a,d0631d70363265f5,21
PAL,2147658552,212,1e3738b9502c2b05,3012f54c34aa8b21,72974dc7f6af6f8a,679a23986c939ea8,53
PAL,2147658764,244,df3758709dd0b60d,27a694e6babca1da,459ee3d70f067fa0,120381c45975eb6b,61
PAL,2147659008,136,9f4ee0f0852c5eb9,bc4ed9954e961c20,e811ee91f7f314c3,4095ba7c2eeeeca5,34
PAL,2147659144,36,e775a59adbbac5a1,49e9340b626a0970,92c63c1e45cfcb8a,5cf65c6edf019174,9
PAL,2147659180,76,a9205996dde2a283,34a1c10f1ef3cd47,b45f3083694fe51d,031d0dc9c9319f1c,19
PAL,2147659256,108,e7180b190da161ed,ace36a830c3fa229,0df4b639c4a285df,cd94324a47b3d4f1,27
PAL,2147659364,244,f3f9ac2b99a4674d,417b2d795575fbd7,21273937879b2dd3,225593f3d30d2437,61
PAL,2147659608,264,4014f0bb63a77261,be8104def44bf90a,f31f77c584fc3a66,4d46fc55461cda37,66
PAL,2147659872,196,c721d58f488c72ac,fb01a249e8e06af7,ba26cc37aec7f509,84defe8d8050ea35,49
PAL,2147660068,176,307d3c7412052dab,7cddeaf06177b984,f0a6768fef8783de,e1a9b83f5ea0360a,44
PAL,2147660244,80,f85f839d7d614db3,8275174200047b91,fe5088914f8ecdf0,7163b64041326fae,20
PAL,2147660324,192,ecc04e5d62543373,9275b633fbc15540,58cf8bba3b8d1186,a259dceb58f18e40,48
PAL,2147660516,12,7c6e5dd8433cfeb0,5d02a09e6e40117a,620e29b6bd946f01,df626942b267a137,3
PAL,2147660528,12,bcab1e736b6b9c42,d966297dc71429ba,a7956348a89cfdbf,cb9ca9385fcd5e2c,3
PAL,2147660540,712,65612d03f49ba9d9,9f1786ae91851687,b0f4d6dace17337e,92aee444e16ec480,178
PAL,2147661252,48,9f5c71580f2a0caf,21b1f00525a88bfd,ca9490aad4c29c63,3b4d38e48e15dbda,12
PAL,2147661300,56,dd246bcd16d21301,4cb409494a3532b4,e2165518ad1bc88e,e08e7a67905d4d74,14
PAL,2147661356,116,7a936654d1e4766b,ef43eb74c4b01e0d,08ea083d21f162be,56f56696e5be0d30,29
PAL,2147661472,84,dc19dbfb157a3452,7206355378875ef8,29b586143467c430,4d6cbe5a101e1e5c,21
PAL,2147661556,456,d43b5ef5b67091ca,3fc556aec6747bd7,e559b9a265d062b4,fefc7888564f54a1,114
PAL,2147662012,200,7b35385170e9d734,c7f16f19b941d089,9ad3e05aac5e97de,6c5226f7edc5ed56,50
PAL,2147662212,288,b6a971519b01cb0e,da75e0e98165131a,bb2e00af822c63ea,06e0deec09019b05,72
PAL,2147662500,216,f3b9000a638d9c62,b06336e008c0fc8d,1e1cc7163ccf5bf4,c79c8d52782c5cac,54
PAL,2147662716,284,ff2242f0240b1737,8aa7663521dc0b49,e3a1cf62d3da8e77,410c2ce978010a7a,71
PAL,2147663000,752,3a3aed4755ce04ce,b3bd77115f6392e7,06a2caba2cd6b118,6030b62b0a4b772e,188
PAL,2147663752,752,a60c790067a6f4bc,74719e197234401f,40d04839c3cf1787,8295d1e1ae427c52,188
PAL,2147664504,68,097b65c3643cc8c1,4b49fa163fa2d7c8,cd4a5c7131bcac89,2a670f6554f878b9,17
PAL,2147664572,56,a4bd5c0eadd36280,b79d9c74c0498c70,f6c201a862719796,86876fed13af7241,14
PAL,2147664628,324,14490e59de2f3908,81e5a82f0baccc79,4a99c72292332a1a,a729a16051ad360d,81
PAL,2147664952,216,b40afb55a2a6bca4,dbdbb4e00657d263,01dd9bf63088226c,b924190fd676b630,54
PAL,2147665168,236,a18b7580d3262085,20bcfb53a91ee17d,0afde6854326de0f,0065cd4a077a30ff,59
PAL,2147665404,316,7f24fa81b8cb2427,13fd558a75bc68fd,cd90a94cb90b0c33,2c70a63b749b50ab,79
PAL,2147665720,312,3775831f54cd8b85,24a29aea2dfd59f2,607372b9509982b8,2a3abd319bec4e48,78
PAL,2147666032,292,e018ce123b3e29db,c05e28a2af022550,0925ccfa56ba3a58,140c10bc256193ef,73
PAL,2147666324,112,9e1133d7b8dc4ab9,f84ee2a5e9ac92b5,46dd6ff9d51fe558,24dd5d41e8060908,28
PAL,2147666436,400,b1ee51926ae235dc,d27bdea4c08589c1,33c6d79b9aa4b59a,f97ceea2fca67ed2,100
PAL,2147666836,56,3b67e87974ad5ca9,029d214f6cf2d487,73cc829b823bfcb2,01de5ec6516826fe,14
PAL,2147666892,100,dd2757efdc6142eb,fea095f15254eb81,fb77986481537e93,5d90e529faa105fc,25
PAL,2147666992,112,2c8777395b95b8dd,28b037f617cd8a25,4dd04d6337264fe2,5784538985131f63,28
PAL,2147667104,52,bea7983c25983136,20d67a7522828efd,7b150b3f294080c4,360dede8dfc83654,13
PAL,2147667156,832,a60c056dd5fc95af,d54388b68375586a,1938c6909a0d9452,d19d7554baa001da,208
PAL,2147667988,464,aa613728ce41efe2,a2bd5c3385638ca2,7444265b8616cbd4,d6ab25c98e150ed6,116
PAL,2147668452,432,df1c83000e44815d,a4aeeda48a1af2c1,e4795ccd44477e95,49102e89d8b0901c,108
PAL,2147668884,8,7678540574197b42,c9012c2c267bea50,c9012c2c267bea50,3bd7b78e78d5ed0f,2
PAL,2147668892,68,e6ca8728e9654494,426847f1c93cd4cb,8386b61aee4d783c,09514904d770390f,17
PAL,2147668960,476,a66157199ae82601,4cd3ead2c0c4898d,31cb1127848fb712,2113019c2e2ef0ca,119
PAL,2147669436,64,03b84ec16ec1f7e6,b0b5345b85be6986,5e383956727b4427,d4c77dec36aef3bf,16
PAL,2147669500,72,fe69d8fb72b9dcd7,65dfe14ef22c0863,867590c0565c1377,6d2b267b248a3959,18
PAL,2147669572,312,3611959c2a5d31e8,e9332a1b3b05814f,e1ad625f46d8a0c0,fa9259ee41bfe2c9,78
PAL,2147669884,1540,30fafd182d1f72c9,c61862e63d0f05d4,37ddcc634ff91587,a4e1aebbbaf68949,385
PAL,2147671424,96,20e50b82b70af0e7,90e8ef16356841a7,7d64921019013ed8,26ae8b00a178f89d,24
PAL,2147671520,120,81b88b7ad0eb8ce3,ffa4013b64976ffe,67f35c5ded993d93,addd2ff13fe4eaa3,30
PAL,2147671640,80,8e35d6dbbb0a5b5d,4f0194f54d052bea,2c6aca153462ab66,ad7fc3542b145127,20
PAL,2147671720,260,216817ac3e4318e7,782109ffb95d8f32,78bee7ccfc8b55fa,0680a1f79acbaade,65
PAL,2147671980,1556,8b33599b02e9b710,56efc4164eef3d2b,91c51749bf96a750,1439557800bcb345,389
PAL,2147673536,24,d0ad1e6bee34d0f4,69e46931861a907a,7a09e0581339723d,5ed55026bb2088d5,6
PAL,2147673560,200,b4114c6dde7b234b,87d3a5d8d62ab8f5,b62e5e6a18aa589c,bf9f30d6c057f891,50
PAL,2147673760,84,b53b0558fca51172,9b2a9fc5a40278ca,8d29996a4c6bbdd3,bec9816845c88b2e,21
PAL,2147673844,84,da185ca85e16aa4c,52e39500b85a0f3e,8d29996a4c6bbdd3,bec9816845c88b2e,21
PAL,2147673928,44,5ad8b831f199a871,b766fee50d9227e7,a79246c629f67446,694f307065f4020d,11
PAL,2147673972,56,d1dfcb8335851560,a1291b88ca2c672d,8e0a82e8cb2f6504,a8eb66f17adfdebf,14
PAL,2147674028,24,0dc123f95e08cf02,1b6a325ed592f442,60a02fd0fda57c3c,162a9be535861a4b,6
PAL,2147674052,20,c139284a48cadf69,8cfe206672662eed,f56c4bb3b8242d06,a77970c770137fc1,5
PAL,2147674072,12,f7cd2b5288b0c093,49fcfc350228bad2,fba0ecd7054c9b3e,e470457ba2142154,3
PAL,2147674084,112,6fdabe7bef91fd54,5b0c2e40e7bed7f1,359667a2e93f5335,a6cfa126b60afccc,28
PAL,2147674196,140,22250e3f14f4f426,85fba1d923d33184,edb936389ae14b5a,f01f7fb9698a2c56,35
PAL,2147674336,56,16078c59e0416df5,34f9b6bbe4297532,a77359b3419c77c2,7a135f93d347f1e1,14
PAL,2147674392,148,0b92d1f82909a2fc,3ffa798b7eedb6ec,489d17311ce6cc38,0fe8a128461958b1,37
PAL,2147674540,60,49c57ddba2f18c50,2bf07e92fb1c1d0c,610b1500e517b34f,8db9f6eedd46b6fa,15
PAL,2147674600,92,f03cdd28e6388770,3c8cbfc2d303095e,6bcc4094456ad6b6,8600dcf17e33e022,23
PAL,2147674692,144,d2955a96cdcf7445,3bf04e8010400a23,e753d39b6dd18027,6d5580bd769e6710,36
PAL,2147674836,372,ece37a9ce1db44fb,cd37d79afc94c271,53e6d68e423d374a,54c70a98261eb11b,93
PAL,2147675208,132,615699b5d761b460,66bca9bd7bd45c5f,695b581d560901b6,c035648230d88b5a,33
PAL,2147675340,116,b61a89186dd4db4d,ae846174d55c857d,5cfa55e4a0fc22e5,99d0ad66d8984787,29
PAL,2147675456,300,f7062bc9da35a6c4,7b134eb94cb92493,84d7def0c370a94d,65cbdc09914bdb6a,75
PAL,2147675756,1272,61014994c8efba3d,ef72ff6a3f89ae64,8e4c12334b2b7610,b1e04e99ab11885f,318
PAL,2147677028,1304,fecfa720687a565d,ac8ead45e4fd38d1,9d48644bdc930dfd,8f3cbc6abbd59510,326
PAL,2147678332,1616,6148b37dbcdd401f,45f8e4427162635f,4f0128538bef6593,d1beeec6f7858108,404
PAL,2147679948,60,11676aab0f96a6cb,98642ad1657ede33,98642ad1657ede33,489365292fd0fcd5,15
PAL,2147680008,708,13bc715cd967cb2f,7081aa2ec04ef22b,ee45bc1a82c9cebd,e7403fae675427f9,177
PAL,2147680716,1424,dd0a92103e6e2d95,491dcad752f9bc0b,20ec9e1e8dda22c9,170f9981e8a99d84,356
PAL,2147682140,660,f206aaadaa4ec662,724ee929187c0a37,d7fc047bcfdc5aae,d006337c0f22e59a,165
PAL,2147682800,44,95e16b27e0c8ae7e,226f0eb06c229100,50faeab4a790ceb6,93014c33b56ff0ee,11
PAL,2147682844,244,ec56918f75c67aa6,1150649f96c3fd0f,9016d9d1a2017165,647f85e7971b5e41,61
PAL,2147683088,120,5255c712273d7b9f,1fb0f824b5201b59,7e4c78fc0ff75d51,6d6907e0f0dbec17,30
PAL,2147683208,192,eba3536f339d2d20,214cfa9d2ccc1d95,489789d4f80bf992,73cf3b9f2b10d5d0,48
PAL,2147683400,260,f13d5a84d33aa68f,ea73ab5452e65e99,b86d0e432c1bcd64,a44251ec8085cbc8,65
PAL,2147683660,44,66d0c32b68a02f40,1b5127dd39197928,f225f2f4da00ab5f,340ef574246800a9,11
PAL,2147683704,1024,288c8abaff777a17,dee9a34f4062d774,206bb3bb65817d7d,b1edae9b084c553f,256
PAL,2147684728,264,05ec3a938842694e,5ca80df1dc295d52,5a700bacf350e70d,55cea3ef3df50eb9,66
PAL,2147684992,128,c7293e3b4a406bb4,569d0fe2fea8da5d,307dd575e722ba6d,1d34ed0270d1446e,32
PAL,2147685120,120,167c29057545d733,55dafe36599fa7d0,c8fae770a12bb4e6,f19cba413fb23f15,30
PAL,2147685240,88,f332d4c48d59df2f,3a1ade3b5188128d,8d5060b47a7030e0,45f9dcf256bb38a8,22
PAL,2147685328,64,e0fd77254555b3d7,729d0556135d7a1d,21325c8a537efcd2,d77a18a9b3d09876,16
PAL,2147685392,252,5cccbaf6de0e32fb,2fd4381c3c6955e2,bd282de40edcc568,62edcd5ad5b08978,63
PAL,2147685644,532,d6360cf59c94cf43,e8685829a102f807,2ef9583d46e2a233,f0f61ef634783d57,133
PAL,2147686176,68,7523d5159ee354ba,f5cfc4ec9045f61a,86eaa5dc73debda0,f0ce14e08578b262,17
PAL,2147686244,328,26c5f3ee589fcd2d,f02879eab7d1f14e,ccd37bc9b30407b9,16aadd572f82ef49,82
PAL,2147686572,300,faea247144e56006,60db2a3cb1a2a8bb,957b1fd0a433ebfa,eaa4addc97747279,75
PAL,2147686872,16,c8a77f5819f3b21f,67d62f0c3cd3cc8a,31627a6bb4f94ba7,b063900f4078f936,4
PAL,2147686888,68,32d87d68153f7edf,9faa5e27db01f8e5,50ac5963b2046a1c,456f6e21fcbbf67d,17
PAL,2147686956,68,0b34e980049649af,056b3cba9e924f36,5f5e2bec8024f517,456f6e21fcbbf67d,17
PAL,2147687024,12,eada03437e465df9,df9b73c1a6c9305f,df9b73c1a6c9305f,e470457ba2142154,3
PAL,2147687036,12,eada03437e465df9,df9b73c1a6c9305f,df9b73c1a6c9305f,e470457ba2142154,3
PAL,2147687048,136,2afbe50e8f0c620d,427dd3e2dae4ce3a,ac45fb4d8183752a,c48033e5fbb489b5,34
PAL,2147687184,272,48b60fd295287e83,12cbf29a6b29049f,d2f14ad68ca19477,58adb1d9f5ef9466,68
PAL,2147687456,360,3ba3e78b46319c64,fc09964206d1df83,618bd78e2b575cb4,9e3774d256f0f42f,90
PAL,2147687816,172,4a3fe890f16c5a89,235deaf19ab4d365,a302272d32c227d7,01c1d5255c24be66,43
PAL,2147687988,140,d5d5b84eb2c0f6d2,f1493d0c87d78bfd,58af056468b83709,4871f386acfa4333,35
PAL,2147688128,64,f2fc50f01e24206c,8c8e174b4239c273,ae2cc0736ddd2a5d,50a811291b4bce19,16
PAL,2147688192,60,1522491e55d1f44a,24e581d6482c32f6,9e96f2c452669f86,0a7a1f0c7eff5b88,15
PAL,2147688252,32,3b371c1857874364,d5e9cf82f4a9be17,83c3b1950ea9091e,6886d9622ce8a069,8
PAL,2147688284,184,e1bf653b6810b995,3fd270edbf6b2eef,6815ec24d6236bc7,c115378c05716033,46
PAL,2147688468,208,02c783fa615c272b,f48afa93cf89b289,05961b57cbb98695,1b7c4c11df12b17d,52
PAL,2147688676,228,1ab1bcc4906b0fc9,9e8bab0773ceb066,d47c8669548855b7,4b11abe46a995905,57
PAL,2147688904,248,15032dc8f5367b76,ae3648375a6593da,48c95611b8b3a1b6,91859dc9e0de70f7,62
PAL,2147689152,472,cb7d304c75fe2364,0a9789cf0fa9465e,cbce95dafdbeedd5,eb4a920a25eeeb2d,118
PAL,2147689624,400,6f18f1aa7a361573,b90247ce827ead35,0b791922967b0b98,715b5ad1d4cf8d87,100
PAL,2147690024,256,126a5246cd2b13ec,4994d3df60615aca,f310e8a0d5548069,4c5f7eedadffb3bf,64
PAL,2147690280,96,16e07b84cd6db35c,124fb8e7bb512167,c0e11daef0e4d522,b902b0b95d5baea4,24
PAL,2147690376,252,d9188dfb36155e6e,97eba0bc667fd0b7,5484eb6e149d00e0,35da517e23992b08,63
PAL,2147690628,216,cc1ac4a9a93dc247,e36a99eb43a4c0f0,9a2ea41aea69d9fa,4c1a9f08d1472055,54
PAL,2147690844,72,7891ed6c6290c2fb,6b4d2b44ded696b3,31ad922e5ecea5a2,0cd474099058bc47,18
PAL,2147690916,76,f0780e3a22091fb8,fb7dc55e0ad33e79,14c15f498dd7913b,36a0da1c8db0378f,19
PAL,2147690992,220,1863b3ec1102562c,85228da1e5c34f64,053ae7e0e53f0718,e11395699804e41d,55
PAL,2147691212,80,269b00a2ff3692be,f26fcd897a163570,75eb0201191c0cf9,f8c82817499f5000,20
PAL,2147691292,804,90efd4f0a50a1ca4,3d315cdb1b2583f3,560233dd6f9e06e5,11c18163666a26cc,201
PAL,2147692096,260,8cb2cdb5b0f7b96c,fd0a0c0879d83da2,69fe8e78b76be10e,e320dfd76cb1b5ae,65
PAL,2147692356,352,266dd2108f9b8621,dec9b4240aa7e7a5,984aeeae98683fa3,e61ba62061545977,88
PAL,2147692708,144,bfece79e5035421d,f88559e105b06bd8,47a2dc8717854673,3628d3b5712a726d,36
PAL,2147692852,572,17c4739599ad460b,0d53d5a216f07559,7013414798e3acc1,f0e23c3d40dcccbc,143
PAL,2147693424,268,b7728209fe80233f,ba2c154887c087cc,66becd5f4f106056,d7313c0701fa492b,67
PAL,2147693692,528,f3e965def1b25133,923c54c846647039,ac928f5899396d05,667884d15ac0841a,132
PAL,2147694220,412,b2d007a0b631014b,0f519cc141cef2d2,df70a6b9e945cb23,30d8de0951cfd727,103
PAL,2147694632,128,b0d1444a4a9f664b,38cb304b89312158,8a148230b12eee68,e8159f1c1b4adba8,32
PAL,2147694760,124,3cb53964245cfaff,f0872adcd30e27cc,d986687985c5a9dc,9764fc4a4ee5a045,31
PAL,2147694884,108,c359de13b79a9f4e,d5240fea68bdf57e,d00883911ccdf069,5646cccbb97b0af4,27
PAL,2147694992,52,fc7579f5bc7ca31a,126cf1be22e933d8,cac0c3d35f6d76d3,8fef7ce8df6605c3,13
PAL,2147695044,4788,c57e76440b756b59,180e9646ca4734f9,113df13a66352cd6,1610d506bb15ac61,1197
PAL,2147699832,116,ecd0f22aa0b71409,a9b6f3493f307c86,b7cf82e04598067e,be541c12090ca34a,29
PAL,2147699948,32,4bf95597ff8cfd40,330adfb880254d94,0da49ffacb4ee413,7ff13febf643f4e5,8
PAL,2147699980,24,325498aa016fd5b6,791bcfb834de98ee,b349e6c3ca337b69,a654bb05b033630f,6
PAL,2147700004,32,933b5760168e7910,ec69244ff9ae85fa,0da49ffacb4ee413,7ff13febf643f4e5,8
PAL,2147700036,32,fd2262931395cb03,bd0caf7929c296fc,0da49ffacb4ee413,7ff13febf643f4e5,8
PAL,2147700068,100,58c84b99e5c9f03b,db3f1a13aa24ec40,cd733a8a9c1fcb4b,e37e1f592d63bc41,25
PAL,2147700168,100,85e14a84222094eb,7969f7659aed376d,b421b34e279ac969,8e31d6ad97a4ec8f,25
PAL,2147700268,288,5c9f133e6bc38736,a494276378c7e10e,0befa3a64e63b79a,1df6137e63c70d81,72
PAL,2147700556,116,2af7dfbdab23a6ad,39130c59e26e9d51,4758066ee03bcbbb,50e6d7c846009955,29
PAL,2147700672,408,aaaf8dba28c275b8,ff629a73e26c87c7,7735cbc694ab57a2,2f6f0b0e505bdc08,102
PAL,2147701080,2352,cc12f1acc7861258,0538c437f85826ce,678a0ca1030959b9,c267d9cfbba13f80,588
PAL,2147703432,308,3e9148f3b1de44f9,865fb3cd32208074,584442dd265cba55,8737afa7309019c7,77
PAL,2147703740,1464,fca93090fe2fb0c1,9d11323c144b112c,7fee6515ae87ea71,68679dde3ea0e7e8,366
PAL,2147705204,256,efef42a5db95c751,f500dcec098f73ad,9017e41e22f10311,d9336313ecc7d37f,64
PAL,2147705460,7120,6bc81c516b1f3a0f,1a7bd633d869b50e,7e71477f0c9fe662,58189fe15d2719c7,1780
PAL,2147712580,480,81adb1c28aeae5ff,296fffd986d5549a,e6725c2cae541816,fc730e8729050d68,120
PAL,2147713060,5780,ce8d3223c6b9960d,3005fe514e545a87,0233097561b60cee,9bcc3cfeef50e4e8,1445
PAL,2147718840,976,f559844059c92a53,a4a58112baba5b72,2d50ea5ef6b976e4,6303a532b8823e26,244
PAL,2147719816,204,1a55a5a424f2cfd3,af8a55f2d1e99844,d6f589c13081140b,63033dc125ed8bd7,51
PAL,2147720020,272,46bf8b72df1d8c3d,0fea7b6c88e859eb,e6aa224f4cd7294e,ec95a550788611db,68
PAL,2147720292,780,82e29bb34856cc5a,d3defefa64dc1f01,b672d5eea53e2f4a,5dbd5bdcdf7d5435,195
PAL,2147721072,328,e9c0d80c6ef92be4,cac8e81525c2921c,69d4cc44ddd19e9d,f560bc3693772fc3,82
PAL,2147721400,2836,622e09ea0976d952,46ec9e6cb58a74c0,dd6949f8ba822083,4520a40b785a574f,709
PAL,2147724236,156,38c1e4c99835551d,bb49800d8bdcfd2f,820baaee9b7d13aa,01ee111c041c2952,39
PAL,2147724392,132,3c2aa24ca9db5771,08b4793767a59b45,caaab51182e1a43f,d49f679778ba04cf,33
PAL,2147724524,232,971e18878b239532,f6fa4503deb0e378,dba6e6dd4afd9e39,a9660f461aaa162d,58
PAL,2147724756,480,67c684b828e0f692,d6b9312c4567be99,e92df7e3e2502037,2affffe75f0c9863,120
PAL,2147725236,96,db9bbef8f037d983,6108ad90069a2031,800aad580d10642c,b1a7a05c901336c1,24
PAL,2147725332,264,9a3a1cd196199a28,5952735b085c9d12,c8aac2caf3a87d51,92496ce9214adf2a,66
PAL,2147725596,660,300f12793de5600c,0fded967fe130762,cf43558e78ee8c34,4f9304fe38309183,165
PAL,2147726256,612,da08f797865f3cf7,67564a6eccd308a8,143529f3974d4bb2,22f8c3cb30e797a3,153
PAL,2147726868,2208,8935174422afd53b,0779271f785579e8,0542d3164bd26ad4,dd5d61baa0ab3173,552
PAL,2147729076,116,f110fca9cd53e2d2,4891a21764783539,515e39873bdf6da6,01a612a72824249b,29
PAL,2147729192,200,e6c0295947a850e1,6daf0f2f0ead609b,a10688c31b35875b,dd07f465dbd2d7f1,50
PAL,2147729392,268,94db079e9c33ec3a,76348ea0c4dd2523,52bae65648553009,9bf63aa7f225864f,67
PAL,2147729660,100,ea45d75ec3e7833b,b892375685aad7de,da3b5ab7b80b56a7,ed9655824ea8e9e8,25
PAL,2147729760,184,14566d118dd94bc2,a58ea052108a9426,f01254250026b0dc,8087c4e8590d25ab,46
PAL,2147729944,116,b08190997bde0a76,ef01ce6c99719345,6abe820453d6caec,24df575c3ec7c55a,29
PAL,2147730060,2740,4a7045584e94aabe,279e4f984df751a1,d00f9b2f7429788d,8a97ca253eff08fd,685
PAL,2147732800,68,fe953d931d34c39d,d1ec0745f965de07,f412898921e579dc,b75994585f698861,17
PAL,2147732868,168,ed334e7b16ab0809,a75370939e5c26eb,ea021dade6fb95ed,d935e0c75fae95b6,42
PAL,2147733036,284,517bd64fbc07344a,a6f857b6df7655ff,1e958e99037db044,0f0ca16e91ab8d4e,71
PAL,2147733320,60,93f1677d6be7df31,607b714f1d0de802,cb7ed8910acb5b94,59d9dea217924f79,15
PAL,2147733380,84,be02a88c3ded9270,0a169b421075fd3f,3ffb81d5c5f6a823,8eff59de72dbcd89,21
PAL,2147733464,80,37f75643dd5a463e,2b641c5c511067bf,49be910e57712913,08fcdf2406a0c40d,20
PAL,2147733544,196,2ccc0b3fc8102976,661e6e37a0748b07,94461bf9df448547,8b8e4c8514a8566a,49
PAL,2147733740,80,a4bb23ab13e7d5c5,95743af5a3eff8fd,5dba0cbb89720933,128b59b28e4bc902,20
PAL,2147733820,232,7111789a89eb3de2,5ec18e41e4fdacb5,bad77bc2ba36f949,91bd18a119b48784,58
PAL,2147734052,132,a7beacb0ad2d1936,894ae7764730e87b,405c3d7a6b9bcec2,e7ebc9e0ce549520,33
PAL,2147734184,92,a45776fbae16be75,2b92c3cc0a9d8fab,e18322e9df0d4ba6,a1d309b8b32adbae,23
PAL,2147734276,68,e9bb6d81ea9615ea,e666f22f701b1178,339654eabfe1cc76,9b05f947ced2ed4f,17
PAL,2147734344,148,16354ef279f40638,57b9b7154a08bd41,ee261025161bd3af,e4ef4bb489b4eadc,37
PAL,2147734492,208,f6f6232ff172cbf5,982d73919ad7c07f,4f0e86ac5dfbd2a1,b09430dcd656197b,52
PAL,2147734700,72,63da07c685560b70,c8c7ec63a182f824,1e936c1e5cdf8935,024e90632705b99f,18
PAL,2147734772,168,53322ddecc6c8473,0fb37c81e415080a,2884cb5ffd1ce31a,1e83116ca4a35c0b,42
PAL,2147734940,388,c40b285d1ccea473,00324aa1da6c157c,71c129b64cd82624,dd977693738b7330,97
PAL,2147735328,144,b6405e972323306e,8392b5648a1f11f8,474ea3d5437d7c9c,c889f146cfb47172,36
PAL,2147735472,124,23265b9cd7cf05fb,2516d6a81600340a,6384a8894b31fe1b,ef6f0133b20e52d3,31
PAL,2147735596,124,09533c461b3785db,86e424f84630195d,6384a8894b31fe1b,ef6f0133b20e52d3,31
PAL,2147735720,112,79f4577feab06734,29e7973873203e18,a1a54058001a2c79,ed6bf6bc44721977,28
PAL,2147735832,68,4411eeff00c84da1,e9e76b2ca86b73c9,0662748ad3d8a864,7c8821f9207d1906,17
PAL,2147735900,96,3a580f8d95fb2c4c,7fe4356bdaed9f9b,6041ca556b2e9fec,61829d64120dd6a2,24
PAL,2147735996,56,244b0282231dd927,8633a835840900ce,09386f21d62a63c6,c1d847442d84a43e,14
PAL,2147736052,108,633df7dac9cae170,a9433105c497a73d,37028c2ebbd001a5,03758c60f315495d,27
PAL,2147736160,116,02244391b1f4d19b,3b7dc04b26451d9d,d5d8187771e49007,1613b31ca9193bd1,29
PAL,2147736276,156,ea38c4794a3b8029,329feab57d4064d9,e6becb15e4de3e1e,40a3e2fbcac08f18,39
PAL,2147736432,1164,abb632416d6c82ba,0747910fb49d4467,316ded03a2fb30b6,ce3da53a13b2117a,291
PAL,2147737596,100,a9f8b05ffea96e0a,7c9a7cfb3754ea6c,63637bee234a546b,7869e775bbbce76e,25
PAL,2147737696,168,cd5080e1d4a12c12,3f436a8fa9568700,6d745ab5082921e5,33b0b0a2bed68532,42
PAL,2147737864,472,723f575e39d4e9c9,4182b44a8a6f2e59,7d967b05cddcc628,d4309a52621f756a,118
PAL,2147738336,128,1f683842f549ed61,c36ab6d6091e1ac3,e051949cf854b602,2f7cf00a7bed5d6a,32
PAL,2147738464,100,bf7d4acd32792f5e,08d5ebfce6529e83,3cd4e07554f1376a,f2f568c4195f0f1c,25
PAL,2147738564,120,8f2ac0fe2f7cd339,7cf5b88288b107a5,fc6325ec9909f481,ab2c99ba4960e9bf,30
PAL,2147738684,92,0b359d86461dcf3c,6bfd8daf70241c51,70210c5da240410c,e17b1243fd02c83c,23
PAL,2147738776,108,97379e3023fd076b,50ea4ff8a6fe85f5,e673dad4fc023697,c459209f1abfd10f,27
PAL,2147738884,204,f212bf2b92d94e0f,4824c7df7c340381,6d0acb92c8b032b8,d3f516ae10def360,51
PAL,2147739088,36,129b7b43ed69473b,53b6088135d2355c,8eb23ebc0870a309,4c17ef2f8f033c01,9
PAL,2147739124,44,d2091522a7314a2f,dc8e5d7cc5fd1494,728ccdda50b2e193,307a9afb8f096b54,11
PAL,2147739168,24,6f2c730735f08846,6e87f27c58b9ec2b,f18bfb804d62ef81,c78fcba74fb1ff7b,6
PAL,2147739192,116,1457c12e3e42baea,3584a01492131b9c,442c64fa0d007970,d72ce13990a3484c,29
PAL,2147739308,80,e1d352a4ffc953ff,b17c88b9efbf7e78,8d82f18d56861eb3,900402c3c82a8e9a,20
PAL,2147739388,20,a3ae1600f397b9c6,62bd731efcaf24ea,89c266fb7a2c58f7,9ac31e035dd71977,5
PAL,2147739408,44,ca9123506ee36a5e,0bcb7430cc971670,5c88e99fd353de46,d58f7b14c7c4fef2,11
PAL,2147739452,64,bd701f2705b3de66,2180121b4528aa0c,b9e95629f05ac245,2bb2257ccee18bda,16
PAL,2147739516,24,6fbaff4f302599e1,2317499a0ddbf884,ade1d28d7591e021,ffa543a235fc4e1c,6
PAL,2147739540,56,d2d584dd6310bcbf,91ebe5063705af50,112c9fd0c53bbfc6,9e0b6712556fe130,14
PAL,2147739596,32,c76370a17fb19a66,1d859754ef4912c8,ac1ec54117dc8728,31a385ce9b78984d,8
PAL,2147739628,68,9adb6a44c08258a0,77665a8f0fbf08cc,c2ee393afd1fe979,685f7e008452cf82,17
PAL,2147739696,64,c67b6306c3eba03d,bdcb673907ab3fdb,8229fa39b6c1ee35,4f4ed15dee3828be,16
PAL,2147739760,1028,239d7471ce0fbaf8,285dde162b0d7a44,80430d51511ef434,d1962f84c4e89f32,257
PAL,2147740788,76,9b92d532cb980b5c,5bf02b22142e73c3,65291889e7f43977,e012817e9099db4c,19
PAL,2147740864,1336,bd2bf0d6f870c3ec,27ac6d19a203b64f,353a3de81232a381,2231a948943e937c,334
PAL,2147742200,88,f810533401ef63b2,b7ff50ea1e9bcd45,ea7b07da09d5b06b,017cb959ce5370c3,22
PAL,2147742288,56,c46e6773c8683657,1834d003f6b6f2a6,a6fe506946e434ea,89260cc5a67da16f,14
PAL,2147742344,204,121cfcd8bffb1b68,12af3ef7ef6d9172,3cf7d0e94f275cfd,f7851b5f98e631b0,51
PAL,2147742548,3200,aeebae6e271c7206,6352a0fe221e0808,06922a8e50476f8d,91b24f181b4b519d,800
PAL,2147745748,248,322148ffd5dc75b7,2fcbc59761ba4654,c278dc28650c185f,96afd543fbe476a7,62
PAL,2147745996,1352,8aea5b2b819e928e,d99e4e76551eee24,e683c55be69b5d4d,81d968d13736c9e8,338
PAL,2147747348,104,7ffac362df8fd116,18d6456bcd8e89a4,e3884ce618b0f6ac,d587be862dbb6093,26
PAL,2147747452,3132,2e400fb91ca5c991,94a75ecd0c560981,f5a10aa099237fad,80e61e814d45ba3d,783
PAL,2147750584,1936,8dae12c17f41dbe8,6a01256644546924,34f8cfa6a6581e86,91f3575e94f2413e,484
PAL,2147752520,376,95537fdd8cc564c8,ad903715ac332bf3,e0f58ec1abb4dcf1,3192150c3041512a,94
PAL,2147752896,36,d67aacd2c14436cb,e49ebd312adbb21f,bc70a937a251316e,4d8b79748f49ebbf,9
PAL,2147752932,124,d2c82f02c2bf0121,7196c9531984483f,4f18c5983db647bd,f2370cbcd3e346b8,31
PAL,2147753056,104,c94ac7a64f1c3259,b2477e4b4507e097,bddb337409e888d3,7fd83c52b5d0b6e0,26
PAL,2147753160,84,47d0254369a06a26,3e653843b15dcc9d,dec102d247acdcda,1d188d5cc51b39b1,21
PAL,2147753244,156,9044c2ccb066bf87,54d6d96e1bb4e3cb,8ed9c5bc2f29654f,4c3b2ad6a0aee6f1,39
PAL,2147753400,104,5cf82f54394eb522,938265da7b9d50d7,1177707cd3d9a528,7d6573697b44b7e3,26
PAL,2147753504,560,dfe23d3b8687a712,4dd727eb3751a489,1fb40bddc7b8fc89,234f4bde25a49619,140
PAL,2147754064,188,a00f7db86b316249,486145ed61ef5a3e,3c040814504cdd69,9d91db0aa7bdf850,47
PAL,2147754252,76,f03822f2b590455b,3f02c08d7df88c0e,db6a492608b01863,614cf5611df85fe6,19
PAL,2147754328,576,bc7a44490c2cd0d0,140da1c76a80b1e5,bb23181ba3d86ba7,28eb8957ecdde680,144
PAL,2147754904,292,ebdc56d0253d4f17,a62fc45d61549ca5,19e73fc09a90f81f,1c2b0b25ca961bf4,73
PAL,2147755196,536,52a8d11288da326a,6fe8dd835fb200ec,838f46ceb0e2cff6,437a131c31ffa3f5,134
PAL,2147755732,100,e3316189c17afb0f,8b194c3f21ff4e45,6990e8741a8f5bc8,a701e49a2547874e,25
PAL,2147755832,280,a7d9aa1f13109aaa,9774fc1fe521a383,2ee5eee9aa14361d,10a9203682eb4aac,70
PAL,2147756112,376,3f0b6b1652c15910,fe1e2eeb5875a1d4,dd1c902de6cc970f,ba9cea5a3d6d45c8,94
PAL,2147756488,588,d670756dc609fa12,f63d5abaf58d378d,2a1256a653f34644,d1c8618873ec23f7,147
PAL,2147757076,672,0bc0e1b3e4f18940,aa5c452fca5715e3,6b50bacac7057453,5895da2d772608e7,168
PAL,2147757748,2104,d8ac71e3e64848a9,20cf7d0705ca7e1d,dbd74792747a46e9,156936503bc4fac2,526
PAL,2147759852,400,d516927492e2aad0,12ca0703535c31ee,4b628894433ee9b0,f50a526d74429fb9,100
PAL,2147760252,332,d5c59c60812c0962,10aafbf2ab7a972b,043d287f83c44b87,a6f9621a94429275,83
PAL,2147760584,12,31b5347b328a904c,7ee11bd3c05071ad,9672723d74318bf6,a11fe8e1f4e88c62,3
PAL,2147760596,276,ae048ffb9560ce20,0e110146f168dc3b,bd4ed03a71ca52e9,f5e3994fa0fff189,69
PAL,2147760872,504,203d0224fedb0318,d83e0d54d7bed3ab,694fd21b827416cc,586e497e7eb5fd6d,126
PAL,2147761376,12,512c86727bfc7a78,a886813e499e8d5d,9ab6e4e7605e7e37,c908791602e0f844,3
PAL,2147761388,28,c3ee716b03928934,23259a76f44633f6,0f176e9275eb12da,1fb0325cca21a90f,7
PAL,2147761416,72,988948e34807d223,d108baddded38c3d,0f8f85b64745389e,3567ff272eb41fd6,18
PAL,2147761488,36,79fdf17c4c0e05b0,2989486a71a99772,a056e92d4e4e311d,6ea85a6aaed0c807,9
PAL,2147761524,124,21aaf2aca5bfeb4e,6aea7eed699ac948,1421189124d1d4d4,5463bc7a1144afb1,31
PAL,2147761648,44,a5c8e8a415e1f787,757f0de363ec7994,806fa548d19dedca,65414760863b5d53,11
PAL,2147761692,48,b8c87ca6ab0c4eff,16cb8869211776af,092c097716433f55,0fd77efae47b7704,12
PAL,2147761740,12,e6483aee84686ab8,5ecd753a14ee3530,ab02e6405dd67494,2779508efb522f1c,3
PAL,2147761752,12,7df34b72b7b50bfd,1a132cb75412d64c,20c7fbcdbec83a4d,04ecb3961d8569ba,3
PAL,2147761764,224,d4d0dea578da0c4b,1b1ce13676adca6b,3e5f593a4dd9e32c,fbee94db9553930d,56
PAL,2147761988,272,2758aea3055d9f47,fde1a06392819a41,6eebb1d67188db8d,9bad45608fefa186,68
PAL,2147762260,16,8d5a0f326b7d2891,686ba96ce3165400,814dc0b79919e6d2,52fc71fb9d8552a9,4
PAL,2147762276,584,0bb2be4bd6790208,9d2c920ce3052ce6,ebdf408bebba4c55,4f4eb78057ca9a7f,146
PAL,2147762860,2576,3fdd8dafb02fac35,05772cb9a8010ab5,c2144d5d82d32c75,8783f7a69f185f78,644
PAL,2147765436,152,a640722b3af537f3,9cd6345b363e7672,ad9a2069c88d2c0b,c1fe7561ef8dab6c,38
PAL,2147765588,104,c110abaa8621d6c6,79ab797b28e91729,03a39f59472272e7,1eabe203aca34ce8,26
PAL,2147765692,316,0c7053fa9d8c4e42,0d7da160891fefb2,0458708466d374dc,50123780b4eee365,79
PAL,2147766008,288,a5ba4820161e0187,d84c5dd3b55ed38e,c605afbb9ec110ac,e7f3940ad58a5380,72
PAL,2147766296,404,a22743cd7239dbb8,8695a0037219a0af,ae55debea45c22dc,40d11dc1007fbd3e,101
PAL,2147766700,332,67543a0304058652,90190410816e7ce1,2f12380acd641393,35d68c927f844543,83
PAL,2147767032,284,b276ae28feb61618,30bf099ad5f03144,0884dfaa141c3143,dab6ba323383a055,71
PAL,2147767316,60,a3455f91384751a3,09c9dd667372f31d,b8896236bd87b44f,e1c0ac97a596365d,15
PAL,2147767376,292,17ed00dd0e4c9c96,2a75764e5a0cd6da,63bab266bbbe0abd,72825c1edc3292af,73
PAL,2147767668,572,c6f517258227a797,3375f5f9879683ad,1bafb87df690a81f,963c8994e71d0866,143
PAL,2147768240,304,ca401f7b2eed8f04,6de3a7e33e5d79ce,1706eac75e5ab212,83ad101afb734784,76
PAL,2147768544,308,a50a2aecea00b2c8,dc50aa503f62beb4,dc2d57b319de55ce,a79f5c2bdea6fbe0,77
PAL,2147768852,372,fa09460eaffc498e,fc6ff597f5ea28a0,68b904baf2db6a8e,aa4f051bbd9b3fc1,93
PAL,2147769224,1644,7dee4257d3c7b3e8,69264eb7c61da57b,19607564cb67d0fc,f36ae1ee39f0cb0a,411
PAL,2147770868,112,84968203f11a5f83,543419e1474ac52b,c0b8979d7bf41b28,cdb9041d24b4438b,28
PAL,2147770980,220,59b18476a8e8daaa,c0f7ee6ff277f324,d94182e2bafbe093,2aa468be34af9c83,55
PAL,2147771200,728,4979ad8d0112a344,3e8ede050e6356a4,4a9ed037e8f37595,f0a88b90926b872f,182
PAL,2147771928,388,eb1a8584c6ecb589,d943402f1d919058,560a71fcfdcd57b0,ddf460f083c81bd1,97
PAL,2147772316,56,6523b927a8b4eee7,07ce118cf648baec,d3676a61eeea434b,d600f1240a57af01,14
PAL,2147772372,172,0f644326043f0ce2,07618854a511ae33,a2867cba75172e98,c74e29f39c22499e,43
PAL,2147772544,28,b4eab2b4eefc35b8,6b58c61006ece6d4,e5210c314ae79d83,bdd332c1857e9299,7
PAL,2147772572,140,0e73266aab7520a2,7f081406556d6941,2c202241a03ea460,957996915377a730,35
PAL,2147772712,68,803bae37e8e9e632,3511d7360eb821ae,6bf49727433193d4,378c3d2a77929355,17
PAL,2147772780,96,a77095a6e9ff50aa,e9be8b4aacb015f7,3ceb4d5db24c1a3f,488617435d146268,24
PAL,2147772876,112,499065a73d1546fe,0cfabf0e034f1806,6b867b6d9460fa4c,4cdfd58c652e75e3,28
PAL,2147772988,988,0108d88d502b3a5b,8341d46729815be9,b1fd620d65168ef9,d00782d6f3ab37f6,247
PAL,2147773976,356,c2a85b65046a43bc,f1a3d5d5e91790ba,572ac01022d94422,2fe79e014104be12,89
PAL,2147774332,20,eaef4b66ff7158bd,eff75242e5c0bfb7,619c8adb94159594,fed0546c2b88c43d,5
PAL,2147774352,24,f5aa1ea84135388e,b7a21ec4b32e9469,ec60d7aba0174b59,8af37b6a6ced9c2d,6
PAL,2147774376,36,0293145d9402ae5b,6952dd5e3eb554dc,98dfbf2583f75687,889e6c14e4b0bbfb,9
PAL,2147774412,60,554323fb120333cd,6577058cc28f6a4c,e8e3e6f88352d7e9,1665e10e995bf7fb,15
PAL,2147774472,12,2de0e911ba33d3e4,15ca0826b06d4f33,6e98f72abdb9318b,fd62fb94d603cca8,3
PAL,2147774484,160,97cfdeeec8a9a377,a62658cd836cf58f,b77239ecb9cf9869,a39cfe3acf3dfed3,40
PAL,2147774644,1928,e1614b8987b672c6,66fc6e106055e416,2f2cd5a400c8b8fb,5e523187a0a8375f,482
PAL,2147776572,780,634f27f5cd1c4409,ae6db84159d27c7f,0c4205a5ed18aae2,14a749fe85dc2548,195
PAL,2147777352,444,17ee5d0e1e79da93,c53ceea9e3af24b8,8ab9cfcec7855d71,acd998710b307b90,111
PAL,2147777796,152,55d431d238269643,f34bfd3ee60998f4,834e717d7c9f2a5b,157dbcb440480b72,38
PAL,2147777948,32,1bb6a18ce513d56d,be7465e53669d023,a50c60513d1a9b65,8f05a69132121f4c,8
PAL,2147777980,32,c758e4c647a1829b,2bc72f1c3e93a0cc,a50c60513d1a9b65,8f05a69132121f4c,8
PAL,2147778012,1492,224180e6f80461ab,6596d0006652280c,0c2e0b75f2247914,3e05ce5c677f8647,373
PAL,2147779504,788,24349c198e3fbed5,e8a650b82accdf65,8cfa14249953465d,188ad378b9e09f2a,197
PAL,2147780292,336,7754eae4c565f68f,0001502e75a0fc31,36fe17ecd5d76f0e,82505bd936969019,84
PAL,2147780628,896,b40020a19cec9159,77ef1f7e4d30f107,e4e1cfac29d44816,769195027b95199d,224
PAL,2147781524,68,3e68e906b9540409,6e870497931c2420,e1a7bc42d2d2af95,f407605ddedd7eca,17
PAL,2147781592,72,2a86036a26b6dfef,41991d0a0711273c,98115bcac744fc5c,416235ad924fee94,18
PAL,2147781664,176,78e23dce0cbfef72,d40210dc653460a2,d2d81fb9fa77fa5c,e58023f3ca1cc936,44
PAL,2147781840,48,0fb909d39625d1b6,1b6f3e3d6d466ea4,e3ac2200e30850fd,9de91602d467fe16,12
PAL,2147781888,7092,49d37a8426731951,1c9274c533ec3102,321ce08aba2fa2e2,0d88148da4720e64,1773
PAL,2147788980,88,3e0c05fcd6167fda,e392d78de5070c1c,d63bf3b3ccbf9b8b,a8bc5d14a54876bb,22
PAL,2147789068,2376,f542a02a75075e08,23d2915296731a87,94c4d9aa9bd888de,3c509905854d4ba4,594
PAL,2147791444,84,6aa8f5f50dd4264c,ecf9c32c30929101,d794e4896f79bacc,e5fa987e77498874,21
PAL,2147791528,52,eaddca7436e11068,fe58c6c1124d3648,e88847c4757456ad,f92b82577174e244,13
PAL,2147791580,120,1a3ca5c00f32cc54,5e22801d8f322f94,c2ea9edeb7df4d0b,13dd888cdc5a83ac,30
PAL,2147791700,84,6b80427d3606f654,2fb1b58f54b2ae35,ec36a5fde3617850,16d8b0f310728c04,21
PAL,2147791784,1188,a26f99a65fec552a,6b065b32f4b83f95,1238e2210420c735,6af7eafb2aa4f9a0,297
PAL,2147792972,56,8f3f92215d12cd0d,2c881f444a6c3ca7,ee3447a658d96d72,88f3f1762b757716,14
PAL,2147793028,128,c43d606b1c565ff7,b93e3ca738659a12,18818e53d483d7de,6ac24ac98b514342,32
PAL,2147793156,128,5505c1a7de328e38,fe11475add8732cb,4c4fcb497e2252d1,c1d14b03240aee28,32
PAL,2147793284,412,a67ed13a7dd51fe3,4665475a54df8a32,712732134c632787,99aa27dae1253b6b,103
PAL,2147793696,412,7390564b31c25e81,2309a80a645c154a,712732134c632787,99aa27dae1253b6b,103
PAL,2147794108,412,78a9440e9a384bde,c2f5164052fe8e7b,712732134c632787,99aa27dae1253b6b,103
PAL,2147794520,532,8dce2243d23cbc1c,03db7eb08763cdbb,7a1806de11147811,7f1f0a0637b70ba3,133
PAL,2147795052,532,4ca73899376cad4e,1fe5ebe7a7893553,7a1806de11147811,7f1f0a0637b70ba3,133
PAL,2147795584,532,3819b055dd5a3b35,0a7bb92fa25a4835,7a1806de11147811,7f1f0a0637b70ba3,133
PAL,2147796116,1356,2ecd8b937d7fc4f1,f28d3a89ee47ed25,bc31911c61cc6e70,3f83be96c1863957,339
PAL,2147797472,32,1bb6a18ce513d56d,be7465e53669d023,a50c60513d1a9b65,8f05a69132121f4c,8
PAL,2147797504,32,c758e4c647a1829b,2bc72f1c3e93a0cc,a50c60513d1a9b65,8f05a69132121f4c,8
PAL,2147797536,988,348df6d926976aa8,ded8534a758ca284,b7d7f5734427446c,65d13c9a7457597b,247
PAL,2147798524,1872,c58aa0c971bfb9e1,6a8a379fc4c9f8a7,4d50eae39b43c654,58ee28b34d0e3559,468
PAL,2147800396,672,21db001b403b1b44,cb3dfa29339ac1ea,169abb1ed0581d2d,a74e14f74faead0a,168
PAL,2147801068,760,f1c50a8e3d8e3be4,8eac339f57ffeaad,918ce9810bf480f3,27e807332820bee8,190
PAL,2147801828,152,ed3c55f2c6cfe85f,49ec909b2d90a987,8fa3fb8730e5269b,15765778baae6480,38
PAL,2147801980,280,22f6b42881379742,1a88ae5ed4b7dfb5,4d4e54cf5e7cfa3c,670c3e708934882b,70
PAL,2147802260,396,f5bbb9caebd54dd2,2361a0840a82d136,a9c4073864ede8d8,fa0b6351211c42dd,99
PAL,2147802656,276,8739b7d0ce8a0bd7,02f10c71193e65d7,50677c42d181866e,d454cbc89e29cbd6,69
PAL,2147802932,228,c44f9fb86e36f3d3,a7b70bf026b9a3d8,847e486adb50db45,c81ebab2b66794d1,57
PAL,2147803160,668,e542e0df2e3ee912,320fdb0e37018993,a201e6497f847fe2,f74a5ddaf734cc7f,167
PAL,2147803828,740,861012a78fb3cec3,0bb5c293fd52edcc,87e1064f9117bd4a,f38a1852ceb055b9,185
PAL,2147804568,632,19d106de1291538d,7991ba1ef963a877,c80c030bf73c0651,cad733eb5f415d1f,158
PAL,2147805200,464,35ea1d408a936741,d10d0551e05f7ded,1d73a1442d6f9e2f,766eb6a956841cb3,116
PAL,2147805664,368,d3f16d1c6e3f7b7a,58ca6edfffb4f7ec,4c6a3988721e328a,529331a3677620aa,92
PAL,2147806032,188,51f559485905266f,b749ca65686de3e5,15d76d44a3b8b51f,fd57236e4644eead,47
PAL,2147806220,216,5e17cb7f967fcbe5,ab7ecba3b94e9e91,212ada79d8006709,6532eefd93d65afb,54
PAL,2147806436,2884,f20961b5d9c89f0d,115fc3645bc65b9a,e2f6b5be975c8061,defede6f16db81ab,721
PAL,2147809320,348,60e2f1e50c88ba17,59100e6d90f6b18c,7f41167376c2a707,f2d6819ecd5444cc,87
PAL,2147809668,860,d2684c6a0ff72457,3c89869051b47e94,b2a458359af25175,e65b42cb4de23fb5,215
PAL,2147810528,1832,b500c30ec73d39c0,1a35666899c498c5,523d1acff8bf308d,f364471e8329d0a5,458
PAL,2147812360,204,ce8c1aa1e38bfaad,4796fc1e6edb0aed,3b7bc77d3357fdc5,76e946fe5fffc0fc,51
PAL,2147812564,300,5c91d2a7f29dc694,2eacc5827a58f8c6,53818b855707ee52,2f397685981e64f6,75
PAL,2147812864,396,1016312719272db5,1ee933e7afb696f3,7b1582d6b4edde9e,497e8d743cd22d0d,99
PAL,2147813260,800,d8593dc2859548b8,0df656aaa0679aa4,a7de5565cca68d25,ad9200b1f1b20fae,200
PAL,2147814060,296,6da0f2dfb2bbf02f,a588d13234b1fd03,02db1653d4429190,83c6334dd534519b,74
PAL,2147814356,588,ea7da720dd5ecf2d,c0c4e91dbbc28d62,0e7460fdf52a7a42,8b4416958b3e1e25,147
PAL,2147814944,172,3197d49561cc4f4f,7adaff04a066ab65,aeb272d8ccd8a5ea,b45162459e209c91,43
PAL,2147815116,172,701915030ee24c9d,5914e4b072a5ec78,ff6c93c342f2e5bb,570d17e8834b0158,43
PAL,2147815288,172,2d9f871021805288,e2693108bf499cdb,ff6c93c342f2e5bb,570d17e8834b0158,43
PAL,2147815460,172,ff8394da607042c4,9ed9c8cf5fcfb509,ff6c93c342f2e5bb,570d17e8834b0158,43
PAL,2147815632,164,f1a816fd073c58b2,d5932e369e1b07a5,183d95e1b1dd18f1,8e8e50c120fc5930,41
PAL,2147815796,1260,fe72025f26480586,edcd11d034cf7f8a,77c0947c3d05aeee,ece3e8b25d342427,315
PAL,2147817056,1464,af3337023fb5e32b,38155bcd81e93449,1d27ed0e96749116,ab023808dd573940,366
PAL,2147818520,448,45051581b1485971,859e396761af6ae3,f0db5b46241609d1,ffb8815e8162b3a5,112
PAL,2147818968,1068,1973d99b34baab36,3d3049d7a7bdea0f,c3c1604b878eecb9,bcaaabc0156e5cec,267
PAL,2147820036,628,8b213496f67a5d21,d7f9db7214c83ce1,64bb93c23a3d0b0d,ce07b5b22b7f6c3c,157
PAL,2147820664,2772,5fa09113f516a50d,cba4d14dd79c17bb,0972dc4ae04e7478,b1dbf76ee5621831,693
PAL,2147823436,752,a7ca2afcdf0bbc4b,0c33b844efeead7b,7e0991e5496e40d5,59bfa001102d3e4d,188
PAL,2147824188,4168,d417ec18ee0341ca,99eca762f38c746e,543adb4a3c59b0e4,07453fcbf3338c11,1042
PAL,2147828356,196,886d48ecd7ab6963,1efc54b766e3f1b6,86f1c725fe6739c7,e86cb9b994451753,49
PAL,2147828552,768,9b02c92f29e7fd2f,0814280679de24f8,92a87a4aedb094d7,f914996730ad9ab4,192
PAL,2147829320,940,18deaed63f2080ad,7dd35054cca0cac0,5b1d4ddbbeb08f71,5cd5a09f0a9cdca1,235
PAL,2147830260,112,ddc2b470051ef6b8,de4bbb0eb80118f7,271b01d7a41a51b4,38b6f84784d6b53d,28
PAL,2147830372,388,c03782a470a4ce7f,aaaf83d19146d558,cf29f315b7041e45,73b25835fb3bdab2,97
PAL,2147830760,1272,323ae6f4a46e2b2d,e49e3572a8c3c234,06f2906c2006505e,406ac0f24a0f2be7,318
PAL,2147832032,400,3b9d19c33bc88dea,7b03878d8483a1b7,f3437a772b8b4f13,71abda8007236f74,100
PAL,2147832432,1160,149c6650a7b8dfd3,38a627a18232c92b,d5f17276f29d7a7a,17eec17ed3490270,290
PAL,2147833592,276,b32b85609ecc87ab,85e68d53cc2b4abe,e78743a2ba21b7fb,4861b1886946c0d6,69
PAL,2147833868,2112,929dff805bbbd944,2b3c795485c795fc,13ba8154ee0cfeb7,124272b03ae90221,528
PAL,2147835980,420,5bb32ddccfbd14fd,026015e1a64b2140,751515a095366b9b,8cd74b4c253cdb2f,105
PAL,2147836400,220,8d19c47ef3306934,53a846f2819f7527,797672becb5e1c09,f42253ed257f21e0,55
PAL,2147836620,4324,722085dac80a87f6,efd39c8b94e34df0,1d977bc390cc4142,4dbdf0734e692e0a,1081
PAL,2147840944,332,ebf2782c802c9b5c,729029b3ee7ebf36,098e8df659cb89df,b1ad94fc320aa779,83
PAL,2147841276,1128,a3a3700efc85ab93,6b06a9a0a5757178,84b2702b10852779,1626d762762616c7,282
PAL,2147842404,960,0123279c49527fb5,d3e2fa8347650c0b,7cf95139f419e6a2,49803d5e54ac8496,240
PAL,2147843364,36,f1d1f6c7edc9ebca,3be975bc68bf45cc,41cc2e1ae2cdf82c,4309934f3f9996cb,9
PAL,2147843400,36,457e6a9f20fc2586,28cd92e1e7d5f2ad,41cc2e1ae2cdf82c,4309934f3f9996cb,9
PAL,2147843436,3084,fe5a9fb1b055f622,725a7edee8d520e2,e3c5e2059d533fdf,df991bc2ae548f24,771
PAL,2147846520,176,e4bddf2152faa963,8da5e20944e26cdc,f95ed5a32097543f,5a293e74c2019114,44
PAL,2147846696,280,a9793bfa4c352e8a,d5c372959a61ad46,8c6fbd94dc31c41c,b1f4219fb18998c5,70
PAL,2147846976,324,54671c408039275c,1f45d9ce937eebc0,a73849496aa3f081,922d6377873a6f2e,81
PAL,2147847300,192,d543915ec1515f59,3feaec82dc067f9a,452c6cc683c0581a,5897d5534e5e5d20,48
PAL,2147847492,224,edf28eda5d729cc3,b02ba64cc01436ee,61f74af7155c860c,ae98db8f6f10b0b4,56
PAL,2147847716,404,572bcacf6f4cb8f5,d78582d1dfa903ff,60c6326008933ba7,78028a6a3c6c1d9c,101
PAL,2147848120,148,06fea3726ed00654,95495177df6e71e5,8b2213b76b3495d0,30bd9c0b286184e7,37
PAL,2147848268,72,9c9d9e87c296a188,53b1c20449aa89c9,53b1c20449aa89c9,283d0fb35962687d,18
PAL,2147848340,112,0d54f7bcfa54a48a,61abd5061611345b,8a048ce0d58a7d00,774705827729b84e,28
PAL,2147848452,100,e9d11aa685e3f5d3,8d4a5e9c9f0e3639,cf0c5221e7ec4c08,610d8378ee90aaee,25
PAL,2147848552,144,d6b87aaabd435c2e,fc5af6bd53840326,7c8545d28f9a4a92,77fd87aaf9b621fa,36
PAL,2147848696,580,2afb2dab5af6b4d6,6c3837f11370c9ac,12d577ec5b84caad,f470d1f6922ad653,145
PAL,2147849276,532,7be75a922c472069,355530616fcc5c88,e7f4d1f3301a79a4,b16c2ec44d2c849d,133
PAL,2147849808,552,215947161074c9a6,50316a94a87048c8,4468524f1e5a5447,45f5bf746f92fa97,138
PAL,2147850360,664,648bcdfce88958cc,bbf0eb08772abfff,c3e9d138c69a3cb9,fdfe4a7bd7fdabd9,166
PAL,2147851024,4364,839ab0c3cfc1e355,d6a7291be3a613e5,522d57ae6b02c7ff,aba79e9ee2ef7b23,1091
PAL,2147855388,216,0c7eac7446062dad,31c1797e8a2042cc,63addc5d46eca3ff,06724cea760a605b,54
PAL,2147855604,1224,b94c20f475e2ca1d,9b38384a4e40f93b,d0912525eb7cb426,0af8353ef1293dbc,306
PAL,2147856828,48,88af345a6b686f28,ba7fb989c0148040,4460a87443b7e647,d321108fe592c359,12
PAL,2147856876,132,d57a359b4c38e962,f316104b7a592689,2c582f23dcd8fff2,22a871f9597142b7,33
PAL,2147857008,920,503843acd23a371e,c802c8b97176ad5c,9ad55e034f7555a5,32ecfb5c4b537ad1,230
PAL,2147857928,424,5bae7f1d10f2bbb9,d65acf92f37808d2,ac0524ed7530fe75,22eb97effd461fe1,106
PAL,2147858352,104,4a569996c278ac5e,11e052de379182c8,573afe5ae4aa0a51,04aac3b214b42433,26
PAL,2147858456,2560,1d2d521c48003e6e,85cbc962a68f9506,21d9dacfbd77e9d5,92d6f4ea07aafb00,640
PAL,2147861016,344,40df0439ea165679,167b289ae03036f3,b82bd9003fe8eecb,cb08d10b47bafc11,86
PAL,2147861360,220,9a1ab6b8191f3110,61559b418ead9161,91310e01092f4631,3542660903e3ce67,55
PAL,2147861580,1744,dedc4fbaee3594df,e69f7adcb891a6fd,833615fa5e9c66fb,635d9ee5fb3d513d,436
PAL,2147863324,792,4163de4356358d34,bc3e56fc1c91682e,93b692d6d2e9966e,4acd45e6ef093d66,198
PAL,2147864116,584,3a394d22c8573e55,de1413d785dba29f,fceb27a9c98183ba,b25a30102fe12513,146
PAL,2147864700,364,643230601a19d47d,ad66b219a1b8e5c8,91d7cada2611e8f3,0df80c424b4c3aa1,91
PAL,2147865064,328,6a728eb215cd856a,8ab79003efcfe595,b626c2ad12e1196f,8c032de3ead9cab7,82
PAL,2147865392,492,bc9753b8f197f930,d68f1bf217a418c1,80ec2c7aa8bf3831,6c3058586802cd13,123
PAL,2147865884,3328,6280a484687727a9,65f57a88257bce2d,e595bade4dd78dbe,4d32647d4bf185ae,832
PAL,2147869212,272,f90aa10fed6eda03,7e15e6c1610becf8,15ec536db859b3a2,99c1e4d56789676a,68
PAL,2147869484,3104,3a56003e55f31758,e695751d65a019cf,2e7d15a065ab9d12,6d3bf825a21e0dce,776
PAL,2147872588,2664,b8bd572bc9a34add,7992e83c30c598a2,26fd684701d76982,cf7942c49bf1da6e,666
PAL,2147875252,688,04ad15f5e7afe79e,8148b274e38b9317,d7283e3f0131cc4d,99eff2c4aa8f7948,172
PAL,2147875940,2316,6900d54626883dbe,a1a4ace44e945911,0498b88b3c0c8c93,93b248678f519fda,579
PAL,2147878256,48,e3fb24ae5d758dd8,487c22a7f4e8a082,55ae49f30a428ea8,970630bcdd93021e,12
PAL,2147878304,280,e1f773ec5178fb38,bff0f7c605e6f001,1f24c938f1ca264f,a41cdaada337fced,70
PAL,2147878584,144,0ef75f19e1665487,6264206fbf576d20,b29026331df91e73,c9c3bd6f41ce4a57,36
PAL,2147878728,2268,c693271439bbb844,a972c656bcbc1524,c3c6e59958937bc2,38efb1245f906f3e,567
PAL,2147880996,1404,a4f7a53ecb015973,e5de94ea37da67a1,1244d1866f2b50e8,14d3411c9a5827e9,351
PAL,2147882400,436,1c97a75c42725845,6a16fcd12b43e39f,46850b9dc175d0a8,cd92207542a4392b,109
PAL,2147882836,116,5c879af8fc78fd00,2a119ae941d43002,2c5e890c273215b3,7cadf5899e7bef27,29
PAL,2147882952,284,bd4862e2f4f65745,b07b59a732042c30,c131eca63e77df17,7fc416164e3f87ea,71
PAL,2147883236,80,1799e1d47177abe9,7407bafdf731cf92,487098a7901ecc2a,d939c65b5a6e6cdc,20
PAL,2147883316,4952,2b3ace98ab39366f,d8870c83cabab10b,f5cbde01546a2c9d,ac04bfc04a352ff9,1238
PAL,2147888268,800,ed8c61155c9d8d12,0c6a57290d5eef11,cd612e88008ed18e,58427fd041a0a932,200
PAL,2147889068,1952,c7f5cc51843e720a,40da37e4998ba340,b26ba6dda802c01e,a60092bd2df2b0e2,488
PAL,2147891020,768,949676e3e63e5036,6141ca3893d882e7,1d7e59ba1f1e5ff9,75ffb63127ee7b64,192
PAL,2147891788,672,d7a4ecf7d8521570,36cc66951d2af3d9,3a11a8106a7643a3,ea97d7933c15f250,168
PAL,2147892460,748,da994327c7a19093,1e2ca5c04b035045,d14f2ff47d5f1897,c704e211c1ff0822,187
PAL,2147893208,916,f3dd54289e9e5756,d45c4ad7354a0023,8351a2205bcbc7e4,daf92eef70e209cc,229
PAL,2147894124,636,2526606fa0b79e96,af822047296a208a,550b9886f3737838,5bd47b82a4185a0a,159
PAL,2147894760,152,f772154c18912f86,b35204352dba3428,17bcc80e53d20050,0c2e178c79ab0706,38
PAL,2147894912,1660,e0c5a9b33216dd81,21ab55c05cda9260,93b629dd69ea0fd6,58370d04d9bbcc43,415
PAL,2147896572,84,19ab15ff98a5e036,f9e0686591ea1bf6,8d65fdace306f563,a260eb8c2fc6a84b,21
PAL,2147896656,860,97fb1a27ef711796,0a84b205fa78977d,4f2b1da3004d719b,a69a37a732eab94b,215
PAL,2147897516,820,2c6673d718aad6f9,152b24cc77ba9577,64ba19f6f40040fe,3e708e2ef242dcf6,205
PAL,2147898336,324,8c7c3308871dfcb8,9c9d5a7014c6b0ed,6c086f871c2ba739,b56c29e560f39186,81
PAL,2147898660,4824,4daadb21c03a73a1,44f8b6c8831dab4d,30e86f95e92b1fb4,297156f884e0aee8,1206
PAL,2147903484,152,d32b0e4c193bbee7,b1d70e8f2b3887cc,f304675794a45e63,3316f2fed7f97f86,38
PAL,2147903636,1332,20e4dac3d73f57e6,37561eabc36e59de,c8c36b80207cb7d9,3cd0e2fca1dcaadb,333
PAL,2147904968,1280,96154d3b24e99388,e776ba0a5355cc65,05588cf3752d67cd,b5a1cb577fc9e75b,320
PAL,2147906248,1568,16604cdb7178d568,4b0bdf2b7ebf9c0e,976c896bf7ccf282,7ab639f6221cc2cd,392
PAL,2147907816,1916,3c35b7b32d3eac80,2358b677c288e55e,fd4f445287716e7b,dfc73bad83075a58,479
PAL,2147909732,1192,fe73245dfe980470,5bb6fa83f39581f8,5d3d9fdf616852dd,3bd52d85f350ef60,298
PAL,2147910924,444,c98aec6e651d59ea,807f44dbae0ea042,b68d43e475d8db34,4424928c4d0a3bdd,111
PAL,2147911368,148,9686ce9263f91966,2b45260a8f8f6494,41bdef8ee591f9e8,cd7bd690d5bbe767,37
PAL,2147911516,3136,132cfaacc0102f47,c32054be3441f1d5,4fb982443e65a518,c8f6f019f2e4645e,784
PAL,2147914652,2348,4dbfeeeb312a4f06,97a0e65551f100fd,d00c3bb9c1f44c7c,32e62b485693e7bf,587
PAL,2147917000,276,15e60350716e2c6c,b7b7d2d7a6a0e887,5778c88ee53e4bc2,e8be25a60ea66c66,69
PAL,2147917276,428,a7b5a83758643990,54e68646da320025,4f8b5a5430af4542,075cdeaa274d6b92,107
PAL,2147917704,156,759a6d1275f27d7a,99d71fe6b1b86161,ec7d90750629f698,77166852c2b4c700,39
PAL,2147917860,136,149f035895b363dd,7d72240c4f1fd4c6,d44df2e544f0c938,9c65887f04a72885,34
PAL,2147917996,104,cdb8ef9c5d96e568,9ed087a7f5c00577,dedb69f6445ea22e,871890ac9ec245d9,26
PAL,2147918100,1224,0979f8819a6b7d81,33d1d1b0c978bc38,48254de3bc96e5aa,91ece6b019a43d31,306
PAL,2147919324,1508,8356f2a4aa7ef94c,ed78a8c8b4feed9b,520f32d3ed7e90f3,885f6917be9a9a2b,377
PAL,2147920832,972,a734f990e1b55c02,440d80b2620cdbf3,3d944b4c4bf08fd5,3eafc72fd4cbdec8,243
PAL,2147921804,1620,d059e6463cf33fd6,0c34f8984fabbc9b,4bd91883a99b1392,7a4db66b73420aae,405
PAL,2147923424,448,ebed7f4a734c17a7,27afc7557221d18b,6aeb054677b9ba99,2e863bcf3b3534c4,112
PAL,2147923872,100,15c3b9bd11cc425b,2202f502e909f84f,d081583618b7020f,e602b286d735e024,25
PAL,2147923972,104,bb5411a1daae7bde,11b7f33f409db83b,7e2c03c1b61be37a,03d1e2ee87795241,26
PAL,2147924076,104,5b5b0fa40197128d,150892dbf7f7a7fb,1be1af8c05c8e8ad,03d1e2ee87795241,26
PAL,2147924180,56,4f29e3ec7db8eb1e,3255657eca7d240f,f1a7ebc656409538,1c9f9ed0ef4ff4bc,14
PAL,2147924236,56,9c36321d7d9d6499,37bc1550bc291326,5bf64e7764500f74,1c9f9ed0ef4ff4bc,14
PAL,2147924292,2680,0f6d29af854fea7f,50eb0acce29d328c,3849ecd9485f92ec,cd1096a3fafa7448,670
PAL,2147926972,212,75cd5a66d3580016,6553b02b4dd7628d,431a176e5b81f1ee,233df586ae5a9503,53
PAL,2147927184,56,759a84c17bc8d53c,4a20c64345cc3fcb,256e68aee2bfe55e,61b6518a6ef78215,14
PAL,2147927240,128,3d5d6290d766dcda,9e50d524e9bafe02,bb592579b389e175,03c71eacda2eab24,32
PAL,2147927368,108,719602e8eb534a00,10c9184d47ccece8,18e7eaa07f359a6d,30a40a1e7f5faa62,27
PAL,2147927476,164,e3a2cf48b617440d,d6760a61373637a1,21fc916e20bb9065,ffd199a2306f70d3,41
PAL,2147927640,24,a919b835ad5c8cf3,01dcd30ef2cf95d6,3883c97776fe8367,9c29b5e4a6843957,6
PAL,2147927664,168,60c0086926e2d3ec,cf21676fe9aa22cf,172a93a963180a82,72e63870bd2c9a3b,42
PAL,2147927832,24,942ee49765ff3477,f7706ba385e2ffb2,3883c97776fe8367,9c29b5e4a6843957,6
PAL,2147927856,108,a798c293f72e31eb,612b385a6fc204a3,7bea47a3d15894df,3c270fa7df436e9b,27
PAL,2147927964,108,ab1478e7a316bf01,c7ba8ea5b8d3183e,ca66726d9aa8130b,0289d34e7b160d86,27
PAL,2147928072,2468,0c76b7f28acc32ae,1ff99531b449b436,bf28b72c383a4908,e604bf00fb7e3080,617
PAL,2147930540,452,82704fb425f88c22,0e5d1e3e2beeaf16,3be5a5bd356cdea6,38a2864ec44ddc86,113
PAL,2147930992,100,15c3b9bd11cc425b,2202f502e909f84f,d081583618b7020f,e602b286d735e024,25
PAL,2147931092,104,d0734c4c156ce0b3,ba3980d292774e2e,7594cd6a6e0bbcb4,b65f2104fe93c607,26
PAL,2147931196,104,a589cc5d973f6575,13b19d57e36e99d2,4dd16ead24c34889,b65f2104fe93c607,26
PAL,2147931300,60,89725b354ef6a5d9,b595324d0b1ccc17,d8d67f3936896cc1,28c250e5e86ad0df,15
PAL,2147931360,220,4daa47189e76c49a,ec8ea5454d4df1be,eca0b356958879ee,1f1fcbd8f67b9aef,55
PAL,2147931580,760,2be933321e16db13,a1414e62836c8c6c,e1a8d66973a229c2,5d0701840bf82994,190
PAL,2147932340,200,d2c95ef508bc896f,f737898b889c41c5,fbf76eeaae5557ea,642778ee01002027,50
PAL,2147932540,228,dd8ac511c1f35e97,0b94375b35b86183,7852fc7a43747a33,11b70d885413a924,57
PAL,2147932768,264,8657a2a03c3d90f3,ad77b25ca23e835d,a8718bea1fb66f01,3311d985247a8281,66
PAL,2147933032,300,2adc6a5fffeacd3c,5cf1e7da8a65bdb1,d4cf331aeccaee4f,ce282503a19a7988,75
PAL,2147933332,180,1b8529b449be4d15,cc27c4d4b9171cb4,246650dd54af5ffc,abfb4d2555157385,45
PAL,2147933512,1596,8cedb87a1b53f16a,82441ff3f7c5a3ea,1ae1e1b365cb8122,b39868d09201ea12,399
PAL,2147935108,796,b2829b5ca2190e59,014b928bf795a158,fe9e736e52f58842,50da7154536cf4f5,199
PAL,2147935904,2472,f5738f77aa878b10,a21d7acd6e290951,97112e5d2b187cfa,c4e01216495db1d4,618
PAL,2147938376,104,b81d99803f6738d1,33bff34c66fd4b2c,4283b88b536f3388,871890ac9ec245d9,26
PAL,2147938480,108,355300d15f2045ff,0f3ab4f0dd62bc10,a545f6f83e83fde3,3c270fa7df436e9b,27
PAL,2147938588,2468,dece582e40908259,7fcee03a15912636,4f9c42ee9bd47859,0d35f39518ff2934,617
PAL,2147941056,1120,5ca9bb31f6bca0a5,7516301734493d5d,b2e161f6d7a972df,e3765d164ace1bad,280
PAL,2147942176,104,698ba665fc442600,ec03cdcdd1babdcf,ce1ae4bbd278f6c6,871890ac9ec245d9,26
PAL,2147942280,1044,ab9b122be349b17e,7fac082e884567b4,f77c60b75b849263,1a22f281fb8afe50,261
PAL,2147943324,80,a249342baf1cceaf,4af61876dd34b7eb,6a379e55d0ebcb96,af3b9b2720468e71,20
PAL,2147943404,52,647c52aebf3d9a0a,a01e596ecdf28bfd,f43097042598ccc4,5d5263338bb4d96e,13
PAL,2147943456,128,5577fc56819684fe,43bd322209d19439,927a02073d4e19d3,f0436cd02bdd19b9,32
PAL,2147943584,920,6597c9fcf8284c60,74159584974ff11f,749c797ca0979cfa,73993f978b967e1a,230
PAL,2147944504,300,805237a2ce1be63a,70bc43122a5a6f11,adc408053f29d2aa,993a854f7246f8c8,75
PAL,2147944804,260,599b79832c6e28b7,79f1288dcb8580a1,3ce5aff8ae1e93ac,9ea480c322a8be07,65
PAL,2147945064,3028,d468dd8feb437e42,2a51b7e992cc1e31,9a0838c436114d07,38da37b38fb9625f,757
PAL,2147948092,108,26f7aea9080ac94e,78c55e04023e627c,588361b24c518580,c5ea3268985637a3,27
PAL,2147948200,88,243471f2734ac485,fe51b6375c90768c,8d7d8eae97f0944c,cd15a7f8f398ed25,22
PAL,2147948288,172,b835d5070cdefc57,f9dd31d5b19c3768,4d8dccbd8a91c020,c602f6e051488e23,43
PAL,2147948460,88,f2e2569273d99257,06f877ca48af9757,e0348c947a309069,65a9b7201e9a6252,22
PAL,2147948548,32,a5ca3e224c986038,425b3922d5f25c8f,8bb6245ed7b47ab4,b15c132beb61c2fb,8
PAL,2147948580,48,657a787cecd363ac,70c0559167567aa7,a9396bba83e03bb1,c63aaff1faa5978f,12
PAL,2147948628,384,6c13b2f6b1b232cb,4978fe655d6d3968,eda203e29423bfa9,49ce0e7583953069,96
PAL,2147949012,16,8a9d42c41a38f6b7,c645d71776db254c,687e6013f04e1d01,3d5d565cea31ce07,4
PAL,2147949028,16,ca94826c224f0f2d,97f207a8eb236a01,687e6013f04e1d01,3d5d565cea31ce07,4
PAL,2147949044,32,f0f42229f4fdc049,d5409efa53f218ac,13c5c2266679bc27,593f439177e33524,8
PAL,2147949076,48,d99a7e9947cbf3ae,c96923170af6c2a8,ae14ebbe21c6a91f,29aaa7f29fb8459c,12
PAL,2147949124,16,59421ce8fc0b4adb,2f725fb3ca7e689a,687e6013f04e1d01,3d5d565cea31ce07,4
PAL,2147949140,48,e96ebe295ea81729,bf99e53584b70e1d,cbc1406170f85365,e19033e598682233,12
PAL,2147949188,16,ed91551b3e126726,2ee142aa18132cff,aaed269a89b500df,7d4c079e7857743f,4
PAL,2147949204,16,c0e5677b3429987a,232cf5271a4c2390,aaed269a89b500df,7d4c079e7857743f,4
PAL,2147949220,16,87e0087567a308d2,af6f9054f10be92d,aaed269a89b500df,7d4c079e7857743f,4
PAL,2147949236,12,8ab2660095ac6008,aff8fd4db677f88e,7024bdd6715f6626,a11fe8e1f4e88c62,3
PAL,2147949248,32,72a6041e1d0273e7,bb4433eaecdc1da1,2e956fac9a20fcca,a508d2d04d081137,8
PAL,2147949280,20,28c88f23946d576d,6d35bfbee03d5cd0,e56f04a0856e289e,55d118fd66c2056b,5
PAL,2147949300,32,678c1678f05d473d,bb4433eaecdc1da1,2e956fac9a20fcca,a508d2d04d081137,8
PAL,2147949332,20,71e9faab3f71c0f2,e6b56a6db7a548a1,e56f04a0856e289e,55d118fd66c2056b,5
PAL,2147949352,20,d43bfb8934e4aea0,13606c0415b0c54c,e56f04a0856e289e,55d118fd66c2056b,5
PAL,2147949372,316,ff6d27953a27e12b,4500a4378c88e8ba,e4086549a3c84f48,344a5952cec1f4eb,79
PAL,2147949688,308,8ac64d2b87ac29e9,030e8558f3607604,8565f1818ec508f0,ededa6cf46c76041,77
PAL,2147949996,332,1c19ca75f86a54d6,93cd886a12938fa5,466e13f40b1c794f,9a418db939e63cf2,83
PAL,2147950328,32,fb95fe95bb7098eb,fdd785630bc4cdeb,e61dcf88130efced,643a7e0524a844e8,8
PAL,2147950360,32,8b27e04588eb648f,fdd785630bc4cdeb,e61dcf88130efced,643a7e0524a844e8,8
PAL,2147950392,36,56ed121baa6f776b,4bc2dad0bda256de,50399373912d16e1,b3189a1b955f8b43,9
PAL,2147950428,32,39f813e6f282b08c,bb4433eaecdc1da1,2e956fac9a20fcca,a508d2d04d081137,8
PAL,2147950460,260,85b033a173a9fca3,d23f636590198613,e1a4736c17fb82ae,21157aa89a7c675c,65
PAL,2147950720,128,9bdfaaaecff67597,ea8ca97cacf82918,6cfdb0e06412f9a1,f5935ced95146ab1,32
PAL,2147950848,144,d958c5fa5710a8e7,2a43e848812d3357,fb2edf25efd19fed,68dc1b441b573c0f,36
PAL,2147950992,192,0d81a1b07f3969c4,57bdf9f4197a1634,33fb26764342bc5d,e452d46951c27969,48
PAL,2147951184,320,98ce216d8c1bed89,f75ec2c92af14cbd,1111a3ebc3efc369,049c5b7e151ea8ff,80
PAL,2147951504,64,ed5ce83b1481124d,7dfbfdac03fb0b54,fe80b8db66bbf669,bdd67a8d33a2ea2c,16
PAL,2147951568,728,99197691217cf6da,366c7e0c6cdd59cf,a5b80808bb84d615,0c0f48bac34fbbb8,182
PAL,2147952296,32,5e2ce582e6ed416c,77a0cc4c59fed449,c36db4b644f24254,55eefe1298475cb2,8
PAL,2147952328,708,54b39d55668f9ab0,1e297b2153f1d74e,f0d194157e0b2906,2b04464971d2f813,177
PAL,2147953036,164,5bee09917e92b60e,b9c94359823b10de,2959955cca85c0f4,114bbf8ea3b62e2d,41
PAL,2147953200,668,5b83fe0d9766db15,26bda214eb2d8180,8cee36e8f5a7481c,f6b0e8c4d1f93a58,167
PAL,2147953868,116,67a889421a6294b9,019a96f3bbf1dbfe,b8ca0a13011f4246,843175b41d04873a,29
PAL,2147953984,48,2a34378c8e1f82d9,4c7db55cd607c4dd,5eee7ee3fecd99b4,f84b07e3a26ee460,12
PAL,2147954032,64,b2d4c540612f266a,80d5335c3d8b9a6c,de438341cc67815e,72bec329b2ae13e2,16
PAL,2147954096,32,cb2b0cf35188cc20,c89de7c44ae07a9a,7210499e526dac71,b73813d1ee25257d,8
PAL,2147954128,112,1e5b55bbb36c059d,0ce738ea3984f69f,82014d6e22a3b4ae,09b6fe3ab128ad52,28
PAL,2147954240,372,b00c58c75f0c09ad,52bcb6f671f6cb59,a965caefb35756be,cb05bf8f64a7eae5,93
PAL,2147954612,92,5fa1baa4045cbadd,cbc8bb48f3905099,bba5a39b16363604,439560364c6a632a,23
PAL,2147954704,96,995acbb982edb9ce,aec09c1d3446633c,eb6860dde4ed9d27,98a0abdb02c3dad4,24
PAL,2147954800,152,03d7e7aa65fa9710,e64fbdaf095e08aa,6e8a6e33cfd29910,a3e6602166ac3d55,38
PAL,2147954952,104,27868b0322b45827,ec2e30e9024534b3,52d7f53fec3b939c,2195e92225e3d9f0,26
PAL,2147955056,284,aa24ef7d101c5a01,ad5ad65612e35339,788bd32f77b6ab41,22830f965728acf9,71
PAL,2147955340,96,8d4988cf2c756fa7,db46ce77d04379c4,000fb3495aeb2060,2f502c6ef03e5a48,24
PAL,2147955436,96,5b3d7208aaf87a10,bec989727818c59d,000fb3495aeb2060,2f502c6ef03e5a48,24
PAL,2147955532,184,478a3dd20fb1f930,d4d92c5b28d8245b,f5b2e5ca525592d4,2401c398c8fe276c,46
PAL,2147955716,172,367992ee559bee60,c201605c04b5e994,9f959bd314d8f5e0,e9080454722e4667,43
PAL,2147955888,112,1391581960e73d9d,5a54933a1693c105,ef951cba2c2b2348,bff2e445b3bdc211,28
PAL,2147956000,192,635df124dfe0f8ad,afa4d77acefab2b8,9936ea4713d74894,6ba32b9cce42dbaa,48
PAL,2147956192,1272,e60a80799408a542,0646b716b2a31dd2,25d2246af5da1c23,db8050bf708dad8a,318
PAL,2147957464,504,7bcbe16882e12385,10d9005dd46e3d37,40ff3669e145cf83,7e2cbd3d3e8d1142,126
PAL,2147957968,624,c90b4b60cb97b159,f6c6201132feafaa,7139b233d719f604,c439806d21deb02e,156
PAL,2147958592,32,3bf65c5c5a992bb7,928620fe7caa051e,0a9d20f0d7db9343,f647d20e89a49fe1,8
PAL,2147958624,152,6b3164c2c3c57216,42229771ed157512,d3710231d489299f,8e9a6e9a9a6e5834,38
PAL,2147958776,152,18d14518ab2d39b3,42229771ed157512,d3710231d489299f,8e9a6e9a9a6e5834,38
PAL,2147958928,28,2221e220a3ba810f,d20b2dd800a4d1a7,c82397a74d1eed80,7b259eb0eded6b4d,7
PAL,2147958956,2268,cadda29e424c3332,bdc5d320659d3066,33232a59c5426f28,33192d71737d918d,567
PAL,2147961224,72,44fe983373ddfef9,83741ebb2b3201da,795a69e5654b68cc,5238466394449477,18
PAL,2147961296,84,ff6d4a0e1e168cef,8a75c67f05180798,3c40d2e48fe8dfb0,0286000ef800d8ee,21
PAL,2147961380,688,26dababacf4c0637,df3891a16339af91,93e6e9288e6ee26d,c51de4e41e51d8f9,172
PAL,2147962068,608,22082ec7b577dcba,84bf353679fb97d5,1be85670904362d2,08f2d2ed64fc4520,152
PAL,2147962676,652,64cc80952604e278,f85c51042226cbc1,18f94a71fe32110a,31b362ecb41a7196,163
PAL,2147963328,52,159d24e9929ef627,c6c1d969f8f8ce61,2de5003a43c8dcf9,b4ae6d256f0ecc27,13
PAL,2147963380,324,6c4de60f5651c037,d189053aa6da7c93,7c1819876c8786ba,474def7d9a861ec5,81
PAL,2147963704,200,60ac0dbdefabf8b9,886f46f2d01bc0cb,d7d733709c7a0477,3e86009a5a4d0cac,50
PAL,2147963904,40,24c07dc4f3029492,e955e1ef113753a9,7d9663d777721db3,22da6705df84b318,10
PAL,2147963944,64,2e75b289c528d95d,3000808f20326418,f2ab0e2cc3c7be57,cef40c03a6a9d91a,16
PAL,2147964008,376,6d8a4a5056f90f61,03d2a5aecfab41d9,c5f1ddb2abf08acf,dba30cb408bb6d4b,94
PAL,2147964384,152,375a18920661979b,1a88585e6b14dc10,1e58ea0589f40376,bb7979b6f4dad3f2,38
PAL,2147964536,48,a32114cfcbce9489,36247dcb8dfba997,ae14ebbe21c6a91f,29aaa7f29fb8459c,12
PAL,2147964584,208,8e49f75a019cce1e,689974e59fab615a,83340939923a7cb1,b593c7cfac326fdc,52
PAL,2147964792,352,50215ccb64df1aa0,8dc5d271e85f6ae5,2461e18b025fde32,87432231d40894a7,88
PAL,2147965144,204,bc0c6cbd8517002a,d0b52b4a8e522a41,acbea3fbf2b16794,70bf0cf6078693a8,51
PAL,2147965348,68,8759ff13dd6bee8e,a41b767145582928,04119c6d1fe87f32,aa45e11e2a146109,17
PAL,2147965416,368,adb0d65e9502cbd5,928bb0ebb3f7fb19,fd70e6bce3413ddd,fc1d4ba39593a225,92
PAL,2147965784,352,9542749cd0f1387d,5580b755cf281d9b,e115cc859a967154,808bb3f274cb7720,88
PAL,2147966136,64,3a1dfb889d29890f,3db91a81029f7bf8,bce99522fd812b00,a945ed1a39876f7d,16
PAL,2147966200,224,b39b1c6b15e5a431,d3f02d95fdac01c6,d7a56489a7534d6a,cab25ca63f17fcd1,56
PAL,2147966424,16,ca5fb4547993b92b,b0579ce4aa5f8cea,687e6013f04e1d01,3d5d565cea31ce07,4
PAL,2147966440,1248,a9bebaabbeeff356,c1294a1a43c6f128,ac901c594e9cefab,63d03fb9db15a2b3,312
PAL,2147967688,48,81c8471a73003eea,94620883b3ee102b,0d782565b0bcc7e1,ea5b098c6fa99954,12
PAL,2147967736,208,3803efe92bbb40d6,3293fcc54f98dd2a,e0cd5fda347646df,af73ca8ce0ca0d40,52
PAL,2147967944,96,58e2591ce355f486,9dc8016809d36c10,f918f75e0ab31fdb,2091d42a247a2021,24
PAL,2147968040,96,b9f21e3e67b085ac,1adc5164feab0038,e9df8863957eed1a,2e8353d821172439,24
PAL,2147968136,176,477290dd5d4fe48e,1305d3f12b0ce42a,499b7010e31f2b88,92e71c595d76c1c4,44
PAL,2147968312,320,44c143dbf974a130,f5935c1efe884aef,6d535738fb706abf,764417db9625f2d8,80
PAL,2147968632,112,c61fcaed5495a98c,2a949db0b5933a9c,36bba664c08a9387,0bb120223f64ae7d,28
PAL,2147968744,64,487a8fc0c5614de2,baff1cfc74e16ece,8eea89b29b4bfb13,ba687a1993cac95f,16
PAL,2147968808,448,45c2b8208959cd5f,705f25c2d2da9a59,522e70d722711e6f,916eddaf4a6bc99c,112
PAL,2147969256,16,331b7beccc4dbfa4,43e322cac8f7e8b4,f2e31fb6411235c0,b520fef9aec88764,4
PAL,2147969272,32,89d8fbc3497ace97,a171b30fe9b4755c,8a9b41d00ad3586c,6fd58fbb115a316f,8
PAL,2147969304,64,5341e0f8b21128a4,ec78e6989817b86a,8eea89b29b4bfb13,ba687a1993cac95f,16
PAL,2147969368,48,0e43b37ef4c320b4,c0fb3b0151c4abf4,f1e796cde4785123,c6bb598fe8285faf,12
PAL,2147969416,32,b95ea38f0562f416,ca149a625ddcc16b,8a591dd02760f853,9e5530347912a37c,8
PAL,2147969448,128,586f953639327e0b,444b535ba521df9f,79609f3c2bc41ec7,4ca5411e22f5b74f,32
PAL,2147969576,128,c4842c6dd91adfee,791b601f20507d1e,e92aa62bf4dcb240,1d82484b83d59560,32
PAL,2147969704,16,dd0d973bed013ab0,0f994ec4e2d71d6a,f2e31fb6411235c0,b520fef9aec88764,4
PAL,2147969720,904,b8ff0bf65c7b492b,415c6d5a7eeffc06,8d7015c278a57007,5204d6809984f069,226
PAL,2147970624,488,07e2162b4865d3d3,e8f38567ad12d44e,a399268a34c511ec,8ad60280d4076745,122
PAL,2147971112,412,18b1f157bc22b7d8,beefd84782816dfa,bb698bb8eaba1309,c154125580ab871a,103
PAL,2147971524,260,ae7b955b2da11a58,1c9f9840182b06d3,6fd6625e9e5a21d6,de784da750b53716,65
PAL,2147971784,20,1d2b1fb940c4f27a,8ba04b4b7991977d,e56f04a0856e289e,55d118fd66c2056b,5
PAL,2147971804,48,15929e879bb27485,b18e74c662db9a06,12d73a8be8dd9053,fbfb9133bfdecfc4,12
PAL,2147971852,48,6326861eaa406228,0c3cf7c5fc8b160b,12d73a8be8dd9053,fbfb9133bfdecfc4,12
PAL,2147971900,48,ec75bee503526630,258ef59a85d6bf4d,12d73a8be8dd9053,fbfb9133bfdecfc4,12
PAL,2147971948,52,9348b4de71c75966,c756df7a5d62fb00,cd898b6f78114813,28a2931c3361e0cc,13
PAL,2147972000,48,5a8b5067e46b1619,6f208d03afe961cc,12d73a8be8dd9053,fbfb9133bfdecfc4,12
PAL,2147972048,16,44a6c3f9cbf90773,ec11a456a1ee8bf5,e8a59109cf3c1174,a59443abc9ece6a4,4
PAL,2147972064,240,b00b66064c104910,4035e48167cad353,24e2c8ae33583640,c00e26cb658e6783,60
PAL,2147972304,1072,e37b0b50180f0ca6,e9276938e3b3e889,7ed8cc9c084ac9b7,e5e58189c5e1b865,268
PAL,2147973376,36,c76ccc88d794b1f0,d6cd12536b1c95a7,f09478aa74d23a1b,3dce2f64cc898bfc,9
PAL,2147973412,16,48387a9ef6f6c1a2,e3f5d8a26c5ad910,687e6013f04e1d01,3d5d565cea31ce07,4
PAL,2147973428,16,36a92d85ad667d32,0e12c2fd9bbf6273,3c02a4871e1bfbaa,d5ecf85252943600,4
PAL,2147973444,40,948b04a3b9265033,47b35e814d04adc5,d3cc18cf79131825,87f1223df8baa26d,10
PAL,2147973484,136,ebfbbd2f0b62437d,57287c069fb794f0,7aab8f6f83bf26ed,258872de8efad4c0,34
PAL,2147973620,96,cd3cfaa71af16d11,7b6921c31aa5efde,343d04f98f4e84b3,ec1ced3e2829dfb7,24
PAL,2147973716,168,6f4836ce80bebf64,ce2e8a92265e2ffa,52a820fc1206962a,c945b9dc21d2e108,42
PAL,2147973884,112,c13f28e18228cba4,05f87d09c9752a35,0d091d4d08c75638,88bbde6fb7813a4f,28
PAL,2147973996,244,77f8858a71be1638,0bdb1cd20084f8c7,b518daf354aefaa7,2409189f3d42f8da,61
PAL,2147974240,156,b67242fae65d089e,35c90f5c34fae84b,38331250a915f9ec,681fbbfe04957585,39
PAL,2147974396,56,31c202535db5988b,8baedbd2583c31a7,baaa2b2361a000f8,6784eeda3afac103,14
PAL,2147974452,48,07309f0c7356035a,b215459315b23108,a5ba90d0aa4b9fa1,0ccd8114993abf8b,12
PAL,2147974500,52,89984f295cd96210,2a756b585352fb50,6329984039008c15,0331d96ff2c54f7f,13
PAL,2147974552,56,355a6876ba526ca7,4a8f8bee3ab749f9,bc125378d197be3e,b00ae79c8d24e16e,14
PAL,2147974608,16,3c813cf8d2ec4c93,acebdba4f3530b8e,687e6013f04e1d01,3d5d565cea31ce07,4
PAL,2147974624,16,6018dbff88516603,c04b0cca62600bb8,687e6013f04e1d01,3d5d565cea31ce07,4
PAL,2147974640,780,fb9d52149cdb882c,a0ef170062e6c135,40cb130753d4b8af,32670ea7cef9bf22,195
PAL,2147975420,20,1ee8d1e5750058a6,fa0a8175f7056617,e56f04a0856e289e,55d118fd66c2056b,5
PAL,2147975440,36,e7504a01a5468e76,d2d3d96ca3fe193c,f84791b32908de7a,e116d98e0272736f,9
PAL,2147975476,24,0a843d5f60b05a20,dee787b14601d0b6,3d7a76a0658a4674,bd196831d7732933,6
PAL,2147975500,16,517ab44e40c881af,12bdec8459cc8317,687e6013f04e1d01,3d5d565cea31ce07,4
PAL,2147975516,192,eb9b0312124cca6b,2561940efc0adcae,c5db773a5bc816ca,ebddddd93a780ce6,48
PAL,2147975708,64,186d37f0e2273472,4add2aad6c400f4b,8b8490d82440e13d,da9aa3bfdebd320b,16
PAL,2147975772,112,86980798a9a2061c,576d7da3794c2523,a215b92ca0a9a446,d318f5b35fd21edf,28
PAL,2147975884,16,c0a7aa7aa8996a70,b22281105e3b4f89,687e6013f04e1d01,3d5d565cea31ce07,4
PAL,2147975900,16,0e55c32f25f0dec5,47b43d91dbe7a828,687e6013f04e1d01,3d5d565cea31ce07,4
PAL,2147975916,16,98d55ccf41a9c5a8,a2070a3e83b2bfb4,687e6013f04e1d01,3d5d565cea31ce07,4
PAL,2147975932,16,b17dca812e419f6e,236b0477056dd3d5,687e6013f04e1d01,3d5d565cea31ce07,4
PAL,2147975948,108,4390fc2cc3d880eb,3c8a15b1e3f28577,6b1a9a84ab0f6427,25e8d14961293f24,27
PAL,2147976056,56,53357b75b04f4288,29303be29e873a2f,1c640af15a6b60ea,6679143011b97027,14
PAL,2147976112,44,174ccc324a16dfdd,58d9b7aed8405e53,ecedf2cde64402b3,59354435983d1400,11
PAL,2147976156,16,8e83567f56f30e28,0f229b4fbe255a14,687e6013f04e1d01,3d5d565cea31ce07,4
PAL,2147976172,16,4e43117513bdfe1f,818e920d1a52eddf,687e6013f04e1d01,3d5d565cea31ce07,4
PAL,2147976188,16,9500fba998062cfa,9727ec1e93d5e9c9,687e6013f04e1d01,3d5d565cea31ce07,4
PAL,2147976204,16,bdb3a69d8aea6b72,44ed138ccfd9d67e,687e6013f04e1d01,3d5d565cea31ce07,4
PAL,2147976220,64,2b204621861da074,55b4baf3e419f7e2,ad64f3878854f454,66f868d4bf86600e,16
PAL,2147976284,16,9f520be536c8d4c0,c4ab80ae9426c1f7,687e6013f04e1d01,3d5d565cea31ce07,4
PAL,2147976300,16,6f8d18db1bc603ab,0a44bc71b2b622c5,687e6013f04e1d01,3d5d565cea31ce07,4
PAL,2147976316,16,ac27ff55f4754930,f41c2b29c0efa850,687e6013f04e1d01,3d5d565cea31ce07,4
PAL,2147976332,16,07e3e0ecc5a0c6f1,bfcded0813279413,687e6013f04e1d01,3d5d565cea31ce07,4
PAL,2147976348,16,31313ad7718d5b53,e19338035b1148af,687e6013f04e1d01,3d5d565cea31ce07,4
PAL,2147976364,672,37a20fad326a5abc,6140d0d6725fedbb,9a272e4941d7606a,8edb89845ebe07a6,168
PAL,2147977036,16,0ad0715ceb7b1bcf,dbd8f9ad09447e14,687e6013f04e1d01,3d5d565cea31ce07,4
PAL,2147977052,16,eb6153bd89f6db70,85110b5aacb44753,687e6013f04e1d01,3d5d565cea31ce07,4
PAL,2147977068,2192,9c3e15e41cad1f5d,6cded87bbd558c65,39115626be7e9e06,4c1ec17cd9cbf9a5,548
PAL,2147979260,16,44156478bcc619ca,3a0c82e599c02ee5,687e6013f04e1d01,3d5d565cea31ce07,4
PAL,2147979276,332,7e9662a256566452,827936e14ec321a8,d39cb0571064f2eb,6211295a8dfb816f,83
PAL,2147979608,2332,e3f6b636f38ac2e0,cf2d1dbf15d2028d,7be2f4aea733d517,41192961e35dc1a0,583
PAL,2147981940,44,fd489bda789b035f,9bf9557df1a4d1a2,2252f6194d8c6842,e055c3c9350e5c92,11
PAL,2147981984,424,bc7b85dbe73163f9,28296b1b23be9045,4387fc8d69563cf3,f066c42fc09b530d,106
PAL,2147982408,352,f7d0732cfdb5d90e,58994e86ed10b30a,ad0d45b4a72cbad5,b51b9045144def35,88
PAL,2147982760,240,ff2c95b7c229d82d,3dfb52bb83e048c5,2fe424713a807c85,f6bb8c2b6329a8cf,60
PAL,2147983000,144,0c0f5b64e78447ca,b32ae3b359a29558,bc254f903bb57b4a,99c3b42c6884df99,36
PAL,2147983144,140,aa47a9ca877213a3,72647a52b3e05cad,731713c40804bb75,9e889b2ddd39d792,35
PAL,2147983284,148,c429a5fed2e7e709,c0fae943228d58c6,743839403ec15e6b,92aeff1fa37ba9d4,37
PAL,2147983432,172,eacbd18f6b78d066,e96122dfba303d6d,074ee7bc250ce5e6,ea44fc557df90c0e,43
PAL,2147983604,1348,8cf207ab4113761c,fef494ccd8bbb74c,cf8c16b6c73ebfe2,d32a25701b7a52fb,337
PAL,2147984952,272,6387a6a2623ca578,9d94e51b621ead34,02a515c4efe59c39,86d4acd501eabcc6,68
PAL,2147985224,624,9dab74d3ca1cfaa5,e97c4b36f57c32a3,6be272c972d391c2,a8b67c46959eba51,156
PAL,2147985848,232,9db4e3a8ee7cbfe4,83958ea3fb2b623a,0d742c88de67935f,2bc985365d536375,58
PAL,2147986080,120,3fca8cec3fa775da,35f1b3a4295fe864,fbdebd17c481189a,b1814aea5c15dbaf,30
PAL,2147986200,640,65db6611f3f218d0,42d571022a175b3b,261e6280dc355988,c87eea45fc4991c9,160
PAL,2147986840,636,c2e7ab41035536da,7ea71944a4f51e04,556b16433bb34df5,95d7276b96928a80,159
PAL,2147987476,168,8f9975f3942ac3c3,7783076fa8d089db,4dc98c8eec07e092,1e641d3f69ba23ce,42
PAL,2147987644,640,407f68701654adcd,cf061a97c550f18a,93ad296f022bdfba,657cc67ca09d0075,160
PAL,2147988284,132,48dd2507d69a5a2b,b82844f8252839b0,f2ae9ab2ab7d7676,4208995289441cbe,33
PAL,2147988416,68,4769873c74d8fced,3bfd48fb370fa68e,2c276665ceb88df8,2438ffe6ad45511e,17
PAL,2147988484,252,5a50636e6d9ca2c6,a4760772020f45f8,6a5a3c4d133b1b0c,455ea0d0076f6882,63
PAL,2147988736,40,1e0d51fe00a4fc95,a7a25fdaf077ff2c,c90014368570e8b0,fd7ae695122acbfe,10
PAL,2147988776,40,886d4e792aee92f4,3c412044a666817a,c90014368570e8b0,fd7ae695122acbfe,10
PAL,2147988816,104,3631aad118cd235a,bac5b0fb3aebfdfd,ad9949d8621e9280,47f5ca48f45db1b5,26
PAL,2147988920,1372,882a62344f1e0798,f94d151736c8f1f7,b05717e603911f66,078a6ae9522b6e4c,343
PAL,2147990292,640,e91a25327355b926,4d0f53d6df8ae5fd,6f150e4548622850,ec625baac2fe3bab,160
PAL,2147990932,712,0ba1d6fcd5c68da5,3b11fafc0e8b9b41,8d18321e8124f160,6777fa8e55f52597,178
PAL,2147991644,1036,8850de355d17960c,4321085073040d48,871d9438bbed8e20,415d8a0cad88a3cd,259
PAL,2147992680,212,781c01cba786227c,8b5c2f2798b572b6,2f8ac44867ab1ec3,dcc547bcb002583b,53
PAL,2147992892,240,dd479224be049b7d,99b5de4ea83586f6,6285312287c70400,57ca8f9a4f07f058,60
PAL,2147993132,480,38adfcfa33348298,33a6934502b35a82,8758c5ebe25d2f2e,2c60811d67cd0c3c,120
PAL,2147993612,360,c7f6193da67b9191,0bef432ed4bca147,a32d40bc2a664444,7fee66f64fcdef43,90
PAL,2147993972,256,ff2d740dd46daca1,7ed063ca2343deb1,792d888cdddf2f7b,f20ddcd841b1025a,64
PAL,2147994228,464,9095e922a5fc9698,66e34dd6bd8b4890,26b4ba77edde19c7,87cbfbd0ee3346f8,116
PAL,2147994692,16,e02e176b63eb43b5,ab10ac62ad928a4b,687e6013f04e1d01,3d5d565cea31ce07,4
PAL,2147994708,16,e4314cb3262b46b2,68f80cfa493fa358,687e6013f04e1d01,3d5d565cea31ce07,4
PAL,2147994724,48,d1c84fdb4a5950ff,ce02a5d6542a977c,b59fb732d85625c8,417ffdd41109a72d,12
PAL,2147994772,16,ccd7feffe2bb9f45,b5d2a00789dd7606,687e6013f04e1d01,3d5d565cea31ce07,4
PAL,2147994788,240,4271a71a4cbe53d4,a0c45f0a7b850369,3ddab11f1bfc780b,e98dfe7dbae22c9a,60
PAL,2147995028,56,1583498ccbda14b5,af42476038d84ecc,fe69681113d42be0,10f695f679fdf08a,14
PAL,2147995084,24,147802d92908a4f2,fbc510ed235324eb,3d7a76a0658a4674,bd196831d7732933,6
PAL,2147995108,16,15022e8b6874807c,b9ca9afc5dd08a99,687e6013f04e1d01,3d5d565cea31ce07,4
PAL,2147995124,520,2e3a4168fb1436ac,43c71134d4e3277f,c70bc8486cc9fa02,fcd6884dcaa022a4,130
PAL,2147995644,820,3b31a19f82eef4eb,722f10c230926814,6b2729f2608e801c,ed548ad4befe110a,205
PAL,2147996464,240,3975d3b47df99cbf,b48b8702bb6f6b7e,4112035a506c403c,a3c4ff54b104e5a9,60
PAL,2147996704,548,26f0353cc6fa6acd,690d2ae0bda646b7,a80b84afeebb5616,7cf70fd8bec17756,137
PAL,2147997252,636,3ba32b4cc44b01ec,8ee160d6ad386f74,d895c71ccd1abb4b,938af59b81663665,159
PAL,2147997888,144,3577bafcea24b90b,ef64560f7c2e02b4,6ff2c13b70b65ab3,3f1f67b2c32ca7b9,36
PAL,2147998032,40,63f65b36e8e232fd,49c38172cf5b5408,645ae8ebe75d5e07,c1f35f95f98d835d,10
PAL,2147998072,16,6aa80300b51d9fb9,c1502f23c5b33613,f86b544f44e0739d,77d9eff6751e9147,4
PAL,2147998088,132,77bff1802437580b,6416ad9f16ec3c0c,1b47166f340ca794,aa4410832a737fbf,33
PAL,2147998220,624,0b8e6ca511a4fab5,e4b3f0d2a9e4a768,2579e4bf6a319031,be92affcdbdce65a,156
PAL,2147998844,56,13bcb86dcb987e54,b00c05792db34507,31f6040b6d7b3d49,a57c168390099f48,14
PAL,2147998900,1396,31a7b062a0b8121b,c5fc0bbf86fe9064,0f9fa57638bbb94f,9c3a6c48347f7d68,349
PAL,2148000296,32,2c2c3e98e7b9700e,8934fdabeb208436,11acaf3df1a58065,9503d13d78b2a19c,8
PAL,2148000328,20,a944c066ddc5d6bd,c271c6dca62e0072,3f1a80ce1d551d59,27740978ff2d2a6d,5
PAL,2148000348,32,6bd242dcc2795d02,7a5f247818e649f3,11acaf3df1a58065,9503d13d78b2a19c,8
PAL,2148000380,32,5494e3e4a02fda5e,41ce10c022700f2a,11acaf3df1a58065,9503d13d78b2a19c,8
PAL,2148000412,32,0e7ba0ff119d45cc,13ba8cc920809c5e,11acaf3df1a58065,9503d13d78b2a19c,8
PAL,2148000444,20,c1d4103af67946e1,aa1964b7f980e86d,3f1a80ce1d551d59,27740978ff2d2a6d,5
PAL,2148000464,32,64d0b095339cf693,62ba2f9cb7b80faf,908e557b5a92918b,2176e8f3f1de6124,8
PAL,2148000496,2436,4e44b454b32ef054,ab0c51448fbfa749,af400661c0e8c9c8,859fcb9caab75d7c,609
PAL,2148002932,1764,ee045a433fc0f1ad,c044c68fca2c0ff2,154ce83cc9d05b67,d471769a1914cfcf,441
PAL,2148004696,1624,85b7074a0efcbf4d,aaab5a2ffecb1b00,c41ef9a8e59f4b23,398d8379515b75b0,406
PAL,2148006320,1028,61f9bf8505eef839,711792fd9e570011,fd90e1080bea087f,b1280472e0603e63,257
PAL,2148007348,16,44e7a584229f9996,37df219da9d48623,687e6013f04e1d01,3d5d565cea31ce07,4
PAL,2148007364,16,3f6fecb03c85a322,aa2d2620c0a0e1e5,687e6013f04e1d01,3d5d565cea31ce07,4
PAL,2148007380,144,5ce021a7fd799258,b021023152aab6ff,94003f4282592a5d,6d1b4d9b43a2a546,36
PAL,2148007524,1232,7ab63285a90233ba,bcbfaff4a75b96a6,b4a429c601052f53,831c85420bfef35e,308
PAL,2148008756,416,7dc88f7c6a375a07,ab2b37cb067e71e5,b85f2fb7e203f67f,991007a197379f0b,104
PAL,2148009172,704,46c5f6e6abcb523e,2d9b4e1880231e4b,f12e2606650c19c6,f2f56a11159a6fbb,176
PAL,2148009876,16,356342d0eb455e2d,5d7bcb7e77b51a1f,687e6013f04e1d01,3d5d565cea31ce07,4
PAL,2148009892,16,e77ff142f62cb727,e7db5e6db7bb8267,687e6013f04e1d01,3d5d565cea31ce07,4
PAL,2148009908,632,f96542be39b668c7,6ce0fa8cc4d4da72,816b0c4669031e2e,3255251d348d9cb2,158
PAL,2148010540,40,94dd12dc604d9149,55f5109f847d4638,d91e65e201658e0f,f0c3782e9022cdf9,10
PAL,2148010580,16,093f9877ef926da8,48c13f75633cb3d8,687e6013f04e1d01,3d5d565cea31ce07,4
PAL,2148010596,16,5da15de1ea60d967,140dd42a9d3c743c,687e6013f04e1d01,3d5d565cea31ce07,4
PAL,2148010612,224,74120fb4faeebb0e,e04f0e233a6ffce4,4582db1d9dd95f21,5fa76ba37cc977b4,56
PAL,2148010836,16,95b8f5e9158d3233,1edca0ea7b314f3a,687e6013f04e1d01,3d5d565cea31ce07,4
PAL,2148010852,16,57ca19c179e08692,9710e8f572d7a2aa,c87b875fdd8b4fb2,cc52eddd33000365,4
PAL,2148010868,168,0490c74486bc271f,c6d50eac61999337,18c2829c9a601c3e,e36b9022da742a51,42
PAL,2148011036,148,477344808c69eac9,f0981ef39b1e91c4,0a454fff1c8a6a90,6b2ef8d38528e44a,37
PAL,2148011184,112,cdd62b254e19fb6b,be8e082bbed0d7cd,e48b50bd4e55bc85,afd98ec971f61743,28
PAL,2148011296,52,c577132b8db98ea2,88f8e56a6edb1332,bd7b87bc467bd060,283fa50bb6e8e511,13
PAL,2148011348,16,e5ca0727779afaef,562f012a66eea8c7,687e6013f04e1d01,3d5d565cea31ce07,4
PAL,2148011364,16,dbb1be678e9b5ad4,a6faea053b9c4a0c,687e6013f04e1d01,3d5d565cea31ce07,4
PAL,2148011380,128,f39d3f9951db784d,953870f0255413a7,c73902b1b20d89a5,b2cba0885681f645,32
PAL,2148011508,16,dc9b30375edf2195,a0f374a0c467c430,687e6013f04e1d01,3d5d565cea31ce07,4
PAL,2148011524,16,f8e9451fa23e753f,793bcee78075a7e0,687e6013f04e1d01,3d5d565cea31ce07,4
PAL,2148011540,16,8eb8cf21e6fb862a,73164e875bc950ff,687e6013f04e1d01,3d5d565cea31ce07,4
PAL,2148011556,16,576a9a86c42f1b39,a4cf54bf078257f7,687e6013f04e1d01,3d5d565cea31ce07,4
PAL,2148011572,64,beaf1a2670f6c2b2,9578d94087659369,68ebe04fd19901f0,698d76ea79a34ce1,16
PAL,2148011636,48,c31e2bc6ffed8c96,db5da1fac1135a83,b59fb732d85625c8,417ffdd41109a72d,12
PAL,2148011684,16,4c1ff663724d006b,c0d4c104b3e13c4a,687e6013f04e1d01,3d5d565cea31ce07,4
PAL,2148011700,16,623a2210aa294c53,dcd5a8e263435976,687e6013f04e1d01,3d5d565cea31ce07,4
PAL,2148011716,53564,f00d04e63218a9e1,b3ea84daf68c3e4c,e2e931e957fb795c,bb76e43a18d848b8,13391
US,2147558368,96,f298823186618af6,c0fb2b905f3446e1,fa7d3e519cb5e084,b55dd6b3daca78c1,24
US,2147558464,288,15fdc6c48013eea5,3fae9f0992aad254,5f7eb17328fbf483,3d1c8b77552b8c9e,72
US,2147558752,8,7678540574197b42,c9012c2c267bea50,c9012c2c267bea50,3bd7b78e78d5ed0f,2
US,2147558760,48,3c38dc64f644505a,206c8b03a4db6498,26d8e6815a771fb6,0ceeafef9e8944ab,12
US,2147558808,3548,b72da0aabf78649c,7ff2efc4e5290295,9bf44cda4cc09cab,1ab52dd78dd9e73f,887
US,2147562356,208,63f8935f53453d2e,bba673b61be840de,7f8ba53101837f0e,56f4c77160ddbd76,52
US,2147562564,404,b235ca75e9b190e0,275c43a0f2cf0d14,6b4c2f8d362c3b26,180a379e1a7b02f4,101
US,2147562968,608,ca1dc63b812f3243,e4914c6bd5618e48,560510f1959aac2b,d3d3af195e4da1c8,152
US,2147563576,568,6ea5de6ffb133f08,bf5f110b1551bc83,2b17313199befa24,5fe60f09b0ec9953,142
US,2147564144,424,79a947a33eb12a7d,898c3f56b99deb15,2aa63e2cbb204ab8,ec15a22c78db0a5b,106
US,2147564568,12008,87c4fe0236d888d3,3c9a5bb5dfe16d38,c8877dc6c0012a2a,b43ffdeae0707499,3002
US,2147576576,968,a78508359e162ac6,6edad3aceb409695,bf8654f8f6a22ebe,e28412e06c2f24e9,242
US,2147577544,356,cdf3760ebf20dcc5,1f38d86dc73f53c0,d205ff882f479e1a,c452f3f730276687,89
US,2147577900,312,cb8f3eb54b176708,b7131453dc5d621f,f9ee34967ab371be,62c1755a6503d040,78
US,2147578212,436,c77ee9dbfefc69c6,2fe9439848e3a4d9,5818adfdb7952cbd,bc74824b20c38f9d,109
US,2147578648,692,7d05502fb69a46ef,deb76de949e2aede,fceda4a7899f7304,a07e984f5cd0994e,173
US,2147579340,4176,f73f9e4fb9a6ec29,a177cabad68596ed,205c5cc88fb1af26,4a554d9ce843f43f,1044
US,2147583516,508,2afb41a6e7eea831,da89afad2b8f9824,b3ec2975aa070e7d,243820ca2509fe08,127
US,2147584024,144,c3198fc4b1c1be28,7c145ebd4c60e71f,be8cf799118000e3,70e582e5bf0a8ae3,36
US,2147584168,624,0514156f0f128b44,e7f400e6efdb992a,978aedbd4a9b2508,71a5c905ef79bac4,156
US,2147584792,520,efd45c6bb68af336,522f39cc1da0fb15,a4ec2e331b7d40ab,36121aa2e8bbda39,130
US,2147585312,124,e62fe76d8d35fe7b,8b42a66731081eab,8bd82925e5817dd6,84400b2fdb432cbb,31
US,2147585436,156,fa7bc34d2d6c425d,e915db0823f1922d,c2a9f55ac75fb88b,3d98057e38d1ba13,39
US,2147585592,136,a9f054226e8338ef,faad7fe9e39834ed,e8c633aafa69e386,81bc7585f2c8db69,34
US,2147585728,300,131f83ae0d9709bb,b0448b4d39345b37,fb025aa590a213cb,217132ff7e8d5385,75
US,2147586028,316,80b8648cee6b4c29,8597c2fc6b9d8b24,15b3191cdbfc3c02,c2f3bd217e5c31ce,79
US,2147586344,928,478b389c7cb7b12f,cf1faba80accc9ad,b4ab7afb5e0ef040,4aa83c8a325dab54,232
US,2147587272,1072,ca0b9908b23f05f9,d3b2f08a060724f5,c46d3110ae70f0f3,51b6d2e28072c26e,268
US,2147588344,1412,d2d3d9dd8a5991e7,f2d597c1fa0449bd,c9b7431ac309285c,6efbbf6b94b564ff,353
US,2147589756,220,05ac7af11ba02a58,f538b5f8c35fcb70,873790fe85cafe48,27224a48a0037e23,55
US,2147589976,356,ac3615eac978aafd,5b1bb3f8403d825a,2aa5e7956d230356,ce42d1c5949faac1,89
US,2147590332,4504,7cb3a6cf4f4b8e69,18ee27bf9b095af4,40a649b86430b819,c4178376b4dce015,1126
US,2147594836,4364,a9d492c2c4f23dfb,492c828b5b9c8514,8243748eca2a45d6,be0639f52b53cca8,1091
US,2147599200,192,23bcfeabac07e623,6f1030c466af6aa8,c9fa5633ab8a3ecb,705d522c5cc8080b,48
US,2147599392,80,66c9c06a9956e89b,4274ee72d437be1b,19aedd6f3fe10b3f,d6ebfe68d2e6643c,20
US,2147599472,132,ee0857b1e42f93b5,ffe4c7ba684ec2bd,bd245390a3f79552,d0bcbff329873e56,33
US,2147599604,120,c4ecfdc57766b65f,ca154c1ffc558970,ac63ef67cd1ceb40,fd1b013df2bdbbf3,30
US,2147599724,1144,3f0c98026c2da1ba,c009779b63252c10,ee3883d4df61677f,4065563412f1d319,286
US,2147600868,128,7a72ffd8772266e6,c0a3bb9363b4eca6,69fec1c9be42b4be,1e8cc34720b464c7,32
US,2147600996,52,d89a4f3f61e340be,04a9c184ec94354a,43c5792287a408f2,668ee47cb1a9f1ac,13
US,2147601048,328,8e725363d0851560,2e1b03c0ea748742,315843cfe01d41dd,d21fcfa2855dfc6f,82
US,2147601376,56,51875fd36ad52d0a,cb5d887d89eeae78,dee19729eacc4e59,bc9ae7eae3f0ff24,14
US,2147601432,264,bf787ec1dafe740d,5d7e61df2229f3c5,ddd462d6c3ae5efc,7c5807a7a7b8eade,66
US,2147601696,148,8fa0cc70d3272985,9099b5e13d1a0587,b26c9fffdca487fa,7e893f25364a685f,37
US,2147601844,484,4f3257afbce569e0,e6c9f6a38048c8e8,e5fc92fa364a911c,cd8b1ca978cc6929,121
US,2147602328,84,1a82deca5ad9f0eb,f4e937037b63b32c,2c32378d0f4747a7,b69c92b3fdc6f5fe,21
US,2147602412,128,9b5389e2e22905e8,d7d72d24604e7045,164aff4eee41071d,dba4cbb7ab00d69f,32
US,2147602540,40,3b99c101f437ab1f,8cdcb7f632691db6,4b5d0bd01bd5876b,9d03a759c4d1df1e,10
US,2147602580,48,b60f4a07815550d1,681fce72d5deab3b,c613d18a72a936a0,3c24d2db760ed0c1,12
US,2147602628,1356,3d90cd2b71f85526,0bf49d86d1e44d5a,d1f1cd9a5a35e897,740d6ec4d8921ac9,339
US,2147603984,364,1ba4d3d3a4d135c7,aab1689e2bdcc2f7,2a2ec2ca226cb9f7,52be672733ab745f,91
US,2147604348,5008,dee91fe97a87ae7a,f83606cdf47abab0,bcb597cde4eef793,9558f7ab21e27709,1252
US,2147609356,224,e365b1914f0bf2fa,523b6abccc030e1f,faca5173d6711413,c1d4218b53c4d2f9,56
US,2147609580,504,569af519e1f6a548,a23fd164a18dd007,06cb75ed88f078d1,6f3de57ba79382b3,126
US,2147610084,364,900a1f51a56810c1,01e63d69e8fd4949,866fea1d7330afaf,4d2232e48a9e1a5a,91
US,2147610448,36,5619df84c84b2e76,3793180d239e4c10,624077a312ef586b,fd1b0ddaf07f404f,9
US,2147610484,872,2ea63c8f444fc246,0b04190cc87f178b,6a9e23e81e8d45d4,c1ffc37ad905a5de,218
US,2147611356,320,3127079c913984fd,efce2f69757b373a,9b5819324f19347f,9ac16db5db287da4,80
US,2147611676,608,5b99482b130b383d,3f50e60ee81545fe,2dfd9e5011806cf0,bdfc609eba4ca016,152
US,2147612284,116,a743a8c1858b9644,12c1bfd7b62bf522,738b3628cad4c4a2,a017dd767f8ac181,29
US,2147612400,256,6eff412b6e9af217,a3f68103bd599cf8,0d267e027175190d,e43ba029d8ebe6d9,64
US,2147612656,312,5d36f325da3d8c14,ab607e11698d1a96,646a33164bca0547,e9ee250a29459045,78
US,2147612968,792,be35a6fdda1fbd77,35dc5f514e88e7f3,99973cf401a83a4a,26475b40ac331fbf,198
US,2147613760,1060,7871d69ad2439f15,d8645620a55e3d4d,6870eff874837dd0,c8c25c128a336c2e,265
US,2147614820,720,474b7cd68c6cd680,3aa9c243930361e7,749a43b7c5d6d93b,322c4c8a7772bdc1,180
US,2147615540,2340,f445ce57d9f30153,c840e4d3ca969acd,b1c6b8da5b043894,918e294956a6086a,585
US,2147617880,2216,31a341e622fa7a6c,6eb7db80160e87a9,c70f723f76de4465,f2f4dca1ca762647,554
US,2147620096,148,820db00836d25896,8daff49b2a7e1b2d,e23c69923bf74b21,b69af66a89341d38,37
US,2147620244,488,5f10f2bc8d196dc9,16b29a075b943b74,49bc2fab91965bd9,962e170d72270f81,122
US,2147620732,280,3a2426240fc14b1c,79b5f70c36e88dca,2c7ea65079c84fa7,55e10f3034f4ee92,70
US,2147621012,240,41757360fefda5ee,6d43d01e710d323d,b30f51ba33cc4fc4,8f58e02c7fb4530f,60
US,2147621252,156,95bdd238994afe88,bcff77c594864b60,180b066b92e99fdd,7ed7c8b5a7d5909c,39
US,2147621408,160,ea0ab1df02b317a8,4b7d9b367a95e92c,e89dfe0282e8f04c,3af00396b408c557,40
US,2147621568,212,2081b2a44af5f815,7e1ed6051927758a,cfe3195de49a69b8,0886c52f3d509d7a,53
US,2147621780,40,b822c92469b0041d,ad0a92a820e82e83,569f4cbaef50f09a,4860a078150547e7,10
US,2147621820,112,0b8f8ae408a09d40,12125bc6ee1ed51a,3021dff0650df903,eab194ecca276b45,28
US,2147621932,96,799569d0c68c56d8,1f62d4b97a168192,aea79d6b8eedb715,29c71bbf5af4d6db,24
US,2147622028,8,7678540574197b42,c9012c2c267bea50,c9012c2c267bea50,3bd7b78e78d5ed0f,2
US,2147622036,268,92f561c501669a0e,8cf6a8a0bc7fc2a1,01a19243ccb80ea1,0fe08a496653a694,67
US,2147622304,124,769eac6e623877c3,6103247e2f696fbe,b7d3373c3fcef852,f59dbff9d8c87bce,31
US,2147622428,140,ba807f1626f3e78d,e1a45c449bf7c1e3,b00e40a543ec2bec,04b04b7c3c345ceb,35
US,2147622568,52,bd9001383b399868,796d48fc40b982e7,af35d464c1a78842,a7c7292f21f5335c,13
US,2147622620,856,c1370a2fc570a40c,cbd57a26613e8cbf,1b27a2083113c7a3,acb7e3ef0812f06a,214
US,2147623476,172,07ed532e52416792,e1941bc04d3652ea,261b218f7977d9b1,43dba28b5bbb559a,43
US,2147623648,56,14a0379cb29c6c1b,2e203cf4e792d317,50c73cbc71d5c6a4,47c06f9173428304,14
US,2147623704,220,4c38feb60323bfe2,411fa7b40e8b7021,9dca39c848c8df4f,26d6c03bed89f33a,55
US,2147623924,220,47cf6976f662e588,7de78113455a981c,307eb42a03a3395b,06733474c94bffa0,55
US,2147624144,44,f3582dc8b8a839bd,4e206b11e71f55b9,33d9409972e33450,6e1a13a930955220,11
US,2147624188,892,72973b216f6654a2,a6704e4b2879f6b8,70a373a2a40c98bc,bb7ea3f8393e30f1,223
US,2147625080,76,aaa52bc5d53fbf10,4b6337fd3cab161b,a3065a00fbb2304d,04b37e0069331dae,19
US,2147625156,108,7e7dc9d6c71e4f58,d6eefc98ed42f7de,4f7217f91b843b25,7c5caa3617e3f6de,27
US,2147625264,516,0d894e280ada33b7,bed9fbc8db4491f8,af5423c115ea9a29,155a7f99d302c355,129
US,2147625780,96,8ed2a0e034be2ea7,99b257d5e39a7dac,bbfcf2fbe5cb184c,10defe9423966101,24
US,2147625876,8,7678540574197b42,c9012c2c267bea50,c9012c2c267bea50,3bd7b78e78d5ed0f,2
US,2147625884,64,c9c7bc57494fe022,fdff4451affa8737,5d3d4b19454c6485,c48d1ae52fa0f572,16
US,2147625948,172,7c93c6644dd61bbf,ecaea8967aa4ebf7,ace477aa50c5fc68,38016ab151c42148,43
US,2147626120,164,cd98de2944fdb808,5fff5e769747b88a,299dd6c47053271e,b138058b3f90c95b,41
US,2147626284,132,bd3c5563a34cd309,2f75b8994f33d133,03db23b55c23533f,b43903f035af76fa,33
US,2147626416,276,5085ee58ab3c2b56,4a39bbb7592b3daf,3dffd4f703f92a8e,16f00292d6c7e919,69
US,2147626692,400,2b07458a12ad7642,4192b8503efb3ca0,5d4b28b327749010,7af1778528957e61,100
US,2147627092,316,3aa5bea5d497a38e,d06fc34813c72c1e,f67566a14fc893b0,0b1a8f1c8434b6e3,79
US,2147627408,760,bab481336318ff80,edb40e477658ae49,adf2a86467bafb1d,dd1b347f739b1fa5,190
US,2147628168,440,1b54ee5973e22113,46005c3d9781e088,bdfb48e27db4ff69,7514a6462f46847f,110
US,2147628608,324,c7627075f8a97cdf,ff7f5726133f5c22,1fa2a0593ae4e14b,8533ea01547d3e93,81
US,2147628932,700,ca702a1ee4b9c32d,5d96d05c5232dccb,7d96d2e76c4af1ca,0ac7b377f44190ac,175
US,2147629632,780,5d02a3756ce0d7e5,b07bd5bf2c504a87,a5fec73bf18806e0,e43ce54f132a40fc,195
US,2147630412,688,c4444ddb1dda9108,30dec7cba28c79e4,018db090ca11e2d1,42442e4ee3ae14d4,172
US,2147631100,112,97fa8c61f3c9b078,32a0bae4abd7ae54,dd5cc2ac5bd2776a,53e5af36db0222ff,28
US,2147631212,588,c783c9ec6335f6a2,4002ee913b95376d,bd0c975bbd37da9a,a0e13b102834ac0a,147
US,2147631800,428,d2ad87c53e441266,226ae6caf3a3b06c,16cbce03a148ffd6,0ee28e4015bb5c36,107
US,2147632228,184,db6d513917de8838,24f764a18fe4833f,d8c7694b0895f0b6,3cea39cd4b94e7c4,46
US,2147632412,8,9af9113e70838380,55016ad300f8ff8e,4b3579b6f73b6b76,cf1ac19f9d3a4027,2
US,2147632420,120,6a87792d69cf479a,e437b24ae15b0883,a1593bbec418a470,0b3e209ef9704aab,30
US,2147632540,640,baca3ae56fb2baca,c478766ff1b14a77,84468ef3d56797ff,9df2da0e16ef17d1,160
US,2147633180,36,41a55857c2e4dcbd,6d28cfa52a523418,36788cb8ce0eb6c4,0dbe3d214aa4f5f2,9
US,2147633216,124,20b153124dc83131,1035999e290e00d3,71d68a2f2469ac7e,a19835e50f7827e9,31
US,2147633340,184,0c8b2884a4f1399d,1c087fe0b4115017,2fcff0f83cea2733,3de15a2bd8c2e962,46
US,2147633524,660,7657d74d89995ebe,3c093d9c81f78533,351370aed478fca5,9cc7d5834c0f3efd,165
US,2147634184,1328,3d6fe16aaf1820e1,cac86b3753666db0,08e2bc819ac4d1c0,ed5a30d91ec2c729,332
US,2147635512,116,1c3e848d0283f644,97d20e2e96f4ea3d,1750799a4c41db2c,c44bd294303e3c20,29
US,2147635628,92,5f058701544d9c4e,702eab86fc05c4c2,e43449491767dc1f,c0ee0723620def01,23
US,2147635720,152,8ff732208dc01b47,73c230a5f9c2d949,758726e1e70a6ed9,db0de7889bb6111d,38
US,2147635872,368,b1586a51039380a8,091a79d40644fe39,23c52c51a95c5496,44407976cd78c24e,92
US,2147636240,420,dca8f34834f29a5d,3383db4528aeae6e,9bbaa6a0069b3f3a,6397c11bd7accfa9,105
US,2147636660,356,c7900af4c6ac8cb2,b2c97da2fd19a8a5,2df63fe2357a7386,11ce34f95d1ac9c2,89
US,2147637016,316,1ad9272137b93acd,3e2ce4c28f9664da,7ff30263f1f9a008,ba885aac16c52f2e,79
US,2147637332,1212,15b32506826e36f6,38de0f9272210ad8,78facadf17a03de5,fa2e3f27f1d0aa0a,303
US,2147638544,264,6ff9d1f9cf05734d,39fee341d4f3a864,ea20e5868217b2b5,d5e6aeb9fa5ad29f,66
US,2147638808,1208,5ed123b056dc99ad,8ea94a0231766dfa,84c675f3d96ae948,99adcf80c88f5158,302
US,2147640016,208,c32e0ffa084668be,7b3b9a4bb7c44bd6,55bac99b58abaaf8,0c8a05e58696b08c,52
US,2147640224,92,b6a8d68174caddf2,36e99eb3c7229b2e,0086bf063ec6147c,4251cd0fe2d4318a,23
US,2147640316,68,6f9a83d859013619,66ea979620fa5492,9d6e5468682d3bc3,2023a1512db323de,17
US,2147640384,128,8d58c1f32e15e333,772c04b5c479d959,76a713565722570e,366d1ec3ff18a08b,32
US,2147640512,128,6f5b4c9042efd891,eb6f43fdc12696eb,9f606d12ea618566,654f426b29f691c5,32
US,2147640640,128,f72b3526102a5262,44de2c173ef1fe1e,9f606d12ea618566,654f426b29f691c5,32
US,2147640768,732,1d85c7cb88f853c0,5ee7498274b4c8cb,6ae8b58b1bad3967,af938c17c0a6e617,183
US,2147641500,584,d4b92dc380daf534,4ba4b7984bbd264e,24d10797c108e3e4,7969554c05621270,146
US,2147642084,268,e0d33109100634ef,5bc598c5e7d002fd,1bc9a381dd8feba7,0acbb4f765f4836a,67
US,2147642352,52,f28df7a707a3cef8,9d9150ec0acbee40,72bb4cde4c1aab64,23cdb1d4977991a1,13
US,2147642404,148,e9f3a9a599d0485a,91c27ecee8596134,1bcae13f2796f3ca,45fd61ac60fe9a66,37
US,2147642552,60,b4c0ac4edf95a409,1b037de7eea250fb,abad375897aafe74,71b42840c0f31697,15
US,2147642612,136,aa3b1bab2284e7aa,5d72394ac2bcd129,e3523b49113bb47f,c5d5664bfbc0c970,34
US,2147642748,204,ca8a746bba651a9b,2b042527cf09c153,c62391ca6da3ac1f,596a965c6401fa11,51
US,2147642952,56,698ffe9cc177f380,69a9925bd3bd0cb0,93330bd053e00cb9,cd95c64993579104,14
US,2147643008,88,4d30c50ca423c42d,163be0f49b698827,dbc3eb83a3e97210,991b36d4fc9e1852,22
US,2147643096,2400,70c961c2578b7d73,8f07cf5f1f850fcd,9a402464fed71504,3559934a22c47f2c,600
US,2147645496,848,85db3b2cd12b1e8b,ea29a0a4fad134a3,438dba83dd130fc7,75629982c1b11776,212
US,2147646344,620,c5262f7c1fdb558b,943e919217c0ddc5,46353da1744d9cb6,bc1ee4966c9287f3,155
US,2147646964,156,c517e1c8c50842be,49dc8dbc0a2fd6a0,869a0ba34835cf1a,038ad57b5e335cb0,39
US,2147647120,144,85399eb83fe4aee5,e62bb0dcd1d0c5ac,c5c356dd4aed2d96,1cae0b6aeedefdc8,36
US,2147647264,1132,de75ae6e8e510afb,f19d9afec4649529,951e999ad7b379f9,8e872d2b6c5ed166,283
US,2147648396,132,b5e4600a7db8e7db,8cfedf922570b3f0,d8a55ff66788556f,d83b99b02a8b0c64,33
US,2147648528,44,ee4987091e38bfb0,e53b41ed4e0a0f48,cf22779ce1e07683,d157602b26017b22,11
US,2147648572,44,c28217c132e53810,49b11768ed46fb57,61a44f1e8696b968,52627696640afd66,11
US,2147648616,44,18d656b9b55d7615,8885b20a406f3a08,874fc5020f17c8b5,07d888a2cdd6e7c5,11
US,2147648660,60,836ef4933722dd6d,db7c09d866cc3975,8362b1476235ea7e,f0b2014fb642b821,15
US,2147648720,448,c7fc1fe5e95fa71b,372e41c61948fb09,c1ed3b649816b43c,3016781f370309b9,112
US,2147649168,376,020ced12e9e9193d,b7959e5c8e92ae18,aee0dee10b11492b,a6ed9c486e746b25,94
US,2147649544,60,76c16eb21a312edc,8296a0d81ed85e69,c5bbb966fa5266ba,c9b2bf7c6398c9e5,15
US,2147649604,60,3de70bbf432ff60b,559a122dabf431ca,c52f8079d0dbf849,ef519d8aa14cfc73,15
US,2147649664,304,790ae34ebbde141a,b0e1a5b6a02bfdd2,952946dbbf94fb89,cb2264d3006c506f,76
US,2147649968,420,578cc103bdf17d75,43a983b17ae7a6e3,422d78d7e4c75228,13c525eba05cb255,105
US,2147650388,104,790c2bc656d5f661,6a1bdb1d828aa06e,fb05413e1d3f53e3,fcd7ee13c9eef919,26
US,2147650492,188,05f4e189852d8b33,ee8ddbea58dd656b,f9a47d0d500d03bb,1c0f3e853c559464,47
US,2147650680,236,231e3f6d7d081354,8a5706e6fe89b5ae,2e920540d81fd8f0,7faebdbe8380680a,59
US,2147650916,124,32bc5cd3f91fcc01,ae401258e62930bb,2e999b854d10a095,fc71e54674fc4ad3,31
US,2147651040,124,9c5be615f6bc24e6,079b2a0559a8212a,5f023245f2943b9b,a19ce5b431bd3994,31
US,2147651164,216,fe83ed721c6079e5,6f13d693e858d001,107a0c0b40f80774,05f2d4a1ebcdb104,54
US,2147651380,212,55c91b9b6797b0e0,c371062a64bb8ae8,1188a15769108f22,59d923118ba18453,53
US,2147651592,196,d5234ef072e418e9,ca6053df7968e8f8,4936f78beb828321,cb9a60405965f80d,49
US,2147651788,212,af772d347ed03a84,250fe250acab2825,364eab0deb9aa687,08ff28ed2338a403,53
US,2147652000,184,dce0f5707efdbbd6,d03dcc95c560f2f7,7aec22fc01a7bc34,6e3c3feb238f8947,46
US,2147652184,136,c316af6e99b17e52,56a2e97f96333b59,67804ded931ffa20,32d3023fd0f84d27,34
US,2147652320,28,7274f5ac984bc6f0,dcc6599751860a8f,dfda4ff26fcc3a65,209c7b6845e1ecc0,7
US,2147652348,188,5064c97d91d73e80,59a0071016b8f7f8,e6240e8fc35ba5d3,5918ae2ddd40085d,47
US,2147652536,780,a6479b4c7f253e68,f930f976ff6d156c,ab1f9190dc6f247a,e1084bab4e3ec9b9,195
US,2147653316,108,a769dbac8d528bcb,519896f30144e178,72ef5705e62ba047,77f762d2b4d36dcb,27
US,2147653424,112,fa058ab61fef6b7f,e3f4d62a3ebf7b1f,81b053575542e084,08944708794614e3,28
US,2147653536,132,2d3c3c40173aac16,fd31afb0f9f5e078,594f2dff0886b287,7706f277dbe2fb59,33
US,2147653668,76,1e2595a330781821,cb0327a639583220,76d24895b8be4283,a4e6562abe1ba64a,19
US,2147653744,116,42bf98721b624b18,ada984ea901138c4,35b65f5cc4b723c9,bdfdfd886d3cbcc5,29
US,2147653860,56,4009560aee514c5b,b46edc60d5d8656d,b8d7222c69b672cc,8556a4068fd7a65b,14
US,2147653916,108,2bfd87b68160fd37,7f08a229ac7065bb,a22a2572276cf01f,c6669a0f4ab2936a,27
US,2147654024,200,99c624bd60bc5b66,915d11818d9b6904,4ebfe16750625126,4166a5468c76f87f,50
US,2147654224,100,b3db4601393ed70a,9cc35b1d555602da,69c7642f25da5566,a7db4e6a2749c7f5,25
US,2147654324,120,02c87a12a58ab3d9,22dad3afb4a41b84,436fe71f9b7bd54d,fc75c272693f9457,30
US,2147654444,276,180cda0f483536e6,4f70fada60b1c8e9,f0e7347b6e2c310e,690d427d62a2460f,69
US,2147654720,100,1e619d2fbc376e09,44e1f543dd131b1e,5d88bf8f4fd40050,3d781f2b696a496d,25
US,2147654820,284,526aa1ca74729432,df825bd1e4deffd8,fdf253548657fd9b,0c3aceef8b8c16da,71
US,2147655104,12,4ad501c520f15408,a6ebb1545c914943,97783365c0d00363,0095506a4a287a36,3
US,2147655116,436,65dfb5d93bdd387c,6666a99633392df2,d047a8af7518d0de,7c7ca9fcf8682b7d,109
US,2147655552,496,470779c80c2a3009,64928a8bcdbe173c,62f04a09a502843b,f362dfe6dac08b64,124
US,2147656048,1228,e9ac59c9799cebea,a436b94e13c2386f,956e4fb5ca544777,17945dc4bf111d97,307
US,2147657276,60,44bc6277f71cfdb7,8b3ce1bca3db6dab,189e0c6f8fc70fdb,03d7b821033b6f72,15
US,2147657336,84,bf1ae881a6e3ad49,4a3bf9373b5638da,5de9369154e25865,60b0493fd727dcab,21
US,2147657420,100,ce1b1493ed8fe2eb,7a75a23dd7731455,d65d1c2e8f5b5238,66576336af56923d,25
US,2147657520,680,1c48d4506ac748f6,610dcf816a4ddfe5,77f5605082e98f76,86ed2136c1304e4c,170
US,2147658200,24,9e84c7ad01fd5094,0fdf02b36e9232ea,d24bcb6180ccd0a6,9e68a2e9fb26a7ec,6
US,2147658224,84,01fec39f8445d598,9d4db9c4d36f14ab,a20d8284a815803a,d0631d70363265f5,21
US,2147658308,212,ac746243c5b242ec,a1c967f688b38d48,72974dc7f6af6f8a,679a23986c939ea8,53
US,2147658520,244,7385fd4912fa8117,f7ab6e7aba7f2277,0e6f66082735a051,120381c45975eb6b,61
US,2147658764,136,3e50bea0fb288474,bc4ed9954e961c20,e811ee91f7f314c3,4095ba7c2eeeeca5,34
US,2147658900,36,c2d1af754cc1415c,dfb50146588df842,92c63c1e45cfcb8a,5cf65c6edf019174,9
US,2147658936,76,ad94a6d6c038c072,feadc9db510c6d02,b45f3083694fe51d,031d0dc9c9319f1c,19
US,2147659012,108,29698b4898d95bc9,8d0397bedf6c1316,0df4b639c4a285df,cd94324a47b3d4f1,27
US,2147659120,244,2937806757ef669a,fb144c2a9e66d0b9,21273937879b2dd3,225593f3d30d2437,61
US,2147659364,264,44f7bebb8ff94367,e1103637863e1398,f7bf7a7879543d5f,4d46fc55461cda37,66
US,2147659628,196,d8338c605c8298d6,8b9c143dc501e5de,8986e1de2ab6e635,84defe8d8050ea35,49
US,2147659824,176,d09b1f809485ecd4,f127959372e3c461,b8f4e788395760b9,e1a9b83f5ea0360a,44
US,2147660000,80,0c855727dde19665,f226542939002338,fe5088914f8ecdf0,7163b64041326fae,20
US,2147660080,192,c6db1f4154049951,04a07867d25d2c15,58cf8bba3b8d1186,a259dceb58f18e40,48
US,2147660272,12,a84820d2a8206887,59f02818ee73e8bf,620e29b6bd946f01,df626942b267a137,3
US,2147660284,12,b8a5a2099e8ab387,ddc78ee53a0fc86c,a7956348a89cfdbf,cb9ca9385fcd5e2c,3
US,2147660296,712,428aa74cd1a0a380,d6da8d59c453651c,b0f4d6dace17337e,92aee444e16ec480,178
US,2147661008,56,c27869676cf96d09,96ba696d4e3d56f2,e319ec2b7ae3fc69,0527e7b8e5e1b66b,14
US,2147661064,56,932529bbd0c440af,2230a1b00fcd1b20,e2165518ad1bc88e,e08e7a67905d4d74,14
US,2147661120,116,4adee6710da0b83d,e48ce600dda84fc5,08ea083d21f162be,56f56696e5be0d30,29
US,2147661236,84,8c234887f671f77d,6063a783eab76184,29b586143467c430,4d6cbe5a101e1e5c,21
US,2147661320,456,c488c63a959b3f00,bb22a9c606b9ffd7,4beeda53dba2db7e,fefc7888564f54a1,114
US,2147661776,200,6dcae65b34c8c81d,6c5e9f1b4aeabdbf,7109f82689cf1150,6c5226f7edc5ed56,50
US,2147661976,288,e5bd74dc1853093f,716fa541e1c008a1,9b0c098de284715b,06e0deec09019b05,72
US,2147662264,216,e9aec5b41579fd4a,cd412302a9f7fa5d,0828c8d86f49c28f,c79c8d52782c5cac,54
US,2147662480,284,0e003f2ec663c70e,40b19b1a3cd78acc,ea19d56d5a900db0,410c2ce978010a7a,71
US,2147662764,752,aba901a582b8d016,236c46dc00cf7205,06a2caba2cd6b118,6030b62b0a4b772e,188
US,2147663516,752,31072bd996575fbd,ad0e58bc5f4d4b24,84bc091ca7bb8e19,8295d1e1ae427c52,188
US,2147664268,68,7258d1a5e7492064,e6f7f379b1dfa53f,cd4a5c7131bcac89,2a670f6554f878b9,17
US,2147664336,56,44c6628488a76678,5c6cbee6536d8c57,f6c201a862719796,86876fed13af7241,14
US,2147664392,324,58f7f45e5eb5bc6f,d9a8a0095e41073b,2439d15e3eebe4a9,a729a16051ad360d,81
US,2147664716,216,bb5a95bcb23e76f6,9cbc20ba2c720569,01dd9bf63088226c,b924190fd676b630,54
US,2147664932,236,f4a6a2b4f7cba467,b2c83298c1c55f88,0afde6854326de0f,0065cd4a077a30ff,59
US,2147665168,316,0fe88baa9b507a40,5c9bdc97638ed3e3,a33b8f80f7622667,2c70a63b749b50ab,79
US,2147665484,312,d98aec29894d981a,91405e5cfa441ab9,0086f2274488ba74,2a3abd319bec4e48,78
US,2147665796,292,07c15cf32fc3508f,d5a274740faed292,3f18639834744a47,140c10bc256193ef,73
US,2147666088,112,99c43e86afc9edd1,c9b5283ffa1c48cc,46dd6ff9d51fe558,24dd5d41e8060908,28
US,2147666200,400,2dfd87bb04796568,6cabca7553404a02,b090233f58f11859,f97ceea2fca67ed2,100
US,2147666600,56,3fff801d64817aee,b00e7f26a228700d,73cc829b823bfcb2,01de5ec6516826fe,14
US,2147666656,100,1b15bad14ffb3b94,2c313fc4b3c2f141,fb77986481537e93,5d90e529faa105fc,25
US,2147666756,112,97496b13e5275859,ea705d1a1984e4ee,4dd04d6337264fe2,5784538985131f63,28
US,2147666868,52,7693287afc5ece19,77e766623e4ea485,7b150b3f294080c4,360dede8dfc83654,13
US,2147666920,832,0fc81f7e7d254bf9,8513367b2d72ec9b,1938c6909a0d9452,d19d7554baa001da,208
US,2147667752,464,9fdb27c9e4f23129,d4ebd7a249430744,7444265b8616cbd4,d6ab25c98e150ed6,116
US,2147668216,432,863dc7d229a38611,5c5a986ad1edfa43,e4795ccd44477e95,49102e89d8b0901c,108
US,2147668648,8,7678540574197b42,c9012c2c267bea50,c9012c2c267bea50,3bd7b78e78d5ed0f,2
US,2147668656,68,ed8d69001aed8746,ad4b12b092441106,8386b61aee4d783c,09514904d770390f,17
US,2147668724,472,f48468515e35fad2,436d47e6a4a3d8ee,570650358a2751f2,1d01a516e356e993,118
US,2147669196,64,dd14b06bd07e1fba,4856189754040685,5e383956727b4427,d4c77dec36aef3bf,16
US,2147669260,72,e06c3e5e20f29320,1315c080b8cca0f1,867590c0565c1377,6d2b267b248a3959,18
US,2147669332,296,c30b80e4ae792108,6e4682c5dada30c6,b2559e6082de19af,4264806b190ccd64,74
US,2147669628,1488,5beb64814bcc5fc2,c049e33a37c885dd,8a5b962a9e7e518d,b71cbbe06d4b4518,372
US,2147671116,96,d91e96738cf5f545,39a697758736f82e,7d64921019013ed8,26ae8b00a178f89d,24
US,2147671212,120,68dbe0c87ed3da60,c76dbc120d0fb189,67f35c5ded993d93,addd2ff13fe4eaa3,30
US,2147671332,80,8f2b411f5228d7d4,2bfee7087e59a80d,2c6aca153462ab66,ad7fc3542b145127,20
US,2147671412,212,9ae06c8ec842a29a,b35bafb55aa3a223,3407fa26fec8ea50,88cc4e2d464039c1,53
US,2147671624,1264,477156aa339585ee,544581c94826e0e0,022c57d344b50a8a,58cee4c8ec83c239,316
US,2147672888,24,ee9ad40a1faf74a8,b55706ab078ab93d,7a09e0581339723d,5ed55026bb2088d5,6
US,2147672912,200,ae368c34e57827a3,d17e49ee6b32318e,b62e5e6a18aa589c,bf9f30d6c057f891,50
US,2147673112,84,a489279dbfed8135,d0b64585f90c748b,8d29996a4c6bbdd3,bec9816845c88b2e,21
US,2147673196,84,0a4af20ac5923053,4f38e108d17dfa9d,8d29996a4c6bbdd3,bec9816845c88b2e,21
US,2147673280,44,f53d7bce3d976306,1a0f9c620897a664,a79246c629f67446,694f307065f4020d,11
US,2147673324,56,80b8acd99423adc0,0ef3b812078c0e8b,8e0a82e8cb2f6504,a8eb66f17adfdebf,14
US,2147673380,24,08b27cac1da2ec58,85b8c437511f6a32,60a02fd0fda57c3c,162a9be535861a4b,6
US,2147673404,20,7a80c8457232757e,c74014ea35677203,f56c4bb3b8242d06,a77970c770137fc1,5
US,2147673424,12,3cdbfe182f66df0a,9fd0f36220a630ea,fba0ecd7054c9b3e,e470457ba2142154,3
US,2147673436,112,74a06de40fb4cccf,5b0c2e40e7bed7f1,359667a2e93f5335,a6cfa126b60afccc,28
US,2147673548,140,43280cfe4290c82a,1f64db6abba3ad44,edb936389ae14b5a,f01f7fb9698a2c56,35
US,2147673688,56,16078c59e0416df5,34f9b6bbe4297532,a77359b3419c77c2,7a135f93d347f1e1,14
US,2147673744,148,05cf15e532053f83,3ffa798b7eedb6ec,489d17311ce6cc38,0fe8a128461958b1,37
US,2147673892,60,eda9784ade0980f5,2bf07e92fb1c1d0c,610b1500e517b34f,8db9f6eedd46b6fa,15
US,2147673952,92,ff6fe587eca65d14,3c8cbfc2d303095e,6bcc4094456ad6b6,8600dcf17e33e022,23
US,2147674044,144,d2955a96cdcf7445,3bf04e8010400a23,e753d39b6dd18027,6d5580bd769e6710,36
US,2147674188,372,87998421e56a0371,045f0c77b1f205a6,53e6d68e423d374a,54c70a98261eb11b,93
US,2147674560,132,7c06e5e7581a2ea3,66bca9bd7bd45c5f,695b581d560901b6,c035648230d88b5a,33
US,2147674692,116,8df1697237b1ee58,ae846174d55c857d,5cfa55e4a0fc22e5,99d0ad66d8984787,29
US,2147674808,300,d5c54fe4e534a900,ddbafb09aa1c5138,84d7def0c370a94d,65cbdc09914bdb6a,75
US,2147675108,1272,fc70043c6e3539a9,d8506505d37e7363,8e4c12334b2b7610,b1e04e99ab11885f,318
US,2147676380,1304,f9ea39999aa4dc2e,44434aee4265d454,9d48644bdc930dfd,8f3cbc6abbd59510,326
US,2147677684,1588,807f15bdfe4221e2,fc44891565871496,d2ccb381df17d14e,7a57f746b24e732d,397
US,2147679272,60,11676aab0f96a6cb,98642ad1657ede33,98642ad1657ede33,489365292fd0fcd5,15
US,2147679332,708,c6d1c1977996ba74,0600a6e3e708eb3e,ee45bc1a82c9cebd,e7403fae675427f9,177
US,2147680040,1424,df658e909b382f2b,f2957aab4172f584,20ec9e1e8dda22c9,170f9981e8a99d84,356
US,2147681464,660,6685b41effe62de2,9a73b0f3fe02471e,d7fc047bcfdc5aae,d006337c0f22e59a,165
US,2147682124,44,f0b968cbb397223e,93bc7157c4cc036d,50faeab4a790ceb6,93014c33b56ff0ee,11
US,2147682168,244,5741dc91fa15d131,1c91c1b0fd16b9c1,9016d9d1a2017165,647f85e7971b5e41,61
US,2147682412,120,aafa085879ca6d87,5f42d4335d659b3d,7e4c78fc0ff75d51,6d6907e0f0dbec17,30
US,2147682532,192,1ad52f423754cf8e,66da5b6276e46ddc,489789d4f80bf992,73cf3b9f2b10d5d0,48
US,2147682724,260,a7822142a1d29a44,596db7603b3851b1,b86d0e432c1bcd64,a44251ec8085cbc8,65
US,2147682984,44,18faafa609ad07db,b34227639e18cab0,f225f2f4da00ab5f,340ef574246800a9,11
US,2147683028,1024,304ff3d9a1ccd10d,dd80764eba4e1dba,206bb3bb65817d7d,b1edae9b084c553f,256
US,2147684052,264,afb0c3a55786005e,5ca80df1dc295d52,5a700bacf350e70d,55cea3ef3df50eb9,66
US,2147684316,128,28cff5813e597205,569d0fe2fea8da5d,307dd575e722ba6d,1d34ed0270d1446e,32
US,2147684444,120,f7a18e9afb9c873c,55dafe36599fa7d0,c8fae770a12bb4e6,f19cba413fb23f15,30
US,2147684564,88,312db8e88f22af0b,3a1ade3b5188128d,8d5060b47a7030e0,45f9dcf256bb38a8,22
US,2147684652,64,f5229510180fa3a8,729d0556135d7a1d,21325c8a537efcd2,d77a18a9b3d09876,16
US,2147684716,252,8a75763ab3c49aad,660f181bc24f940d,bd282de40edcc568,62edcd5ad5b08978,63
US,2147684968,532,9706f929567931df,1c383c186f17e73e,2ef9583d46e2a233,f0f61ef634783d57,133
US,2147685500,68,202cc98c9bcc1f0e,c6dc86d785c4cfff,86eaa5dc73debda0,f0ce14e08578b262,17
US,2147685568,328,d7685fc09945061b,1a8038dd6c2d4df6,ccd37bc9b30407b9,16aadd572f82ef49,82
US,2147685896,300,9e20aa1d8fb0df00,60db2a3cb1a2a8bb,957b1fd0a433ebfa,eaa4addc97747279,75
US,2147686196,16,c8a77f5819f3b21f,67d62f0c3cd3cc8a,31627a6bb4f94ba7,b063900f4078f936,4
US,2147686212,68,f43a3a459cc89f57,9faa5e27db01f8e5,50ac5963b2046a1c,456f6e21fcbbf67d,17
US,2147686280,68,702e65e52bd9c123,056b3cba9e924f36,5f5e2bec8024f517,456f6e21fcbbf67d,17
US,2147686348,12,eada03437e465df9,df9b73c1a6c9305f,df9b73c1a6c9305f,e470457ba2142154,3
US,2147686360,12,eada03437e465df9,df9b73c1a6c9305f,df9b73c1a6c9305f,e470457ba2142154,3
US,2147686372,136,95e6eba1c057e1d0,427dd3e2dae4ce3a,ac45fb4d8183752a,c48033e5fbb489b5,34
US,2147686508,272,234ea32adf27fa84,12cbf29a6b29049f,d2f14ad68ca19477,58adb1d9f5ef9466,68
US,2147686780,296,5a16a19beea8a862,acd14d20b94feb29,2dcad4e23340c169,6db2212f08615128,74
US,2147687076,172,a031d2b2c26f1f46,57d98dee6880c61c,a302272d32c227d7,01c1d5255c24be66,43
US,2147687248,140,42d0dc3c4bc5d0ee,1a18dcc4bc82abf2,58af056468b83709,4871f386acfa4333,35
US,2147687388,64,7a78759fe713abbd,19d7dbe2e002d044,ae2cc0736ddd2a5d,50a811291b4bce19,16
US,2147687452,60,1522491e55d1f44a,24e581d6482c32f6,9e96f2c452669f86,0a7a1f0c7eff5b88,15
US,2147687512,32,40783128be616acb,d5e9cf82f4a9be17,83c3b1950ea9091e,6886d9622ce8a069,8
US,2147687544,184,9ae7ccc87c9673cc,262797ea16246ec1,6815ec24d6236bc7,c115378c05716033,46
US,2147687728,208,6abc1f4c77ffd748,42638951eddbbd3c,05961b57cbb98695,1b7c4c11df12b17d,52
US,2147687936,228,f6da9d45a8bce20e,b303464e3595edb8,d47c8669548855b7,4b11abe46a995905,57
US,2147688164,248,d1beb72993532040,1abd0e9cec795f4f,48c95611b8b3a1b6,91859dc9e0de70f7,62
US,2147688412,472,33819017cea708d8,08600804b1a93832,cbce95dafdbeedd5,eb4a920a25eeeb2d,118
US,2147688884,400,f80a050619d3096c,896ac6609ebbf8f3,0b791922967b0b98,715b5ad1d4cf8d87,100
US,2147689284,244,444edf2ae85292ea,02af57864d210d57,e228b89cc789fc4e,2cf44f9b26d0cf3f,61
US,2147689528,96,c6e3befa9f15aa23,124fb8e7bb512167,c0e11daef0e4d522,b902b0b95d5baea4,24
US,2147689624,252,b5d5dd6c2b398581,ea638d8380fba831,5484eb6e149d00e0,35da517e23992b08,63
US,2147689876,216,b48db25452d3b09d,a1393e38fa7e3cf6,9a2ea41aea69d9fa,4c1a9f08d1472055,54
US,2147690092,72,3d90e016a552a777,aeaf81c1e73a1d46,31ad922e5ecea5a2,0cd474099058bc47,18
US,2147690164,76,f0780e3a22091fb8,fb7dc55e0ad33e79,14c15f498dd7913b,36a0da1c8db0378f,19
US,2147690240,220,6dc1dd12604f6a88,3671f8ec58df4009,053ae7e0e53f0718,e11395699804e41d,55
US,2147690460,80,ea7871ce013fbe4c,25ff836f21244447,75eb0201191c0cf9,f8c82817499f5000,20
US,2147690540,804,a45e7f9fadbdc1ac,762a1c947cb0fe86,560233dd6f9e06e5,11c18163666a26cc,201
US,2147691344,212,a7de55c5ed96784e,9f86e341d50e9639,7183b19843192ad8,e293bd692a50fc3c,53
US,2147691556,268,dcd67c3e4505b436,7e4a2d991180c161,4679e1c132e90820,1b3cd2e6254ca2a4,67
US,2147691824,144,cdc30b9d61c0e7b8,50de08a68686d563,47a2dc8717854673,3628d3b5712a726d,36
US,2147691968,572,d3759273e3e4dc8e,b44609ffd8130727,7013414798e3acc1,f0e23c3d40dcccbc,143
US,2147692540,268,a5430eeb1809cbcb,b98b757686b2bd9e,66becd5f4f106056,d7313c0701fa492b,67
US,2147692808,528,1f650e40e2685567,35889cac694ba213,ac928f5899396d05,667884d15ac0841a,132
US,2147693336,348,93a45d329d9baa10,37d77f156a955a26,c50af7dea902e532,e289d5fbb0c8dcc2,87
US,2147693684,128,c6b88dc815794b44,94335407518ca37a,8a148230b12eee68,e8159f1c1b4adba8,32
US,2147693812,124,d9918287c8886a7f,0a53d3f9a5d7dea7,d986687985c5a9dc,9764fc4a4ee5a045,31
US,2147693936,108,dfc3636d4d2cec33,7d5845a5643ad19e,d00883911ccdf069,5646cccbb97b0af4,27
US,2147694044,52,dc92f9bf9f8c80b2,821d12507c2acb6e,cac0c3d35f6d76d3,8fef7ce8df6605c3,13
US,2147694096,4708,b2e64dc3f561ca8b,154c0e651606275e,564d70a5e2572012,87acc337c088bab9,1177
US,2147698804,116,42e091650512797e,0524e8c16d3d795d,b7cf82e04598067e,be541c12090ca34a,29
US,2147698920,32,d62ba661d78eeb22,138161bbc1f27316,0da49ffacb4ee413,7ff13febf643f4e5,8
US,2147698952,24,5fa53f621e433886,e38502ff32b5054a,b349e6c3ca337b69,a654bb05b033630f,6
US,2147698976,32,e57390b991ec4b75,d21006879e4cfb45,0da49ffacb4ee413,7ff13febf643f4e5,8
US,2147699008,32,edb37a6e4f32a55f,dda191efd7576fb9,0da49ffacb4ee413,7ff13febf643f4e5,8
US,2147699040,100,58c84b99e5c9f03b,db3f1a13aa24ec40,cd733a8a9c1fcb4b,e37e1f592d63bc41,25
US,2147699140,100,d1cd4e7e8d27a74c,ef049823be9d3795,b421b34e279ac969,8e31d6ad97a4ec8f,25
US,2147699240,288,b8c466353e2e29f3,002a89da5c6f1590,0befa3a64e63b79a,1df6137e63c70d81,72
US,2147699528,116,de2456441a0e48ac,c7d8bf821260c475,4758066ee03bcbbb,50e6d7c846009955,29
US,2147699644,408,5bb64d33faa50624,30af0a1f744ea7bc,7735cbc694ab57a2,2f6f0b0e505bdc08,102
US,2147700052,2352,229211410e3fdb0a,c8ce784f4a89c496,678a0ca1030959b9,c267d9cfbba13f80,588
US,2147702404,308,46df4598f5585859,dcb9d622813f2d09,584442dd265cba55,8737afa7309019c7,77
US,2147702712,1464,d85bae6a5fc08a80,2d978767a4655922,7fee6515ae87ea71,68679dde3ea0e7e8,366
US,2147704176,256,11026a9408f50720,00b3b4253e5d249f,9017e41e22f10311,d9336313ecc7d37f,64
US,2147704432,7044,40b0cf2487408a38,051f737d4d0fb743,ed3aa143ce552039,31cf6922a26cecd9,1761
US,2147711476,460,d07fbc6e047b455f,da57cab3fd001464,a3d6d6bfc3085a31,05b48f34df4a4330,115
US,2147711936,480,47c574d3c25ef2ef,bd0ed65d452d8f6e,e6725c2cae541816,fc730e8729050d68,120
US,2147712416,7260,059b860c0f7c1fd8,f756742444c3ba39,a2ce9fb09f076fb3,06119a1b8f817ca8,1815
US,2147719676,976,c7a15020f889a288,2fafde1e3832abc9,2d50ea5ef6b976e4,6303a532b8823e26,244
US,2147720652,204,ed306bb563434db4,044a4126ca180d46,d6f589c13081140b,63033dc125ed8bd7,51
US,2147720856,272,279474439feb0184,5ed04b8ccd6d0c1f,e6aa224f4cd7294e,ec95a550788611db,68
US,2147721128,780,0f09dde790c867c3,4ea1b63065297d90,b672d5eea53e2f4a,5dbd5bdcdf7d5435,195
US,2147721908,328,11672b261748f14c,d3c1977f15caa036,69d4cc44ddd19e9d,f560bc3693772fc3,82
US,2147722236,2796,6893f8e6c2f9da7b,3fff3516f14e696b,5d6c9ce68c6c092a,27acc769b7fde418,699
US,2147725032,156,f0b451c0ae99bdd6,9673cc222947fbd0,820baaee9b7d13aa,01ee111c041c2952,39
US,2147725188,132,e8150a6e42ff4ced,b7fec5b036545d8d,caaab51182e1a43f,d49f679778ba04cf,33
US,2147725320,232,8aa34b8e155c9e52,7a90f2ddc21af2fd,dba6e6dd4afd9e39,a9660f461aaa162d,58
US,2147725552,484,e0c4c171023cff3e,f555c7cef625e89e,6b3b2d3331a43f76,2a79b9f27d678f4a,121
US,2147726036,96,b02affa5ef13ba9f,6108ad90069a2031,800aad580d10642c,b1a7a05c901336c1,24
US,2147726132,264,bc340529054d1b72,7376fd60c9fbaf92,c8aac2caf3a87d51,92496ce9214adf2a,66
US,2147726396,660,d23be8ac4ef1a650,3fa77bed70dcc381,cf43558e78ee8c34,4f9304fe38309183,165
US,2147727056,612,0852939c26882702,82191c542bbaf3bc,143529f3974d4bb2,22f8c3cb30e797a3,153
US,2147727668,2208,1e96ffa61069be97,5ba4f891f3e94ddb,0542d3164bd26ad4,dd5d61baa0ab3173,552
US,2147729876,116,cf2b7d73e527dfb4,0202429e22a7b6b9,515e39873bdf6da6,01a612a72824249b,29
US,2147729992,200,a39386f4178187c0,6daf0f2f0ead609b,a10688c31b35875b,dd07f465dbd2d7f1,50
US,2147730192,268,964e552a095ab620,7bd995e713b4e7ba,52bae65648553009,9bf63aa7f225864f,67
US,2147730460,252,919587315c1e7e5b,135a6134451e3ef6,6a231a0840a72bba,a03ef2f0ec70ccf4,63
US,2147730712,116,5d7f4bd7a575f1ef,88c3baa2750edf82,6abe820453d6caec,24df575c3ec7c55a,29
US,2147730828,2544,01e8e8b5c4a23695,bf79d406871e8faa,59d74fb7622f284b,9d9dc64e7e851e6f,636
US,2147733372,68,6efbccb923f82ba5,6a8977912fc51379,f412898921e579dc,b75994585f698861,17
US,2147733440,168,31462fd439c24b72,5d2d50f846458768,ea021dade6fb95ed,d935e0c75fae95b6,42
US,2147733608,284,dd529a36ee7a3ff5,cf3c1ece98814aea,1e958e99037db044,0f0ca16e91ab8d4e,71
US,2147733892,60,98ce856e149b4a58,0e3a4b7e98e27544,cb7ed8910acb5b94,59d9dea217924f79,15
US,2147733952,84,8638b1701cec180e,a8d6272517be5457,3ffb81d5c5f6a823,8eff59de72dbcd89,21
US,2147734036,80,37f75643dd5a463e,2b641c5c511067bf,49be910e57712913,08fcdf2406a0c40d,20
US,2147734116,196,2ccc0b3fc8102976,661e6e37a0748b07,94461bf9df448547,8b8e4c8514a8566a,49
US,2147734312,80,9d9141f90722c88c,95743af5a3eff8fd,5dba0cbb89720933,128b59b28e4bc902,20
US,2147734392,232,f8db1e9490dd6776,5ec18e41e4fdacb5,bad77bc2ba36f949,91bd18a119b48784,58
US,2147734624,132,84e72dd8b8a30188,894ae7764730e87b,405c3d7a6b9bcec2,e7ebc9e0ce549520,33
US,2147734756,92,d44e0e848f90dad4,071476d760eed68f,e18322e9df0d4ba6,a1d309b8b32adbae,23
US,2147734848,68,e9bb6d81ea9615ea,e666f22f701b1178,339654eabfe1cc76,9b05f947ced2ed4f,17
US,2147734916,148,1f6ff570e87772a2,bed2e6050269199b,ee261025161bd3af,e4ef4bb489b4eadc,37
US,2147735064,208,8a3d6af810b34439,68df966e028bc883,4f0e86ac5dfbd2a1,b09430dcd656197b,52
US,2147735272,72,e88a667632a62a16,7c1a1255e6831bc2,1e936c1e5cdf8935,024e90632705b99f,18
US,2147735344,168,80f3ef834de4ed5b,0fb37c81e415080a,2884cb5ffd1ce31a,1e83116ca4a35c0b,42
US,2147735512,388,a1756117b5defdc2,dbd2e13059b1006b,71c129b64cd82624,dd977693738b7330,97
US,2147735900,144,1e779eb78a403024,618591e8c1017cbb,474ea3d5437d7c9c,c889f146cfb47172,36
US,2147736044,124,bdee97368d440a9e,00efbd8f3ea2f356,6384a8894b31fe1b,ef6f0133b20e52d3,31
US,2147736168,124,5e348987fa9f3f3f,ce32f60b70d9dcaa,6384a8894b31fe1b,ef6f0133b20e52d3,31
US,2147736292,112,1b8e4611f1768493,ed9efd9cc55065b7,a1a54058001a2c79,ed6bf6bc44721977,28
US,2147736404,68,7f1e492f00930d37,e9e76b2ca86b73c9,0662748ad3d8a864,7c8821f9207d1906,17
US,2147736472,96,13bc6cc050ac15ba,e79dafe014842bc2,6041ca556b2e9fec,61829d64120dd6a2,24
US,2147736568,56,f47d6836e0c304dc,098dc5c4e23f6932,09386f21d62a63c6,c1d847442d84a43e,14
US,2147736624,108,1af2a97bb13e9734,729e608123f98bb4,37028c2ebbd001a5,03758c60f315495d,27
US,2147736732,116,43fcbc2246b0b461,7708d45793015f14,d5d8187771e49007,1613b31ca9193bd1,29
US,2147736848,156,d3e3420513229f42,24c173b469ac7e27,e6becb15e4de3e1e,40a3e2fbcac08f18,39
US,2147737004,1164,97981dff58a1f195,05250707c376d92e,316ded03a2fb30b6,ce3da53a13b2117a,291
US,2147738168,100,ea18c6af6b3cc4eb,3447b33a3312c44b,63637bee234a546b,7869e775bbbce76e,25
US,2147738268,168,12c78bb179670413,625c936a2f861ccc,6d745ab5082921e5,33b0b0a2bed68532,42
US,2147738436,472,53aab2d97603fff6,c39d369b10eae7ba,7d967b05cddcc628,d4309a52621f756a,118
US,2147738908,128,6969705c69c38436,30f27bae8a392cc3,e051949cf854b602,2f7cf00a7bed5d6a,32
US,2147739036,100,90ce3713257482d8,1f6672a1723234b8,3cd4e07554f1376a,f2f568c4195f0f1c,25
US,2147739136,120,09e5f7a24c48be9b,74db7b06ad22066c,fc6325ec9909f481,ab2c99ba4960e9bf,30
US,2147739256,92,ce12a47a91c4da73,7370d9f14f3ce87a,70210c5da240410c,e17b1243fd02c83c,23
US,2147739348,108,de2784b028966380,651513246ca16475,e673dad4fc023697,c459209f1abfd10f,27
US,2147739456,204,77eb619c0fa281d4,5d2e414f19ba6f84,6d0acb92c8b032b8,d3f516ae10def360,51
US,2147739660,36,ff51dedfc9cbcbde,d3f93e4e8f72a430,8eb23ebc0870a309,4c17ef2f8f033c01,9
US,2147739696,44,2ae739b154a13fec,11c50431c63c6cc6,728ccdda50b2e193,307a9afb8f096b54,11
US,2147739740,24,cb0ef64cb1f057a8,6e7552da0db709fa,f18bfb804d62ef81,c78fcba74fb1ff7b,6
US,2147739764,116,4797fa767b70245d,87f4a7697c8923c2,442c64fa0d007970,d72ce13990a3484c,29
US,2147739880,80,3b3b2f464baf8c0c,8b0ecf7414478a45,8d82f18d56861eb3,900402c3c82a8e9a,20
US,2147739960,20,82145ebd3590b04b,98e5317701ca5782,89c266fb7a2c58f7,9ac31e035dd71977,5
US,2147739980,44,b36b242dee8aedf8,0f97e8546771df89,5c88e99fd353de46,d58f7b14c7c4fef2,11
US,2147740024,64,5184697e7e791263,00b102a20b08c352,b9e95629f05ac245,2bb2257ccee18bda,16
US,2147740088,24,1ec207d2c5cc9a7e,f5acc03da8800da8,ade1d28d7591e021,ffa543a235fc4e1c,6
US,2147740112,56,a0b8c04ef5f91d17,e5860494e204416a,112c9fd0c53bbfc6,9e0b6712556fe130,14
US,2147740168,32,dd71ca0605dfbeab,bada381586bfd140,ac1ec54117dc8728,31a385ce9b78984d,8
US,2147740200,68,c8d6d8dbf68aec47,aebb39ed082a7eb3,c2ee393afd1fe979,685f7e008452cf82,17
US,2147740268,64,4e04effb28d0b14f,84e2d319b75468e8,8229fa39b6c1ee35,4f4ed15dee3828be,16
US,2147740332,1028,ed14add95efea587,760fc8beb96abfd3,80430d51511ef434,d1962f84c4e89f32,257
US,2147741360,76,b99d7463759a93ac,f192840503b3071a,65291889e7f43977,e012817e9099db4c,19
US,2147741436,1336,31fdbba3eac907ef,e852c6481348e4cb,353a3de81232a381,2231a948943e937c,334
US,2147742772,88,c91499dcda67cf6a,97bfe03b5330d943,ea7b07da09d5b06b,017cb959ce5370c3,22
US,2147742860,56,921aa59701ea1077,1834d003f6b6f2a6,a6fe506946e434ea,89260cc5a67da16f,14
US,2147742916,204,e7547ec41dcb253e,12af3ef7ef6d9172,3cf7d0e94f275cfd,f7851b5f98e631b0,51
US,2147743120,3448,4485010d214221e4,081c3a6363364892,4663937b901ea837,1235e1ca153d1e01,862
US,2147746568,1352,dd09bed16970e216,bda1063eb272af43,e683c55be69b5d4d,81d968d13736c9e8,338
US,2147747920,104,aacec5b1676c3881,3f8a918579fea77a,e3884ce618b0f6ac,d587be862dbb6093,26
US,2147748024,3132,c35cdcc794b23dd2,b55025b9e788afa2,f5a10aa099237fad,80e61e814d45ba3d,783
US,2147751156,1936,46867fd921520f20,a89c0c5ecc497d27,34f8cfa6a6581e86,91f3575e94f2413e,484
US,2147753092,376,219b4c15bfdaba06,92909d7d31b85d53,e0f58ec1abb4dcf1,3192150c3041512a,94
US,2147753468,36,d9e0cbc86a8e2077,e49ebd312adbb21f,bc70a937a251316e,4d8b79748f49ebbf,9
US,2147753504,124,0142e5d049ad255e,1dbc75ddd5e23f04,4f18c5983db647bd,f2370cbcd3e346b8,31
US,2147753628,104,3304deb2e6f694ec,a9fe8b263f4e9a74,bddb337409e888d3,7fd83c52b5d0b6e0,26
US,2147753732,84,5219a1fb1fa35fe6,3e653843b15dcc9d,dec102d247acdcda,1d188d5cc51b39b1,21
US,2147753816,156,44d61c2099bbb138,54d6d96e1bb4e3cb,8ed9c5bc2f29654f,4c3b2ad6a0aee6f1,39
US,2147753972,104,10e7ea761b314b94,cc302bfa32fd5b95,1177707cd3d9a528,7d6573697b44b7e3,26
US,2147754076,560,95a26b25f3c30e6a,25b7482ac5d6a066,1fb40bddc7b8fc89,234f4bde25a49619,140
US,2147754636,188,a00f7db86b316249,486145ed61ef5a3e,3c040814504cdd69,9d91db0aa7bdf850,47
US,2147754824,76,51978801ebb58067,3f02c08d7df88c0e,db6a492608b01863,614cf5611df85fe6,19
US,2147754900,576,35de7de6b0ade986,4a17e11fb169111a,bb23181ba3d86ba7,28eb8957ecdde680,144
US,2147755476,292,c35d9fc3c12537a1,a62fc45d61549ca5,19e73fc09a90f81f,1c2b0b25ca961bf4,73
US,2147755768,536,bd6d35787ac67d54,a2499aa56d10d8a3,838f46ceb0e2cff6,437a131c31ffa3f5,134
US,2147756304,100,d2d197423baac271,8b194c3f21ff4e45,6990e8741a8f5bc8,a701e49a2547874e,25
US,2147756404,280,272aaf962bca03bb,9774fc1fe521a383,2ee5eee9aa14361d,10a9203682eb4aac,70
US,2147756684,376,2d1b3097e3455c34,fe1e2eeb5875a1d4,dd1c902de6cc970f,ba9cea5a3d6d45c8,94
US,2147757060,588,aebf27e820980179,9c27be2244bda62b,2a1256a653f34644,d1c8618873ec23f7,147
US,2147757648,672,5de43f1fcaabbcf0,aa5c452fca5715e3,6b50bacac7057453,5895da2d772608e7,168
US,2147758320,2104,2d3b0fff338a0982,9e71ddd5e0a8fda5,dbd74792747a46e9,156936503bc4fac2,526
US,2147760424,400,caee3211bdbcbf35,92c4f69bd790f6c9,4b628894433ee9b0,f50a526d74429fb9,100
US,2147760824,332,874d927fe5d9b7cd,7b537b14f0010e49,043d287f83c44b87,a6f9621a94429275,83
US,2147761156,12,2c60571ba5842df1,05253d64c3e82f28,9672723d74318bf6,a11fe8e1f4e88c62,3
US,2147761168,276,5e9278e487e3d264,e03e4642f5918261,bd4ed03a71ca52e9,f5e3994fa0fff189,69
US,2147761444,504,fbe5cf5527ab1591,96915412ea59b349,694fd21b827416cc,586e497e7eb5fd6d,126
US,2147761948,12,28e308c5ba499bb2,ec3a70d86a59e512,9ab6e4e7605e7e37,c908791602e0f844,3
US,2147761960,28,cbc5af33683ffaf3,6d14a481ad2d9657,0f176e9275eb12da,1fb0325cca21a90f,7
US,2147761988,72,084c7cf6ff2f8c46,bf4bba084daa6094,0f8f85b64745389e,3567ff272eb41fd6,18
US,2147762060,36,d51110987b149401,2713f14c297da442,a056e92d4e4e311d,6ea85a6aaed0c807,9
US,2147762096,124,49d0adb64b1f7092,58f33bd73ae34c87,1421189124d1d4d4,5463bc7a1144afb1,31
US,2147762220,44,3bd0f0f3b49416a6,9a1b35be53721e96,806fa548d19dedca,65414760863b5d53,11
US,2147762264,48,a94dd81bfc67e2b3,ab0f6b0b43a98276,092c097716433f55,0fd77efae47b7704,12
US,2147762312,12,e60fda798cdc7202,dd076a72fe168009,ab02e6405dd67494,2779508efb522f1c,3
US,2147762324,12,9600a50de1fa3afa,aeac73c040124a3c,20c7fbcdbec83a4d,04ecb3961d8569ba,3
US,2147762336,496,67b6b9937a52a846,8b61a37990be2ec1,2ead9104e317b55b,da3fcde0c326bedc,124
US,2147762832,16,087d8d4d4c7ec630,7846e52b71a74dd7,814dc0b79919e6d2,52fc71fb9d8552a9,4
US,2147762848,584,a0126dd99308b881,f2646f45d60abe74,ebdf408bebba4c55,4f4eb78057ca9a7f,146
US,2147763432,2576,37bfd54d9881d643,c33338581641dc5c,c2144d5d82d32c75,8783f7a69f185f78,644
US,2147766008,152,91142f03657463d9,9cd6345b363e7672,ad9a2069c88d2c0b,c1fe7561ef8dab6c,38
US,2147766160,104,9357f04c98ca5077,70d06fc97d884bed,03a39f59472272e7,1eabe203aca34ce8,26
US,2147766264,316,764c9143b68d27df,9515a8801b8a8b34,0458708466d374dc,50123780b4eee365,79
US,2147766580,288,a5ba4820161e0187,d84c5dd3b55ed38e,c605afbb9ec110ac,e7f3940ad58a5380,72
US,2147766868,404,43765cf9e2c3aab7,8695a0037219a0af,ae55debea45c22dc,40d11dc1007fbd3e,101
US,2147767272,332,141896b3a481baab,90190410816e7ce1,2f12380acd641393,35d68c927f844543,83
US,2147767604,284,dcfde2bf6d7e20ce,30bf099ad5f03144,0884dfaa141c3143,dab6ba323383a055,71
US,2147767888,60,8b595220d3a2f8c0,09c9dd667372f31d,b8896236bd87b44f,e1c0ac97a596365d,15
US,2147767948,292,f62ed3bfab820cb0,eeca143bfd308f1f,63bab266bbbe0abd,72825c1edc3292af,73
US,2147768240,572,dddfde2b4dc8ab03,e192004779727310,1bafb87df690a81f,963c8994e71d0866,143
US,2147768812,304,eabcb24a9aa8c111,89e09c0c92550c91,1706eac75e5ab212,83ad101afb734784,76
US,2147769116,308,837dcd5dc72adf9b,456927896adba9c6,dc2d57b319de55ce,a79f5c2bdea6fbe0,77
US,2147769424,352,4aa03566fe1dc8d6,de3c4e14c62eedc8,c5208b38c91b1e31,a53bd530e43362c2,88
US,2147769776,1620,0e40a039d3796c70,c2157397aa2e74db,330a98ef6ff40519,36e66ff345307177,405
US,2147771396,84,7e910d3bf37c57b4,225d3732440e3419,fcee4c8b5fa3cddd,bfaa73dd629d867d,21
US,2147771480,220,abd7e84483e71681,8577d83863a88c6b,d94182e2bafbe093,2aa468be34af9c83,55
US,2147771700,728,16ea05b62b9cb522,44630348c3a97beb,4a9ed037e8f37595,f0a88b90926b872f,182
US,2147772428,388,1e60789b3f388a33,1c27a625f764fbd3,560a71fcfdcd57b0,ddf460f083c81bd1,97
US,2147772816,56,2f85153bb2f80fe3,d1b6b9cfaa47540a,d3676a61eeea434b,d600f1240a57af01,14
US,2147772872,172,1a4b4378fea07c94,49fc388eeb7f4c94,a2867cba75172e98,c74e29f39c22499e,43
US,2147773044,28,dda9c91e4fd48a8b,df7351f0b222d926,e5210c314ae79d83,bdd332c1857e9299,7
US,2147773072,140,c4300ee03664057d,043a9fbdceeac904,2c202241a03ea460,957996915377a730,35
US,2147773212,68,bd01ff665924dcba,47ef2d98c1996d4a,6bf49727433193d4,378c3d2a77929355,17
US,2147773280,96,a77095a6e9ff50aa,e9be8b4aacb015f7,3ceb4d5db24c1a3f,488617435d146268,24
US,2147773376,112,499065a73d1546fe,0cfabf0e034f1806,6b867b6d9460fa4c,4cdfd58c652e75e3,28
US,2147773488,1028,c3a01344236bc9f7,d553d3ed2c57eb72,3abbae15437fa904,6255f6e5fb88b86e,257
US,2147774516,356,5d23b36cdbb97ff9,f1a3d5d5e91790ba,572ac01022d94422,2fe79e014104be12,89
US,2147774872,20,aeec55ade56b845c,75cf51587fde20cb,619c8adb94159594,fed0546c2b88c43d,5
US,2147774892,24,aeb0e205e8f0c35c,fa9ea7c3fd454dad,ec60d7aba0174b59,8af37b6a6ced9c2d,6
US,2147774916,36,82c2ebd3f7daaf74,f2a885e42d5281f7,98dfbf2583f75687,889e6c14e4b0bbfb,9
US,2147774952,60,9683642125f6a6ba,a53782eba46a54ee,e8e3e6f88352d7e9,1665e10e995bf7fb,15
US,2147775012,12,c8c245b48da2e457,5d52c5b6f748d975,6e98f72abdb9318b,fd62fb94d603cca8,3
US,2147775024,160,242160523042bb23,92efb6cdb6515c34,b77239ecb9cf9869,a39cfe3acf3dfed3,40
US,2147775184,1928,dc3fa9b111761e24,e80e8ed8ad50c4a5,2f2cd5a400c8b8fb,5e523187a0a8375f,482
US,2147777112,780,289b454e5f36180f,53cb4332ece4633b,0c4205a5ed18aae2,14a749fe85dc2548,195
US,2147777892,444,62911be19f58d4c8,cf0c149a431f9335,8ab9cfcec7855d71,acd998710b307b90,111
US,2147778336,152,0171cd9d6bda6f15,887c91374af0e5ed,834e717d7c9f2a5b,157dbcb440480b72,38
US,2147778488,32,1bb6a18ce513d56d,be7465e53669d023,a50c60513d1a9b65,8f05a69132121f4c,8
US,2147778520,32,690116ddb8be68e6,7069e6b4dd059569,a50c60513d1a9b65,8f05a69132121f4c,8
US,2147778552,1492,38684c5d7836fef3,3f28bb1ab063edd6,0c2e0b75f2247914,3e05ce5c677f8647,373
US,2147780044,788,df27c30c07ef9881,6a3ca45798d14bd0,8cfa14249953465d,188ad378b9e09f2a,197
US,2147780832,336,b62759cc5f093965,035540d86413c88f,36fe17ecd5d76f0e,82505bd936969019,84
US,2147781168,880,4e868cbe02e2c1ec,19d6a629fb5d9d44,ac74857116729b3e,576945baebd631f6,220
US,2147782048,68,2655e3f9561cdc09,38a3a2f92bee4716,e1a7bc42d2d2af95,f407605ddedd7eca,17
US,2147782116,72,e771230d8a728446,314654a8a9cc31d1,98115bcac744fc5c,416235ad924fee94,18
US,2147782188,176,127d53fead89222d,190cec1656c6cb68,d2d81fb9fa77fa5c,e58023f3ca1cc936,44
US,2147782364,48,7a4ae41cb5cf2066,361b3e9574f41897,e3ac2200e30850fd,9de91602d467fe16,12
US,2147782412,6908,0ca9e54d09a1e26c,d5e275a85a641870,7fe71a37b221a6a4,1e4c9bd6444d9de6,1727
US,2147789320,88,168c1969c1091817,a667a9b7e9472651,d63bf3b3ccbf9b8b,a8bc5d14a54876bb,22
US,2147789408,2236,6b9abf6fe45829a6,6ae213392297b854,18e8365626390b6c,efed2e0628843a01,559
US,2147791644,84,d98bdc31f43240d3,ecf9c32c30929101,d794e4896f79bacc,e5fa987e77498874,21
US,2147791728,52,e5e3aeabc181eb4e,fe58c6c1124d3648,e88847c4757456ad,f92b82577174e244,13
US,2147791780,120,71681b640c365c74,f155f60c64daf367,c2ea9edeb7df4d0b,13dd888cdc5a83ac,30
US,2147791900,84,6817fc8b6a0b7a4f,2fb1b58f54b2ae35,ec36a5fde3617850,16d8b0f310728c04,21
US,2147791984,1188,39ef7e0a3f39f36b,02552f0e73f20794,1238e2210420c735,6af7eafb2aa4f9a0,297
US,2147793172,56,8f3f92215d12cd0d,2c881f444a6c3ca7,ee3447a658d96d72,88f3f1762b757716,14
US,2147793228,128,c43d606b1c565ff7,b93e3ca738659a12,18818e53d483d7de,6ac24ac98b514342,32
US,2147793356,128,5505c1a7de328e38,fe11475add8732cb,4c4fcb497e2252d1,c1d14b03240aee28,32
US,2147793484,412,a67ed13a7dd51fe3,4665475a54df8a32,712732134c632787,99aa27dae1253b6b,103
US,2147793896,412,7390564b31c25e81,2309a80a645c154a,712732134c632787,99aa27dae1253b6b,103
US,2147794308,412,78a9440e9a384bde,c2f5164052fe8e7b,712732134c632787,99aa27dae1253b6b,103
US,2147794720,532,8dce2243d23cbc1c,03db7eb08763cdbb,7a1806de11147811,7f1f0a0637b70ba3,133
US,2147795252,532,4ca73899376cad4e,1fe5ebe7a7893553,7a1806de11147811,7f1f0a0637b70ba3,133
US,2147795784,532,3819b055dd5a3b35,0a7bb92fa25a4835,7a1806de11147811,7f1f0a0637b70ba3,133
US,2147796316,1356,e36a4068e6b68dd8,e8d591bc2b18d051,bc31911c61cc6e70,3f83be96c1863957,339
US,2147797672,32,1bb6a18ce513d56d,be7465e53669d023,a50c60513d1a9b65,8f05a69132121f4c,8
US,2147797704,32,690116ddb8be68e6,7069e6b4dd059569,a50c60513d1a9b65,8f05a69132121f4c,8
US,2147797736,988,1c909b49ad5fc958,c4f84498f74e7863,b7d7f5734427446c,65d13c9a7457597b,247
US,2147798724,1872,9d0db300d16d3f2e,3302aa0a77341b10,4d50eae39b43c654,58ee28b34d0e3559,468
US,2147800596,672,664208566bd1a7ca,d82ee34aafa5d22d,169abb1ed0581d2d,a74e14f74faead0a,168
US,2147801268,760,05dd9dfa9224916f,edcd5efd935b631c,5301111f23dab70a,27e807332820bee8,190
US,2147802028,152,9ffd84144f612510,d9109b547640a34d,8fa3fb8730e5269b,15765778baae6480,38
US,2147802180,280,74e92d96d771eed2,a85158c192f4b30a,4d4e54cf5e7cfa3c,670c3e708934882b,70
US,2147802460,396,3d0722042efc40ef,de9e8e4f9d1b9a6d,a9c4073864ede8d8,fa0b6351211c42dd,99
US,2147802856,276,34a948f815b371bd,11b5e07e685a0863,50677c42d181866e,d454cbc89e29cbd6,69
US,2147803132,228,67b994ce61b225fa,cdaa09c26f80a41e,847e486adb50db45,c81ebab2b66794d1,57
US,2147803360,668,3b890a9316771487,e34a5da0eba2ba69,a201e6497f847fe2,f74a5ddaf734cc7f,167
US,2147804028,740,3219d85da8e396fa,022f71c6b1aa1b0d,87e1064f9117bd4a,f38a1852ceb055b9,185
US,2147804768,632,514f8d62070266a1,aca7d63b2a5bfba6,c80c030bf73c0651,cad733eb5f415d1f,158
US,2147805400,464,a263115cdc6e24b5,c08d7b5508fb597d,1d73a1442d6f9e2f,766eb6a956841cb3,116
US,2147805864,368,1d0022515d655f60,fa64ad81350f9947,4c6a3988721e328a,529331a3677620aa,92
US,2147806232,188,51f559485905266f,b749ca65686de3e5,15d76d44a3b8b51f,fd57236e4644eead,47
US,2147806420,216,5e17cb7f967fcbe5,ab7ecba3b94e9e91,212ada79d8006709,6532eefd93d65afb,54
US,2147806636,2792,ee29607c7f7ec996,deac7a24238633a5,56b0d55dfb797c00,e4d46e1d5b19b06b,698
US,2147809428,324,4fef4c05136e4067,866fe97fac1cff4b,92c8ead04718f5eb,3904df7497d1afe8,81
US,2147809752,860,444a9fa4eebb5b83,4f5ecbc97da23358,b2a458359af25175,e65b42cb4de23fb5,215
US,2147810612,1832,8560876913e99a37,5a49f9ff878bfe9e,523d1acff8bf308d,f364471e8329d0a5,458
US,2147812444,204,164f392a7b4899f5,aa5610fb9afc282b,3b7bc77d3357fdc5,76e946fe5fffc0fc,51
US,2147812648,300,2862c8b854fd3021,6c63b0479280a4c5,53818b855707ee52,2f397685981e64f6,75
US,2147812948,396,cf244549b060df34,800ba214652817e9,7b1582d6b4edde9e,497e8d743cd22d0d,99
US,2147813344,792,00e060f3a6af6e8e,fad9814a0e5d70bd,c73c2702eadbf9ee,9501e34b84a83bc9,198
US,2147814136,296,029fe9c0eb5161e6,9e748d88450f8fb4,02db1653d4429190,83c6334dd534519b,74
US,2147814432,588,9c80bd7584872afd,b3595d605e0d6c0c,0e7460fdf52a7a42,8b4416958b3e1e25,147
US,2147815020,172,7100ba6095f739c5,c6b3db833bc4d904,aeb272d8ccd8a5ea,b45162459e209c91,43
US,2147815192,172,a7989d0f9935ea0f,ca29c926e29dff69,ff6c93c342f2e5bb,570d17e8834b0158,43
US,2147815364,172,d9d9fc85e0a24996,b787f483992a0896,ff6c93c342f2e5bb,570d17e8834b0158,43
US,2147815536,172,8e13e16aad0de95b,11a459fe4d453a14,ff6c93c342f2e5bb,570d17e8834b0158,43
US,2147815708,164,98ed476ec0921660,9794c0c2875a64f8,183d95e1b1dd18f1,8e8e50c120fc5930,41
US,2147815872,1260,5aeecfb48fa5fa14,6ca0822489da1596,77c0947c3d05aeee,ece3e8b25d342427,315
US,2147817132,1464,72cff326420c265a,52d9dc79c53e211b,1d27ed0e96749116,ab023808dd573940,366
US,2147818596,448,c4e07ddb57378135,d518fd697a892c9f,f0db5b46241609d1,ffb8815e8162b3a5,112
US,2147819044,1068,79971266f2400089,500753d5363e8772,c3c1604b878eecb9,bcaaabc0156e5cec,267
US,2147820112,628,9fcd27b3801d1ee1,fb12ca3bc241596f,64bb93c23a3d0b0d,ce07b5b22b7f6c3c,157
US,2147820740,2772,51a4eaa9011d198b,9fdc7c4195517da0,0972dc4ae04e7478,b1dbf76ee5621831,693
US,2147823512,4864,120302d888f5f13c,f151eb21bdb30a89,83dbdbe41f6f34a1,eb7a60940613e6b7,1216
US,2147828376,196,c282f80b0dd55764,5e225f6a70729b9f,86f1c725fe6739c7,e86cb9b994451753,49
US,2147828572,768,7974e2f1623c0aad,fc796820ce213d0c,92a87a4aedb094d7,f914996730ad9ab4,192
US,2147829340,940,ef9a48fb92bdbbd5,42526cb47e3a4c73,5b1d4ddbbeb08f71,5cd5a09f0a9cdca1,235
US,2147830280,112,553715712ba75d94,de4bbb0eb80118f7,271b01d7a41a51b4,38b6f84784d6b53d,28
US,2147830392,388,5190af46e0ec3be9,6ce5e93beb15a004,cf29f315b7041e45,73b25835fb3bdab2,97
US,2147830780,1272,606e7d534e69f1e2,e50047c05acbf9c1,06f2906c2006505e,406ac0f24a0f2be7,318
US,2147832052,432,8bca0a64b880e400,a6280c5179b18430,3141c6619f9ac724,1c9676e861ec8ddc,108
US,2147832484,1160,6ebfde4584671032,1f20bf4a10eb1049,d5f17276f29d7a7a,17eec17ed3490270,290
US,2147833644,276,f83374e7d32d0c96,001a5dbe1d697aea,e78743a2ba21b7fb,4861b1886946c0d6,69
US,2147833920,2108,f9637762cc5190fb,7bb2d9d49e03a617,83b15f0563391145,17dad0f0440fa346,527
US,2147836028,420,f107570d845f79e6,5ae5a1ecc5fd1a2c,e3f4ee2b2fd06391,9dc59b04bc068b11,105
US,2147836448,220,5427fae1f232062b,5b206d833e772ce5,797672becb5e1c09,f42253ed257f21e0,55
US,2147836668,4052,1ce2e5ea2137431d,6af41b87d653b016,16a80ed60a40c284,0305b7867bc10ed5,1013
US,2147840720,332,33d8d24bc4be39e5,c76814d684b59253,098e8df659cb89df,b1ad94fc320aa779,83
US,2147841052,1128,fdf7274dc11e65ff,389619b9a5ca02c1,84b2702b10852779,1626d762762616c7,282
US,2147842180,960,abe68c5b0d8e068f,373ea5f51ed63a4b,11a4c267f6bf721f,49803d5e54ac8496,240
US,2147843140,36,c2b6ed06c62337f3,dfa8daefd4f361f3,b02e00ca18d3b4df,4309934f3f9996cb,9
US,2147843176,36,1034d1acc84bdb3e,ef6bf092605697d3,41cc2e1ae2cdf82c,4309934f3f9996cb,9
US,2147843212,3084,c4c43976e0c3b94f,74b053bbfafe1bc7,8f97832da7c7b8d2,df991bc2ae548f24,771
US,2147846296,176,7ef5d18b7a261c4f,1aa84e1064296011,f95ed5a32097543f,5a293e74c2019114,44
US,2147846472,280,2a2a97fe0fc456ce,d2b475919bdbb94b,8c6fbd94dc31c41c,b1f4219fb18998c5,70
US,2147846752,324,3f8e3d6bef39db76,9cd6b62aa8d229f2,fabd67f2f412b98f,1ff27e28c72a5501,81
US,2147847076,168,ab04fd6befed1755,457f88ec56de4dc1,8636d7864849a772,42cf9305ae00a9d2,42
US,2147847244,224,fd68137bdb9a6bcc,e764b470bfdcfe72,61f74af7155c860c,ae98db8f6f10b0b4,56
US,2147847468,404,5125241f27a4bf8f,847c4c1837411557,60c6326008933ba7,78028a6a3c6c1d9c,101
US,2147847872,148,c981cb8259744211,bbcbe26d0f8f468f,8b2213b76b3495d0,30bd9c0b286184e7,37
US,2147848020,72,9c9d9e87c296a188,53b1c20449aa89c9,53b1c20449aa89c9,283d0fb35962687d,18
US,2147848092,112,0d54f7bcfa54a48a,61abd5061611345b,8a048ce0d58a7d00,774705827729b84e,28
US,2147848204,100,317b6d3d75862aac,8d4a5e9c9f0e3639,cf0c5221e7ec4c08,610d8378ee90aaee,25
US,2147848304,144,d6b87aaabd435c2e,fc5af6bd53840326,7c8545d28f9a4a92,77fd87aaf9b621fa,36
US,2147848448,580,b7c7b313e1a112aa,53df684bd7064912,12d577ec5b84caad,f470d1f6922ad653,145
US,2147849028,532,3e462a80594e8d5f,3e0fc5f74bc2b44e,e7f4d1f3301a79a4,b16c2ec44d2c849d,133
US,2147849560,552,a58d05d9fa89dd83,a82efb7047f616eb,4468524f1e5a5447,45f5bf746f92fa97,138
US,2147850112,664,bc29f52d95d285f3,3bea01da98a3e7e2,c3e9d138c69a3cb9,fdfe4a7bd7fdabd9,166
US,2147850776,4364,dab896284220af16,1f918683feb06c06,522d57ae6b02c7ff,aba79e9ee2ef7b23,1091
US,2147855140,216,f1b25bd3e766e8d0,e2141d12ed9c3495,63addc5d46eca3ff,06724cea760a605b,54
US,2147855356,1224,159e004f9f10f228,cc1b3cf9335e0227,d0912525eb7cb426,0af8353ef1293dbc,306
US,2147856580,48,723f388cf8ffec91,ba7fb989c0148040,4460a87443b7e647,d321108fe592c359,12
US,2147856628,132,d57a359b4c38e962,f316104b7a592689,2c582f23dcd8fff2,22a871f9597142b7,33
US,2147856760,920,b94b814941b46aaa,c7b5525d70ffec78,9ad55e034f7555a5,32ecfb5c4b537ad1,230
US,2147857680,424,a4501592eeeebee2,e726518a7150f87a,ac0524ed7530fe75,22eb97effd461fe1,106
US,2147858104,104,08837bf280724b39,e95f2859dac13342,573afe5ae4aa0a51,04aac3b214b42433,26
US,2147858208,2560,cf5e388e736a88e1,452c08837bf52dd3,21d9dacfbd77e9d5,92d6f4ea07aafb00,640
US,2147860768,344,9ba81434dbdb0911,1c97692e94f96c24,b82bd9003fe8eecb,cb08d10b47bafc11,86
US,2147861112,220,9a1ab6b8191f3110,61559b418ead9161,91310e01092f4631,3542660903e3ce67,55
US,2147861332,1744,0f2e59d634466454,7bc4087f171737c1,833615fa5e9c66fb,635d9ee5fb3d513d,436
US,2147863076,760,6057e54ec10f16c6,d67ae3d6b2cd0d44,8629b1b1ffa61b08,fa9755bf5df6e78b,190
US,2147863836,584,c96c505426d1676f,1c5c5836ae3cde54,fceb27a9c98183ba,b25a30102fe12513,146
US,2147864420,364,7c3184ab99cd7a86,65dd4d6ea0a8855b,91d7cada2611e8f3,0df80c424b4c3aa1,91
US,2147864784,328,f40174e1b2d76907,97a738348ff8ce40,b626c2ad12e1196f,8c032de3ead9cab7,82
US,2147865112,492,eb56945d355cbd2e,fd8e3f77f063931c,80ec2c7aa8bf3831,6c3058586802cd13,123
US,2147865604,3328,b10b1664b987bebd,6355430c0e7bb89b,e595bade4dd78dbe,4d32647d4bf185ae,832
US,2147868932,272,ad9bb60fa2659de2,3f6781482ad31f81,15ec536db859b3a2,99c1e4d56789676a,68
US,2147869204,3104,55a5de2ccb70d844,8731d6c3fc25ed38,2e7d15a065ab9d12,6d3bf825a21e0dce,776
US,2147872308,2664,81988ea2c1f952a7,960f8f11f0c2ca1c,ef305e1d19384d54,cf7942c49bf1da6e,666
US,2147874972,688,c3b1635a99599188,ca94091c51660f89,d7283e3f0131cc4d,99eff2c4aa8f7948,172
US,2147875660,2316,503739822831868e,bb30f3c9628836eb,0498b88b3c0c8c93,93b248678f519fda,579
US,2147877976,48,e3fb24ae5d758dd8,487c22a7f4e8a082,55ae49f30a428ea8,970630bcdd93021e,12
US,2147878024,280,476f82aec9f3f5f7,cb13f07e4881b11a,1f24c938f1ca264f,a41cdaada337fced,70
US,2147878304,144,0ef75f19e1665487,6264206fbf576d20,b29026331df91e73,c9c3bd6f41ce4a57,36
US,2147878448,2268,0bb3ffe5523fc188,d256bbe4efea1f92,c3c6e59958937bc2,38efb1245f906f3e,567
US,2147880716,1404,675d79da7ffff837,6e5d73f5ed052a76,1244d1866f2b50e8,14d3411c9a5827e9,351
US,2147882120,436,2cf7e7641401943f,4419e303eba8e70b,46850b9dc175d0a8,cd92207542a4392b,109
US,2147882556,116,34c0fc2a6dfbe8b2,2a119ae941d43002,2c5e890c273215b3,7cadf5899e7bef27,29
US,2147882672,284,8648c491419223c5,b07b59a732042c30,c131eca63e77df17,7fc416164e3f87ea,71
US,2147882956,80,1fef90fc5db345d9,7407bafdf731cf92,487098a7901ecc2a,d939c65b5a6e6cdc,20
US,2147883036,4952,fe1865962f9c4b8e,1f3cca9d1b780593,f5cbde01546a2c9d,ac04bfc04a352ff9,1238
US,2147887988,800,8b510185b33a1903,9c532d83a20beb3a,cd612e88008ed18e,58427fd041a0a932,200
US,2147888788,1952,fb004fcf53c3758a,f6bb24a11cd0e3c2,b26ba6dda802c01e,a60092bd2df2b0e2,488
US,2147890740,768,065bdb9c14f1c0dc,3f8b5e7886c001b7,1d7e59ba1f1e5ff9,75ffb63127ee7b64,192
US,2147891508,672,19eee23407857db6,d753d445abf77110,3a11a8106a7643a3,ea97d7933c15f250,168
US,2147892180,748,3998ce2bee442f76,7acb7120e5c73c3b,d14f2ff47d5f1897,c704e211c1ff0822,187
US,2147892928,916,9e8c47e3b4d2af75,2a2fbd2680c14578,8351a2205bcbc7e4,daf92eef70e209cc,229
US,2147893844,636,0d04dbc4cf273085,b57155f7c25caac7,550b9886f3737838,5bd47b82a4185a0a,159
US,2147894480,152,7f37b401f6adb8ce,c04d0ba01d49153c,17bcc80e53d20050,0c2e178c79ab0706,38
US,2147894632,1660,399dd96bd3a4cecf,434fad52432d0787,93b629dd69ea0fd6,58370d04d9bbcc43,415
US,2147896292,84,1f14097c74107d9e,2029befe92597441,8d65fdace306f563,a260eb8c2fc6a84b,21
US,2147896376,860,1077d7fadfd40f91,ae8cb878a49e28b2,f1587d715b892a8a,a69a37a732eab94b,215
US,2147897236,820,70915f54564508f6,d645214b4b0213d3,64ba19f6f40040fe,3e708e2ef242dcf6,205
US,2147898056,324,81c8f9005c32f1cb,fa17bce07081831a,6c086f871c2ba739,b56c29e560f39186,81
US,2147898380,4824,706281aceb999ced,9613a17747831137,30e86f95e92b1fb4,297156f884e0aee8,1206
US,2147903204,152,070bf93f5376df93,068339d6c2b003f7,f304675794a45e63,3316f2fed7f97f86,38
US,2147903356,1332,9e7050c1f05aac0b,630e114d0e0d9cac,c8c36b80207cb7d9,3cd0e2fca1dcaadb,333
US,2147904688,1280,706d15b14875aaf8,1ea81401b775a53b,05588cf3752d67cd,b5a1cb577fc9e75b,320
US,2147905968,1568,3eef0637eb6a2f55,b17445d9fafb173b,976c896bf7ccf282,7ab639f6221cc2cd,392
US,2147907536,1916,cb3217809786e356,94bd2c8521a23a26,fd4f445287716e7b,dfc73bad83075a58,479
US,2147909452,1192,d8c287176e2a0999,374fc86a2d2129f8,1ccbc957faf04213,3bd52d85f350ef60,298
US,2147910644,444,130a5b5c02b2a5b6,807f44dbae0ea042,b68d43e475d8db34,4424928c4d0a3bdd,111
US,2147911088,148,1f41b1081cb7478c,88750db877c4ed54,41bdef8ee591f9e8,cd7bd690d5bbe767,37
US,2147911236,3136,4f3db09f3440ab74,f5a2ab7e3d8a06df,4fb982443e65a518,c8f6f019f2e4645e,784
US,2147914372,2348,79772474dae6d8bf,7a53c32140165dcd,d00c3bb9c1f44c7c,32e62b485693e7bf,587
US,2147916720,276,d1226bff07e687d9,b7b7d2d7a6a0e887,5778c88ee53e4bc2,e8be25a60ea66c66,69
US,2147916996,428,a7b5a83758643990,54e68646da320025,4f8b5a5430af4542,075cdeaa274d6b92,107
US,2147917424,156,4838c6b18324ce1d,99d71fe6b1b86161,ec7d90750629f698,77166852c2b4c700,39
US,2147917580,136,abc55689743a1860,7d72240c4f1fd4c6,d44df2e544f0c938,9c65887f04a72885,34
US,2147917716,104,9e1bcb7cb052a384,4513c9c1d5fd54f1,dedb69f6445ea22e,871890ac9ec245d9,26
US,2147917820,1224,e420487b8e30f9a6,375aefb0efa2d163,48254de3bc96e5aa,91ece6b019a43d31,306
US,2147919044,1508,1dd4c4893ab427a9,216e225a108aff8e,520f32d3ed7e90f3,885f6917be9a9a2b,377
US,2147920552,972,a734f990e1b55c02,440d80b2620cdbf3,3d944b4c4bf08fd5,3eafc72fd4cbdec8,243
US,2147921524,1620,9dd7a10a7e0910c9,354bdc452e5cd364,4bd91883a99b1392,7a4db66b73420aae,405
US,2147923144,448,5a37d63ab0715fdf,27afc7557221d18b,6aeb054677b9ba99,2e863bcf3b3534c4,112
US,2147923592,100,15c3b9bd11cc425b,2202f502e909f84f,d081583618b7020f,e602b286d735e024,25
US,2147923692,104,bb5411a1daae7bde,11b7f33f409db83b,7e2c03c1b61be37a,03d1e2ee87795241,26
US,2147923796,104,5b5b0fa40197128d,150892dbf7f7a7fb,1be1af8c05c8e8ad,03d1e2ee87795241,26
US,2147923900,56,4f29e3ec7db8eb1e,3255657eca7d240f,f1a7ebc656409538,1c9f9ed0ef4ff4bc,14
US,2147923956,56,9c36321d7d9d6499,37bc1550bc291326,5bf64e7764500f74,1c9f9ed0ef4ff4bc,14
US,2147924012,2680,4957bd2d6e78fcd3,50eb0acce29d328c,3849ecd9485f92ec,cd1096a3fafa7448,670
US,2147926692,212,86bbb631af24b646,6553b02b4dd7628d,431a176e5b81f1ee,233df586ae5a9503,53
US,2147926904,56,759a84c17bc8d53c,4a20c64345cc3fcb,256e68aee2bfe55e,61b6518a6ef78215,14
US,2147926960,128,49a50222cd43e60e,9e50d524e9bafe02,bb592579b389e175,03c71eacda2eab24,32
US,2147927088,108,35bf7788fef0f9cc,f87c8cc7de01e9dd,18e7eaa07f359a6d,30a40a1e7f5faa62,27
US,2147927196,164,e3a2cf48b617440d,d6760a61373637a1,21fc916e20bb9065,ffd199a2306f70d3,41
US,2147927360,24,a919b835ad5c8cf3,01dcd30ef2cf95d6,3883c97776fe8367,9c29b5e4a6843957,6
US,2147927384,168,60c0086926e2d3ec,cf21676fe9aa22cf,172a93a963180a82,72e63870bd2c9a3b,42
US,2147927552,24,942ee49765ff3477,f7706ba385e2ffb2,3883c97776fe8367,9c29b5e4a6843957,6
US,2147927576,108,a798c293f72e31eb,612b385a6fc204a3,7bea47a3d15894df,3c270fa7df436e9b,27
US,2147927684,108,ab1478e7a316bf01,c7ba8ea5b8d3183e,ca66726d9aa8130b,0289d34e7b160d86,27
US,2147927792,2468,97d24bb571b3e067,ece14282d836007a,bf28b72c383a4908,e604bf00fb7e3080,617
US,2147930260,452,36e1815cef5f7198,0e5d1e3e2beeaf16,3be5a5bd356cdea6,38a2864ec44ddc86,113
US,2147930712,100,15c3b9bd11cc425b,2202f502e909f84f,d081583618b7020f,e602b286d735e024,25
US,2147930812,104,d0734c4c156ce0b3,ba3980d292774e2e,7594cd6a6e0bbcb4,b65f2104fe93c607,26
US,2147930916,104,a589cc5d973f6575,13b19d57e36e99d2,4dd16ead24c34889,b65f2104fe93c607,26
US,2147931020,60,89725b354ef6a5d9,b595324d0b1ccc17,d8d67f3936896cc1,28c250e5e86ad0df,15
US,2147931080,220,28d1bebcc0701bb5,ec8ea5454d4df1be,eca0b356958879ee,1f1fcbd8f67b9aef,55
US,2147931300,760,2be933321e16db13,a1414e62836c8c6c,e1a8d66973a229c2,5d0701840bf82994,190
US,2147932060,200,926ff632cc0455f9,f737898b889c41c5,fbf76eeaae5557ea,642778ee01002027,50
US,2147932260,228,89e83f496681d884,0b94375b35b86183,7852fc7a43747a33,11b70d885413a924,57
US,2147932488,264,0fc49afaa835a774,ad77b25ca23e835d,a8718bea1fb66f01,3311d985247a8281,66
US,2147932752,300,e237f64b9b5114e1,5cf1e7da8a65bdb1,d4cf331aeccaee4f,ce282503a19a7988,75
US,2147933052,180,1b8529b449be4d15,cc27c4d4b9171cb4,246650dd54af5ffc,abfb4d2555157385,45
US,2147933232,1596,8cedb87a1b53f16a,82441ff3f7c5a3ea,1ae1e1b365cb8122,b39868d09201ea12,399
US,2147934828,796,0a98e9020a0935c8,6e461d9b789b2922,fe9e736e52f58842,50da7154536cf4f5,199
US,2147935624,2472,3d586c0f559a46ae,e5cb83287f2c37c2,97112e5d2b187cfa,c4e01216495db1d4,618
US,2147938096,104,e852ed5562386c59,9403e6b587989f1f,4283b88b536f3388,871890ac9ec245d9,26
US,2147938200,108,355300d15f2045ff,0f3ab4f0dd62bc10,a545f6f83e83fde3,3c270fa7df436e9b,27
US,2147938308,2468,157474fd3f49d301,9038e808fcfb7e1f,4f9c42ee9bd47859,0d35f39518ff2934,617
US,2147940776,1120,f614fa1eef1e8db3,7516301734493d5d,b2e161f6d7a972df,e3765d164ace1bad,280
US,2147941896,104,254742e256949c16,6e90a85678d2f0de,ce1ae4bbd278f6c6,871890ac9ec245d9,26
US,2147942000,1044,d2e742faabca30c3,7fac082e884567b4,f77c60b75b849263,1a22f281fb8afe50,261
US,2147943044,80,a72e1ad8513288fa,1a79b058cda75d07,6a379e55d0ebcb96,af3b9b2720468e71,20
US,2147943124,52,297cd04b7b554069,53745484e693eadb,f43097042598ccc4,5d5263338bb4d96e,13
US,2147943176,128,5577fc56819684fe,43bd322209d19439,927a02073d4e19d3,f0436cd02bdd19b9,32
US,2147943304,920,a7d51e2f2a342b8e,74159584974ff11f,749c797ca0979cfa,73993f978b967e1a,230
US,2147944224,300,2823574eaa1627f0,70bc43122a5a6f11,adc408053f29d2aa,993a854f7246f8c8,75
US,2147944524,260,0e0d60fb55b531ef,79f1288dcb8580a1,3ce5aff8ae1e93ac,9ea480c322a8be07,65
US,2147944784,3028,c2e980a32198ed4d,399586e1f6baaf30,9a0838c436114d07,38da37b38fb9625f,757
US,2147947812,108,26f7aea9080ac94e,78c55e04023e627c,588361b24c518580,c5ea3268985637a3,27
US,2147947920,88,e62b5b5c8fc28fbb,1764007d9e4f909d,8d7d8eae97f0944c,cd15a7f8f398ed25,22
US,2147948008,172,b835d5070cdefc57,f9dd31d5b19c3768,4d8dccbd8a91c020,c602f6e051488e23,43
US,2147948180,88,f2e2569273d99257,06f877ca48af9757,e0348c947a309069,65a9b7201e9a6252,22
US,2147948268,32,9e7db6ce87357e60,ccde7fa244de4eba,8bb6245ed7b47ab4,b15c132beb61c2fb,8
US,2147948300,48,657a787cecd363ac,70c0559167567aa7,a9396bba83e03bb1,c63aaff1faa5978f,12
US,2147948348,384,4d9ba2b5265930ad,1c5a14480bd2f404,eda203e29423bfa9,49ce0e7583953069,96
US,2147948732,16,8a9d42c41a38f6b7,c645d71776db254c,687e6013f04e1d01,3d5d565cea31ce07,4
US,2147948748,16,ca94826c224f0f2d,97f207a8eb236a01,687e6013f04e1d01,3d5d565cea31ce07,4
US,2147948764,32,f0f42229f4fdc049,d5409efa53f218ac,13c5c2266679bc27,593f439177e33524,8
US,2147948796,48,d99a7e9947cbf3ae,c96923170af6c2a8,ae14ebbe21c6a91f,29aaa7f29fb8459c,12
US,2147948844,16,59421ce8fc0b4adb,2f725fb3ca7e689a,687e6013f04e1d01,3d5d565cea31ce07,4
US,2147948860,48,4acfa5b682220eaa,c85d2c4ac59e2f57,cbc1406170f85365,e19033e598682233,12
US,2147948908,16,41d3f24412ea9b42,2834b9ed6d31ee19,aaed269a89b500df,7d4c079e7857743f,4
US,2147948924,16,ee8861b94e807ca8,d5904afbcf8826a5,aaed269a89b500df,7d4c079e7857743f,4
US,2147948940,16,ebfcf86f12615cd2,cf507493c67a0054,aaed269a89b500df,7d4c079e7857743f,4
US,2147948956,12,cce1d3e878cab58a,927e4890d27bfa2c,7024bdd6715f6626,a11fe8e1f4e88c62,3
US,2147948968,32,1e9711588095bb12,bb4433eaecdc1da1,2e956fac9a20fcca,a508d2d04d081137,8
US,2147949000,20,fb3a61b0c9085a6c,fff1a100f624354c,e56f04a0856e289e,55d118fd66c2056b,5
US,2147949020,32,4b6845d8f6eebeec,bb4433eaecdc1da1,2e956fac9a20fcca,a508d2d04d081137,8
US,2147949052,20,c3f13220ba8d02d6,7b45c7d13d1b0281,e56f04a0856e289e,55d118fd66c2056b,5
US,2147949072,20,79c868297e2271f3,8ae35881c3b1dbd4,e56f04a0856e289e,55d118fd66c2056b,5
US,2147949092,316,9cfdd6ce28e5e7ee,52da351fff286bde,e4086549a3c84f48,344a5952cec1f4eb,79
US,2147949408,308,255433c973528d1c,8f965988bb1980cc,8565f1818ec508f0,ededa6cf46c76041,77
US,2147949716,332,19b8edee940b401d,153818f439c607f2,466e13f40b1c794f,9a418db939e63cf2,83
US,2147950048,32,60eb89180398a164,fdd785630bc4cdeb,e61dcf88130efced,643a7e0524a844e8,8
US,2147950080,32,4678fa7d1682e4a9,fdd785630bc4cdeb,e61dcf88130efced,643a7e0524a844e8,8
US,2147950112,36,da392c7fb9d4bb39,4bc2dad0bda256de,50399373912d16e1,b3189a1b955f8b43,9
US,2147950148,32,23e0ec4622996a29,bb4433eaecdc1da1,2e956fac9a20fcca,a508d2d04d081137,8
US,2147950180,260,85b033a173a9fca3,d23f636590198613,e1a4736c17fb82ae,21157aa89a7c675c,65
US,2147950440,128,9bdfaaaecff67597,ea8ca97cacf82918,6cfdb0e06412f9a1,f5935ced95146ab1,32
US,2147950568,144,748587d34fece2bc,17520fb4024af7e3,fb2edf25efd19fed,68dc1b441b573c0f,36
US,2147950712,192,8c3cea8b146c2029,57bdf9f4197a1634,33fb26764342bc5d,e452d46951c27969,48
US,2147950904,320,f94367f6f002bdf1,46b00cce7ce54e1d,1111a3ebc3efc369,049c5b7e151ea8ff,80
US,2147951224,64,7a365e1f0ddfcf84,bc4587278f2c339b,fe80b8db66bbf669,bdd67a8d33a2ea2c,16
US,2147951288,728,b21f8326dcb3b570,a7029b877310a596,a5b80808bb84d615,0c0f48bac34fbbb8,182
US,2147952016,32,8245f8cf582aaaee,77a0cc4c59fed449,c36db4b644f24254,55eefe1298475cb2,8
US,2147952048,708,5748d6b6966d5626,b1eace6ab448294f,f0d194157e0b2906,2b04464971d2f813,177
US,2147952756,164,acec1e0a17f3eb86,9ae55c9efbbda211,2959955cca85c0f4,114bbf8ea3b62e2d,41
US,2147952920,668,a62686281bd617c4,0edb9519debf185d,8cee36e8f5a7481c,f6b0e8c4d1f93a58,167
US,2147953588,116,06bc2a494b8d083f,019a96f3bbf1dbfe,b8ca0a13011f4246,843175b41d04873a,29
US,2147953704,48,aaf668a3a83978ee,16d406935e3f43e6,5eee7ee3fecd99b4,f84b07e3a26ee460,12
US,2147953752,64,230f7fc7574574eb,80d5335c3d8b9a6c,de438341cc67815e,72bec329b2ae13e2,16
US,2147953816,32,2304bbe006ba2268,01a7c693c9fe25dd,7210499e526dac71,b73813d1ee25257d,8
US,2147953848,112,03e7ada1c883a15b,77a739f04847077c,82014d6e22a3b4ae,09b6fe3ab128ad52,28
US,2147953960,372,fb0591397eb3c239,30a07760e1d6e106,a965caefb35756be,cb05bf8f64a7eae5,93
US,2147954332,92,f44c63dfa42c89cb,4948a08f0f6b7009,bba5a39b16363604,439560364c6a632a,23
US,2147954424,96,acafba1f46fba41c,0478ff6b1f1a18fb,eb6860dde4ed9d27,98a0abdb02c3dad4,24
US,2147954520,152,06610546a411f551,642d2d2f1ef411b8,6e8a6e33cfd29910,a3e6602166ac3d55,38
US,2147954672,104,6763e51b80d42670,0cc03a615985552b,52d7f53fec3b939c,2195e92225e3d9f0,26
US,2147954776,284,3be6ebbee38051e4,c74e7362d9cb6e2b,788bd32f77b6ab41,22830f965728acf9,71
US,2147955060,96,412dfff546ec61ee,74780bc19115a2ca,000fb3495aeb2060,2f502c6ef03e5a48,24
US,2147955156,96,c6d5d02af8d9e955,608f5ba9e90b271a,000fb3495aeb2060,2f502c6ef03e5a48,24
US,2147955252,184,ae4e228e83ae92dd,5d705765d299d135,f5b2e5ca525592d4,2401c398c8fe276c,46
US,2147955436,172,5d5500729962254a,7671f28852fd9bf7,9f959bd314d8f5e0,e9080454722e4667,43
US,2147955608,112,7f22ef1bbf3c944f,2e92dfee58dde289,ef951cba2c2b2348,bff2e445b3bdc211,28
US,2147955720,192,c257693784b36aee,057e2a1cf2a41717,9936ea4713d74894,6ba32b9cce42dbaa,48
US,2147955912,1272,a5cf84c4bb88a9d3,4d8611303eddf178,25d2246af5da1c23,db8050bf708dad8a,318
US,2147957184,504,b4d8a7e3abe2eaad,4b39f9a5c4c5a8dc,40ff3669e145cf83,7e2cbd3d3e8d1142,126
US,2147957688,624,c05d9288f58e9dc4,607bcbcaade0054d,7139b233d719f604,c439806d21deb02e,156
US,2147958312,32,3bf65c5c5a992bb7,928620fe7caa051e,0a9d20f0d7db9343,f647d20e89a49fe1,8
US,2147958344,152,3b507a695b4bf6e6,a7f1302376545339,d3710231d489299f,8e9a6e9a9a6e5834,38
US,2147958496,152,859d1b7a9de51f40,a7f1302376545339,d3710231d489299f,8e9a6e9a9a6e5834,38
US,2147958648,28,2221e220a3ba810f,d20b2dd800a4d1a7,c82397a74d1eed80,7b259eb0eded6b4d,7
US,2147958676,2268,adfe90f96628ffd7,ccac81d6e409d590,33232a59c5426f28,33192d71737d918d,567
US,2147960944,72,f5287537965e5e31,448d7efbb5336824,795a69e5654b68cc,5238466394449477,18
US,2147961016,84,a47deee4518f865d,a8a608a082ebd16e,3c40d2e48fe8dfb0,0286000ef800d8ee,21
US,2147961100,688,f0881438dfa2a9ae,24519da37075b360,93e6e9288e6ee26d,c51de4e41e51d8f9,172
US,2147961788,608,1994a33c510c0fd7,1eb9f1e955822b79,1be85670904362d2,08f2d2ed64fc4520,152
US,2147962396,652,1d8e0dd9e012bbe6,76098d34af94a54b,18f94a71fe32110a,31b362ecb41a7196,163
US,2147963048,52,786ccb9e44f8ab53,83180371358f00d1,2de5003a43c8dcf9,b4ae6d256f0ecc27,13
US,2147963100,324,3b5328b62e3c3fb7,3f6be3ecd592a32f,7c1819876c8786ba,474def7d9a861ec5,81
US,2147963424,200,55650343c726766a,2a74c774653a79ef,d7d733709c7a0477,3e86009a5a4d0cac,50
US,2147963624,40,24c07dc4f3029492,e955e1ef113753a9,7d9663d777721db3,22da6705df84b318,10
US,2147963664,64,2e75b289c528d95d,3000808f20326418,f2ab0e2cc3c7be57,cef40c03a6a9d91a,16
US,2147963728,376,ae2a92cebca4289e,f2ed40ccd7a95c31,c5f1ddb2abf08acf,dba30cb408bb6d4b,94
US,2147964104,152,b9549a73fe15267c,e99aeac2ca13f621,1e58ea0589f40376,bb7979b6f4dad3f2,38
US,2147964256,48,a32114cfcbce9489,36247dcb8dfba997,ae14ebbe21c6a91f,29aaa7f29fb8459c,12
US,2147964304,208,aedacfe54bb69b85,317149473c48acc4,83340939923a7cb1,b593c7cfac326fdc,52
US,2147964512,352,1d8bb669bb0f8ac0,519d32eda72c046b,2461e18b025fde32,87432231d40894a7,88
US,2147964864,204,123d2c0a72f02adc,b69e0932c2f62d57,acbea3fbf2b16794,70bf0cf6078693a8,51
US,2147965068,68,01b7d306ceb27baa,e7eafea880254294,04119c6d1fe87f32,aa45e11e2a146109,17
US,2147965136,368,b98cc8018e7bc46f,0d8646dfd5b59396,fd70e6bce3413ddd,fc1d4ba39593a225,92
US,2147965504,352,49b3e96fadf8fe19,fe4c5e7c910126d2,e115cc859a967154,808bb3f274cb7720,88
US,2147965856,64,53f45f57a4494c39,45aad377c1f6e285,bce99522fd812b00,a945ed1a39876f7d,16
US,2147965920,224,b18a129460283001,718651c91d351b08,d7a56489a7534d6a,cab25ca63f17fcd1,56
US,2147966144,16,ca5fb4547993b92b,b0579ce4aa5f8cea,687e6013f04e1d01,3d5d565cea31ce07,4
US,2147966160,1248,43d686a6e49ef593,460876dc0f5db807,ac901c594e9cefab,63d03fb9db15a2b3,312
US,2147967408,48,0bcefc34e508c6e3,5b392c6159e73df1,0d782565b0bcc7e1,ea5b098c6fa99954,12
US,2147967456,208,b6a923409474b8c9,af5a976f6cc552ed,e0cd5fda347646df,af73ca8ce0ca0d40,52
US,2147967664,96,38ea8fa453274d7b,2f70bc6817a95446,f918f75e0ab31fdb,2091d42a247a2021,24
US,2147967760,96,9757fa84e13c20a8,343dc012c121f9fd,e9df8863957eed1a,2e8353d821172439,24
US,2147967856,176,45eaf4984e97fffe,498fbb7e5e7fb958,499b7010e31f2b88,92e71c595d76c1c4,44
US,2147968032,320,439b76a299dc05ab,7744d4a2617b227c,6d535738fb706abf,764417db9625f2d8,80
US,2147968352,112,21104930ad154b0a,17cef374964d4769,36bba664c08a9387,0bb120223f64ae7d,28
US,2147968464,64,ede80ec4b6c352ed,5c7ce4d659eb54a6,8eea89b29b4bfb13,ba687a1993cac95f,16
US,2147968528,448,e54a517de1f4fcce,43065febf9f0afd0,522e70d722711e6f,916eddaf4a6bc99c,112
US,2147968976,16,331b7beccc4dbfa4,43e322cac8f7e8b4,f2e31fb6411235c0,b520fef9aec88764,4
US,2147968992,32,735664f5fa296100,fee0722c17b19fa1,8a9b41d00ad3586c,6fd58fbb115a316f,8
US,2147969024,64,025aabf760a48655,d5b6e881adf1c1e6,8eea89b29b4bfb13,ba687a1993cac95f,16
US,2147969088,48,9626bb213dd50a20,c0fb3b0151c4abf4,f1e796cde4785123,c6bb598fe8285faf,12
US,2147969136,32,3625222ff2c92175,ca149a625ddcc16b,8a591dd02760f853,9e5530347912a37c,8
US,2147969168,128,66954c090bb39b17,73a763e7196fc1fb,79609f3c2bc41ec7,4ca5411e22f5b74f,32
US,2147969296,128,471ccc20b347ba42,791b601f20507d1e,e92aa62bf4dcb240,1d82484b83d59560,32
US,2147969424,16,dd0d973bed013ab0,0f994ec4e2d71d6a,f2e31fb6411235c0,b520fef9aec88764,4
US,2147969440,904,cbc7257f38251206,185b0d91238a6e18,8d7015c278a57007,5204d6809984f069,226
US,2147970344,488,e7b22b03f4dcfd75,84934736dcd3cd75,a399268a34c511ec,8ad60280d4076745,122
US,2147970832,412,a6b77b063f43644a,0e4516cf68dd4550,bb698bb8eaba1309,c154125580ab871a,103
US,2147971244,260,5692b849718888a5,8945172e8bb25002,6fd6625e9e5a21d6,de784da750b53716,65
US,2147971504,20,8d01c52c8322da8d,cfd0084b89fe50da,e56f04a0856e289e,55d118fd66c2056b,5
US,2147971524,48,969848930eecc2a8,b13997b71d8cfe73,12d73a8be8dd9053,fbfb9133bfdecfc4,12
US,2147971572,48,7e8af04f89b38514,e0290f8b0b09f9f6,12d73a8be8dd9053,fbfb9133bfdecfc4,12
US,2147971620,48,2284efb2c92e6994,4c7108baf6d424e2,12d73a8be8dd9053,fbfb9133bfdecfc4,12
US,2147971668,52,69e4fe5a1a0fd7a2,7093eb6c2a1c65ac,cd898b6f78114813,28a2931c3361e0cc,13
US,2147971720,48,eefff4595ad48fa3,36ce9e4b74c1e04e,12d73a8be8dd9053,fbfb9133bfdecfc4,12
US,2147971768,16,d27a9423523395d9,384c1e29cbfde913,e8a59109cf3c1174,a59443abc9ece6a4,4
US,2147971784,240,6a61ad5cab20970e,4269cda000d5a027,24e2c8ae33583640,c00e26cb658e6783,60
US,2147972024,1072,308afe1d94b9f266,399f1de57af92409,7ed8cc9c084ac9b7,e5e58189c5e1b865,268
US,2147973096,36,c76ccc88d794b1f0,d6cd12536b1c95a7,f09478aa74d23a1b,3dce2f64cc898bfc,9
US,2147973132,16,48387a9ef6f6c1a2,e3f5d8a26c5ad910,687e6013f04e1d01,3d5d565cea31ce07,4
US,2147973148,16,36a92d85ad667d32,0e12c2fd9bbf6273,3c02a4871e1bfbaa,d5ecf85252943600,4
US,2147973164,40,948b04a3b9265033,47b35e814d04adc5,d3cc18cf79131825,87f1223df8baa26d,10
US,2147973204,136,07ff4756e202b361,cbb194d29be8e17a,7aab8f6f83bf26ed,258872de8efad4c0,34
US,2147973340,96,cd3cfaa71af16d11,7b6921c31aa5efde,343d04f98f4e84b3,ec1ced3e2829dfb7,24
US,2147973436,168,fc5480c57253a3fe,e46cf8591b7578a4,52a820fc1206962a,c945b9dc21d2e108,42
US,2147973604,112,c9b5726eefa6ac61,cf16faee77f90a59,0d091d4d08c75638,88bbde6fb7813a4f,28
US,2147973716,244,43df7cc07342a421,6e79f44d4e553557,b518daf354aefaa7,2409189f3d42f8da,61
US,2147973960,156,ab21bb3c630b9fd2,80879c2778ff9435,38331250a915f9ec,681fbbfe04957585,39
US,2147974116,56,e1b8701c2d2fcec8,87ea96b6850a1246,baaa2b2361a000f8,6784eeda3afac103,14
US,2147974172,48,1210db9fd21d095d,587c47ffe579bdaa,a5ba90d0aa4b9fa1,0ccd8114993abf8b,12
US,2147974220,52,e67e32caa4251229,6332b93468a3347c,6329984039008c15,0331d96ff2c54f7f,13
US,2147974272,56,fb117d7f173261e4,d0f28a510c744957,bc125378d197be3e,b00ae79c8d24e16e,14
US,2147974328,16,3c813cf8d2ec4c93,acebdba4f3530b8e,687e6013f04e1d01,3d5d565cea31ce07,4
US,2147974344,16,6018dbff88516603,c04b0cca62600bb8,687e6013f04e1d01,3d5d565cea31ce07,4
US,2147974360,20,7ff32823862b6a41,a46c66210f3d25a1,e56f04a0856e289e,55d118fd66c2056b,5
US,2147974380,36,c96094da4c587e99,c36af22f6e32ca4b,f84791b32908de7a,e116d98e0272736f,9
US,2147974416,24,0a843d5f60b05a20,dee787b14601d0b6,3d7a76a0658a4674,bd196831d7732933,6
US,2147974440,16,517ab44e40c881af,12bdec8459cc8317,687e6013f04e1d01,3d5d565cea31ce07,4
US,2147974456,192,d2c5277499b44ac7,2561940efc0adcae,c5db773a5bc816ca,ebddddd93a780ce6,48
US,2147974648,64,186d37f0e2273472,4add2aad6c400f4b,8b8490d82440e13d,da9aa3bfdebd320b,16
US,2147974712,112,7f250f1742a8df2e,576d7da3794c2523,a215b92ca0a9a446,d318f5b35fd21edf,28
US,2147974824,16,c0a7aa7aa8996a70,b22281105e3b4f89,687e6013f04e1d01,3d5d565cea31ce07,4
US,2147974840,16,0e55c32f25f0dec5,47b43d91dbe7a828,687e6013f04e1d01,3d5d565cea31ce07,4
US,2147974856,16,98d55ccf41a9c5a8,a2070a3e83b2bfb4,687e6013f04e1d01,3d5d565cea31ce07,4
US,2147974872,16,b17dca812e419f6e,236b0477056dd3d5,687e6013f04e1d01,3d5d565cea31ce07,4
US,2147974888,108,9a77a7aef462c840,3c8a15b1e3f28577,6b1a9a84ab0f6427,25e8d14961293f24,27
US,2147974996,56,f43c619a9ecdf0b6,29303be29e873a2f,1c640af15a6b60ea,6679143011b97027,14
US,2147975052,44,ed9111d3772ce2e6,58d9b7aed8405e53,ecedf2cde64402b3,59354435983d1400,11
US,2147975096,16,8e83567f56f30e28,0f229b4fbe255a14,687e6013f04e1d01,3d5d565cea31ce07,4
US,2147975112,16,4e43117513bdfe1f,818e920d1a52eddf,687e6013f04e1d01,3d5d565cea31ce07,4
US,2147975128,16,9500fba998062cfa,9727ec1e93d5e9c9,687e6013f04e1d01,3d5d565cea31ce07,4
US,2147975144,16,bdb3a69d8aea6b72,44ed138ccfd9d67e,687e6013f04e1d01,3d5d565cea31ce07,4
US,2147975160,64,4ce28df39f0bd886,55b4baf3e419f7e2,ad64f3878854f454,66f868d4bf86600e,16
US,2147975224,16,9f520be536c8d4c0,c4ab80ae9426c1f7,687e6013f04e1d01,3d5d565cea31ce07,4
US,2147975240,16,6f8d18db1bc603ab,0a44bc71b2b622c5,687e6013f04e1d01,3d5d565cea31ce07,4
US,2147975256,16,ac27ff55f4754930,f41c2b29c0efa850,687e6013f04e1d01,3d5d565cea31ce07,4
US,2147975272,16,07e3e0ecc5a0c6f1,bfcded0813279413,687e6013f04e1d01,3d5d565cea31ce07,4
US,2147975288,16,31313ad7718d5b53,e19338035b1148af,687e6013f04e1d01,3d5d565cea31ce07,4
US,2147975304,672,e4b1e79b29b36c1d,c35e7d3627484992,9a272e4941d7606a,8edb89845ebe07a6,168
US,2147975976,16,0ad0715ceb7b1bcf,dbd8f9ad09447e14,687e6013f04e1d01,3d5d565cea31ce07,4
US,2147975992,16,eb6153bd89f6db70,85110b5aacb44753,687e6013f04e1d01,3d5d565cea31ce07,4
US,2147976008,2192,f7a225075c23e606,c9d9a7489776e3c6,39115626be7e9e06,4c1ec17cd9cbf9a5,548
US,2147978200,16,44156478bcc619ca,3a0c82e599c02ee5,687e6013f04e1d01,3d5d565cea31ce07,4
US,2147978216,332,260eebde756d62a4,827936e14ec321a8,d39cb0571064f2eb,6211295a8dfb816f,83
US,2147978548,2332,5ca6a1d3a50aac8e,bbe8aca9bba10c68,7be2f4aea733d517,41192961e35dc1a0,583
US,2147980880,44,fd489bda789b035f,9bf9557df1a4d1a2,2252f6194d8c6842,e055c3c9350e5c92,11
US,2147980924,424,4dcd1eeffa9d782d,1097caca8928257b,4387fc8d69563cf3,f066c42fc09b530d,106
US,2147981348,352,1fd1381352adedd4,daf688a29d7846e1,ad0d45b4a72cbad5,b51b9045144def35,88
US,2147981700,240,6fd62a22074dc502,5edb9887df9ab0e8,2fe424713a807c85,f6bb8c2b6329a8cf,60
US,2147981940,144,bfb154bb53bc93c1,0fb694f86efe4ca4,bc254f903bb57b4a,99c3b42c6884df99,36
US,2147982084,140,c2b0ad915bab7c59,9f994f6511adac89,731713c40804bb75,9e889b2ddd39d792,35
US,2147982224,148,4de3b8079bd52714,95848ecaf1f53747,743839403ec15e6b,92aeff1fa37ba9d4,37
US,2147982372,172,b50314dce8743999,79186b9d19604619,074ee7bc250ce5e6,ea44fc557df90c0e,43
US,2147982544,1348,cb71ea521983b69e,c14910a39200016c,cf8c16b6c73ebfe2,d32a25701b7a52fb,337
US,2147983892,272,26d0d252d531f81c,9cf062439b431125,02a515c4efe59c39,86d4acd501eabcc6,68
US,2147984164,624,a35e27665f29f5d3,3477cfed34e851a6,6be272c972d391c2,a8b67c46959eba51,156
US,2147984788,232,c582c5ee2c0ef35e,e81e3e1ed2b633d5,0d742c88de67935f,2bc985365d536375,58
US,2147985020,120,617905d8962fe71c,14480840f7b6e781,fbdebd17c481189a,b1814aea5c15dbaf,30
US,2147985140,640,0ed7c51e5a7e56a3,1cbfe4117689f3a5,261e6280dc355988,c87eea45fc4991c9,160
US,2147985780,636,4ec22d66c812f1f8,3224ac7b8a8e071a,556b16433bb34df5,95d7276b96928a80,159
US,2147986416,168,861e164cba1d3281,86ac84fafe61b8d5,4dc98c8eec07e092,1e641d3f69ba23ce,42
US,2147986584,640,52b0ae8f05d6ec81,60cd56d2bb64c00d,93ad296f022bdfba,657cc67ca09d0075,160
US,2147987224,132,5e72b831119f38c8,c4971d1645776e97,f2ae9ab2ab7d7676,4208995289441cbe,33
US,2147987356,68,313502d356b6e064,0e33a120ef81c3cb,2c276665ceb88df8,2438ffe6ad45511e,17
US,2147987424,252,a0cd4040957f0bca,8f47736458c6defa,6a5a3c4d133b1b0c,455ea0d0076f6882,63
US,2147987676,40,82d1acc54913296f,2715847170150c28,c90014368570e8b0,fd7ae695122acbfe,10
US,2147987716,40,53896a679e67e0fc,482747605123f7e7,c90014368570e8b0,fd7ae695122acbfe,10
US,2147987756,104,80ac11a2b8a51657,bac5b0fb3aebfdfd,ad9949d8621e9280,47f5ca48f45db1b5,26
US,2147987860,1372,5573978c0354905e,2e30c4386a6c2873,b05717e603911f66,078a6ae9522b6e4c,343
US,2147989232,640,42fa34d57e09013d,393de02ff4f243c2,6f150e4548622850,ec625baac2fe3bab,160
US,2147989872,712,36f0f502810e86d0,b2cfa90759cfd705,8d18321e8124f160,6777fa8e55f52597,178
US,2147990584,1036,9659b36de672ac8c,6d550a117ddaa5f1,871d9438bbed8e20,415d8a0cad88a3cd,259
US,2147991620,212,698067d1332aec14,30b87bfc090c0f94,2f8ac44867ab1ec3,dcc547bcb002583b,53
US,2147991832,240,a8963a624a4f38af,9e06b5e42563bda4,6285312287c70400,57ca8f9a4f07f058,60
US,2147992072,480,16c6d70e4d04889d,80fc72b9106b962d,8758c5ebe25d2f2e,2c60811d67cd0c3c,120
US,2147992552,360,99c628055c043c88,dd415249f4ab633f,a32d40bc2a664444,7fee66f64fcdef43,90
US,2147992912,256,cd4c6abb8e4b2a15,c76da78bb0f9fa35,792d888cdddf2f7b,f20ddcd841b1025a,64
US,2147993168,464,b452c17ac91cf4fb,1638b6734f4ac81f,26b4ba77edde19c7,87cbfbd0ee3346f8,116
US,2147993632,16,e02e176b63eb43b5,ab10ac62ad928a4b,687e6013f04e1d01,3d5d565cea31ce07,4
US,2147993648,16,e4314cb3262b46b2,68f80cfa493fa358,687e6013f04e1d01,3d5d565cea31ce07,4
US,2147993664,48,7fc0543fb20fa508,ce02a5d6542a977c,b59fb732d85625c8,417ffdd41109a72d,12
US,2147993712,16,ccd7feffe2bb9f45,b5d2a00789dd7606,687e6013f04e1d01,3d5d565cea31ce07,4
US,2147993728,240,e2ad01e45d272b40,2857bbf507a7a833,3ddab11f1bfc780b,e98dfe7dbae22c9a,60
US,2147993968,56,1583498ccbda14b5,af42476038d84ecc,fe69681113d42be0,10f695f679fdf08a,14
US,2147994024,24,147802d92908a4f2,fbc510ed235324eb,3d7a76a0658a4674,bd196831d7732933,6
US,2147994048,16,15022e8b6874807c,b9ca9afc5dd08a99,687e6013f04e1d01,3d5d565cea31ce07,4
US,2147994064,520,461b63b654a5a2fa,3af0f8bb4fc34242,c70bc8486cc9fa02,fcd6884dcaa022a4,130
US,2147994584,820,db816de7149928e5,db039f7466318502,6b2729f2608e801c,ed548ad4befe110a,205
US,2147995404,240,5ded69a14deca01a,e815452e66d2574b,4112035a506c403c,a3c4ff54b104e5a9,60
US,2147995644,548,997ac645c5243b0d,53f470e7df44e297,a80b84afeebb5616,7cf70fd8bec17756,137
US,2147996192,636,a8c98b44a5cd549b,3b9a470414c91c73,d895c71ccd1abb4b,938af59b81663665,159
US,2147996828,144,e41e2faead2e3f76,812f695fc7ee7ad4,6ff2c13b70b65ab3,3f1f67b2c32ca7b9,36
US,2147996972,40,079737ec2327fb87,e4d966252fec86af,645ae8ebe75d5e07,c1f35f95f98d835d,10
US,2147997012,16,6aa80300b51d9fb9,c1502f23c5b33613,f86b544f44e0739d,77d9eff6751e9147,4
US,2147997028,132,4d38d857c70da050,6416ad9f16ec3c0c,1b47166f340ca794,aa4410832a737fbf,33
US,2147997160,624,7e28a0bb145500db,ff86b76a64c93cfe,2579e4bf6a319031,be92affcdbdce65a,156
US,2147997784,56,13bcb86dcb987e54,b00c05792db34507,31f6040b6d7b3d49,a57c168390099f48,14
US,2147997840,1396,bc464b7dad5f6b52,eba7ca1c64dce39f,0f9fa57638bbb94f,9c3a6c48347f7d68,349
US,2147999236,32,2c2c3e98e7b9700e,8934fdabeb208436,11acaf3df1a58065,9503d13d78b2a19c,8
US,2147999268,20,a944c066ddc5d6bd,c271c6dca62e0072,3f1a80ce1d551d59,27740978ff2d2a6d,5
US,2147999288,32,6bd242dcc2795d02,7a5f247818e649f3,11acaf3df1a58065,9503d13d78b2a19c,8
US,2147999320,32,5494e3e4a02fda5e,41ce10c022700f2a,11acaf3df1a58065,9503d13d78b2a19c,8
US,2147999352,32,0e7ba0ff119d45cc,13ba8cc920809c5e,11acaf3df1a58065,9503d13d78b2a19c,8
US,2147999384,20,c1d4103af67946e1,aa1964b7f980e86d,3f1a80ce1d551d59,27740978ff2d2a6d,5
US,2147999404,32,3f5d6368559ad2d8,2235e906fa4fd1a9,908e557b5a92918b,2176e8f3f1de6124,8
US,2147999436,2164,1f956c51cfdb9a63,6e2e5c517738387d,0a05327b8dfe2d1e,28f7d550f3e648a5,541
US,2148001600,1764,dc9fcd224de35e8a,e787716b665954c0,154ce83cc9d05b67,d471769a1914cfcf,441
US,2148003364,1624,7c4101d5e5d2b789,d926c043cff3440f,c41ef9a8e59f4b23,398d8379515b75b0,406
US,2148004988,1028,e6d4b0166fcaaf7a,781740e84880ec29,fd90e1080bea087f,b1280472e0603e63,257
US,2148006016,16,44e7a584229f9996,37df219da9d48623,687e6013f04e1d01,3d5d565cea31ce07,4
US,2148006032,16,3f6fecb03c85a322,aa2d2620c0a0e1e5,687e6013f04e1d01,3d5d565cea31ce07,4
US,2148006048,144,4fed14b26be458ae,dbf2d495628263a8,94003f4282592a5d,6d1b4d9b43a2a546,36
US,2148006192,1232,adcae4c4cf38895e,b9d1bb638c7e56b3,b4a429c601052f53,831c85420bfef35e,308
US,2148007424,416,a0aff738daad019c,cf4665c04b744b75,b85f2fb7e203f67f,991007a197379f0b,104
US,2148007840,704,58b338583211d451,69d55be99084b929,f12e2606650c19c6,f2f56a11159a6fbb,176
US,2148008544,16,356342d0eb455e2d,5d7bcb7e77b51a1f,687e6013f04e1d01,3d5d565cea31ce07,4
US,2148008560,16,e77ff142f62cb727,e7db5e6db7bb8267,687e6013f04e1d01,3d5d565cea31ce07,4
US,2148008576,632,ed727191b99e6c64,7c6499a076d406f8,816b0c4669031e2e,3255251d348d9cb2,158
US,2148009208,40,94dd12dc604d9149,55f5109f847d4638,d91e65e201658e0f,f0c3782e9022cdf9,10
US,2148009248,16,093f9877ef926da8,48c13f75633cb3d8,687e6013f04e1d01,3d5d565cea31ce07,4
US,2148009264,16,5da15de1ea60d967,140dd42a9d3c743c,687e6013f04e1d01,3d5d565cea31ce07,4
US,2148009280,224,33b4735bddc0c081,f1880de467ff62d8,4582db1d9dd95f21,5fa76ba37cc977b4,56
US,2148009504,16,95b8f5e9158d3233,1edca0ea7b314f3a,687e6013f04e1d01,3d5d565cea31ce07,4
US,2148009520,16,75731094c4f222d5,82b24b1d7628342c,c87b875fdd8b4fb2,cc52eddd33000365,4
US,2148009536,168,0490c74486bc271f,c6d50eac61999337,18c2829c9a601c3e,e36b9022da742a51,42
US,2148009704,148,0bd8b1ee85f4587c,006edba912b8f151,0a454fff1c8a6a90,6b2ef8d38528e44a,37
US,2148009852,112,75ec114146d0f961,012b0846d813b38d,e48b50bd4e55bc85,afd98ec971f61743,28
US,2148009964,52,a6d20146cab2d53a,532b91079eeb06cb,bd7b87bc467bd060,283fa50bb6e8e511,13
US,2148010016,16,e5ca0727779afaef,562f012a66eea8c7,687e6013f04e1d01,3d5d565cea31ce07,4
US,2148010032,16,dbb1be678e9b5ad4,a6faea053b9c4a0c,687e6013f04e1d01,3d5d565cea31ce07,4
US,2148010048,128,f05ec11e90ce059f,a05d1a82c6f6cb5e,c73902b1b20d89a5,b2cba0885681f645,32
US,2148010176,16,dc9b30375edf2195,a0f374a0c467c430,687e6013f04e1d01,3d5d565cea31ce07,4
US,2148010192,16,f8e9451fa23e753f,793bcee78075a7e0,687e6013f04e1d01,3d5d565cea31ce07,4
US,2148010208,16,8eb8cf21e6fb862a,73164e875bc950ff,687e6013f04e1d01,3d5d565cea31ce07,4
US,2148010224,16,576a9a86c42f1b39,a4cf54bf078257f7,687e6013f04e1d01,3d5d565cea31ce07,4
US,2148010240,64,fb21b1a2105afde0,fff0512c64c96686,68ebe04fd19901f0,698d76ea79a34ce1,16
US,2148010304,48,0e7bea28cb55af57,db5da1fac1135a83,b59fb732d85625c8,417ffdd41109a72d,12
US,2148010352,16,4c1ff663724d006b,c0d4c104b3e13c4a,687e6013f04e1d01,3d5d565cea31ce07,4
US,2148010368,16,623a2210aa294c53,dcd5a8e263435976,687e6013f04e1d01,3d5d565cea31ce07,4
US,2148010384,52848,fdaa416159d859b9,0d4313d05ae97bc5,fee8c205628e3a0e,f339855ddf6e4599,13212
