base,target,kind,a_start,a_size,b_start,b_size
US,JP,address-shift-only,2147599392,80,2147604668,80
US,JP,address-shift-only,2147602628,1356,2147607936,1356
US,JP,address-shift-only,2147603984,364,2147609292,364
US,JP,address-shift-only,2147610084,364,2147615392,364
US,JP,address-shift-only,2147611676,608,2147616984,608
US,JP,address-shift-only,2147612284,116,2147617592,116
US,JP,address-shift-only,2147612400,256,2147617708,256
US,JP,address-shift-only,2147612968,792,2147618276,792
US,JP,address-shift-only,2147614820,720,2147620128,720
US,JP,address-shift-only,2147620096,148,2147625404,148
US,JP,address-shift-only,2147620244,488,2147625552,488
US,JP,address-shift-only,2147620732,280,2147626040,280
US,JP,address-shift-only,2147621568,212,2147626876,212
US,JP,address-shift-only,2147622304,124,2147627568,124
US,JP,address-shift-only,2147622428,140,2147627692,140
US,JP,address-shift-only,2147624144,44,2147629676,44
US,JP,address-shift-only,2147625080,76,2147631600,76
US,JP,address-shift-only,2147625780,96,2147632316,96
US,JP,address-shift-only,2147626416,276,2147632952,276
US,JP,address-shift-only,2147626692,400,2147633228,400
US,JP,address-shift-only,2147627092,316,2147633628,316
US,JP,address-shift-only,2147629632,780,2147636168,780
US,JP,address-shift-only,2147633216,124,2147639640,124
US,JP,address-shift-only,2147633340,184,2147639764,184
US,JP,address-shift-only,2147635720,152,2147642152,152
US,JP,address-shift-only,2147638544,264,2147644800,264
US,JP,address-shift-only,2147640016,208,2147645964,208
US,JP,address-shift-only,2147642352,52,2147648468,52
US,JP,address-shift-only,2147642404,148,2147648520,148
US,JP,address-shift-only,2147642552,60,2147648668,60
US,JP,address-shift-only,2147648616,44,2147654732,44
US,JP,address-shift-only,2147648660,60,2147654776,60
US,JP,address-shift-only,2147649544,60,2147655660,60
US,JP,address-shift-only,2147649604,60,2147655720,60
US,JP,address-shift-only,2147658764,136,2147665424,136
US,JP,address-shift-only,2147673436,112,2147680576,112
US,JP,address-shift-only,2147673744,148,2147680884,148
US,JP,address-shift-only,2147673892,60,2147681032,60
US,JP,address-shift-only,2147673952,92,2147681092,92
US,JP,address-shift-only,2147674560,132,2147681700,132
US,JP,address-shift-only,2147674692,116,2147681832,116
US,JP,address-shift-only,2147684052,264,2147691220,264
US,JP,address-shift-only,2147684316,128,2147691484,128
US,JP,address-shift-only,2147684444,120,2147691612,120
US,JP,address-shift-only,2147684564,88,2147691732,88
US,JP,address-shift-only,2147684652,64,2147691820,64
US,JP,address-shift-only,2147685896,300,2147693064,300
US,JP,address-shift-only,2147686212,68,2147693380,68
US,JP,address-shift-only,2147686280,68,2147693448,68
US,JP,address-shift-only,2147686372,136,2147693540,136
US,JP,address-shift-only,2147686508,272,2147693676,272
US,JP,address-shift-only,2147687512,32,2147694680,32
US,JP,address-shift-only,2147689284,244,2147696452,244
US,JP,address-shift-only,2147689528,96,2147696696,96
US,JP,address-shift-only,2147726036,96,2147731548,96
US,JP,address-shift-only,2147729992,200,2147735504,200
US,JP,address-shift-only,2147730192,268,2147735704,268
US,JP,address-shift-only,2147734312,80,2147740352,80
US,JP,address-shift-only,2147734392,232,2147740432,232
US,JP,address-shift-only,2147734624,132,2147740664,132
US,JP,address-shift-only,2147735344,168,2147741384,168
US,JP,address-shift-only,2147736404,68,2147742556,68
US,JP,address-shift-only,2147742860,56,2147749544,56
US,JP,address-shift-only,2147742916,204,2147749600,204
US,JP,address-shift-only,2147753468,36,2147760088,36
US,JP,address-shift-only,2147753732,84,2147760352,84
US,JP,address-shift-only,2147753816,156,2147760436,156
US,JP,address-shift-only,2147754824,76,2147761444,76
US,JP,address-shift-only,2147755476,292,2147762096,292
US,JP,address-shift-only,2147755768,536,2147762388,536
US,JP,address-shift-only,2147756304,100,2147762924,100
US,JP,address-shift-only,2147756404,280,2147763024,280
US,JP,address-shift-only,2147756684,376,2147763304,376
US,JP,address-shift-only,2147757060,588,2147763680,588
US,JP,address-shift-only,2147757648,672,2147764268,672
US,JP,address-shift-only,2147758320,2104,2147764940,2104
US,JP,address-shift-only,2147766008,152,2147772628,152
US,JP,address-shift-only,2147766868,404,2147773488,404
US,JP,address-shift-only,2147767272,332,2147773892,332
US,JP,address-shift-only,2147767604,284,2147774224,284
US,JP,address-shift-only,2147767888,60,2147774508,60
US,JP,address-shift-only,2147774516,356,2147781184,356
US,JP,address-shift-only,2147791644,84,2147799932,84
US,JP,address-shift-only,2147791728,52,2147800016,52
US,JP,address-shift-only,2147791900,84,2147800188,84
US,JP,address-shift-only,2147791984,1188,2147800272,1188
US,JP,address-shift-only,2147805400,464,2147815640,464
US,JP,address-shift-only,2147805864,368,2147816104,368
US,JP,address-shift-only,2147830280,112,2147841644,112
US,JP,address-shift-only,2147848204,100,2147859860,100
US,JP,address-shift-only,2147856580,48,2147868492,48
US,JP,address-shift-only,2147882556,116,2147894500,116
US,JP,address-shift-only,2147882672,284,2147894616,284
US,JP,address-shift-only,2147882956,80,2147894900,80
US,JP,address-shift-only,2147910644,444,2147922892,444
US,JP,address-shift-only,2147916720,276,2147928968,276
US,JP,address-shift-only,2147917424,156,2147929672,156
US,JP,address-shift-only,2147917580,136,2147929828,136
US,JP,address-shift-only,2147923144,448,2147935392,448
US,JP,address-shift-only,2147924012,2680,2147936260,2680
US,JP,address-shift-only,2147926692,212,2147938940,212
US,JP,address-shift-only,2147926960,128,2147939208,128
US,JP,address-shift-only,2147930260,452,2147942508,452
US,JP,address-shift-only,2147931080,220,2147943328,220
US,JP,address-shift-only,2147932060,200,2147944308,200
US,JP,address-shift-only,2147932260,228,2147944508,228
US,JP,address-shift-only,2147932488,264,2147944736,264
US,JP,address-shift-only,2147932752,300,2147945000,300
US,JP,address-shift-only,2147940776,1120,2147953024,1120
US,JP,address-shift-only,2147942000,1044,2147954248,1044
US,JP,address-shift-only,2147943304,920,2147955552,920
US,JP,address-shift-only,2147944224,300,2147956472,300
US,JP,address-shift-only,2147944524,260,2147956772,260
US,JP,address-shift-only,2147948968,32,2147973452,32
US,JP,address-shift-only,2147948968,32,2147973504,32
US,JP,address-shift-only,2147948968,32,2147974632,32
US,JP,address-shift-only,2147949020,32,2147973452,32
US,JP,address-shift-only,2147949020,32,2147973504,32
US,JP,address-shift-only,2147949020,32,2147974632,32
US,JP,address-shift-only,2147950048,32,2147974532,32
US,JP,address-shift-only,2147950048,32,2147974564,32
US,JP,address-shift-only,2147950080,32,2147974532,32
US,JP,address-shift-only,2147950080,32,2147974564,32
US,JP,address-shift-only,2147950112,36,2147974596,36
US,JP,address-shift-only,2147950148,32,2147973452,32
US,JP,address-shift-only,2147950148,32,2147973504,32
US,JP,address-shift-only,2147950148,32,2147974632,32
US,JP,address-shift-only,2147950712,192,2147975196,192
US,JP,address-shift-only,2147952016,32,2147976500,32
US,JP,address-shift-only,2147953588,116,2147978072,116
US,JP,address-shift-only,2147953752,64,2147978236,64
US,JP,address-shift-only,2147969088,48,2147983340,48
US,JP,address-shift-only,2147969136,32,2147983388,32
US,JP,address-shift-only,2147969296,128,2147983548,128
US,JP,address-shift-only,2147974456,192,2147972480,192
US,JP,address-shift-only,2147974712,112,2147987084,112
US,JP,address-shift-only,2147974888,108,2147987260,108
US,JP,address-shift-only,2147974996,56,2147987368,56
US,JP,address-shift-only,2147975052,44,2147987424,44
US,JP,address-shift-only,2147975160,64,2147987532,64
US,JP,address-shift-only,2147978216,332,2147990588,332
US,JP,address-shift-only,2147987756,104,2148001248,104
US,JP,address-shift-only,2147997028,132,2148010136,132
US,JP,address-shift-only,2148010304,48,2148022948,48
US,JP,constants-only,2147558760,48,2147563948,48
US,JP,constants-only,2147583516,508,2147588792,508
US,JP,constants-only,2147586344,928,2147591620,928
US,JP,constants-only,2147589976,356,2147595252,356
US,JP,constants-only,2147599472,132,2147604748,132
US,JP,constants-only,2147599604,120,2147604880,120
US,JP,constants-only,2147600996,52,2147606272,52
US,JP,constants-only,2147601376,56,2147606652,56
US,JP,constants-only,2147601432,264,2147606708,264
US,JP,constants-only,2147601696,148,2147606972,148
US,JP,constants-only,2147602328,84,2147607636,84
US,JP,constants-only,2147602540,40,2147607848,40
US,JP,constants-only,2147602580,48,2147607888,48
US,JP,constants-only,2147621820,112,2147627128,112
US,JP,constants-only,2147621932,96,2147627240,96
US,JP,constants-only,2147623476,172,2147628740,172
US,JP,constants-only,2147623648,56,2147628912,56
US,JP,constants-only,2147625884,64,2147632420,64
US,JP,constants-only,2147625948,172,2147632484,172
US,JP,constants-only,2147627408,760,2147633944,760
US,JP,constants-only,2147628608,324,2147635144,324
US,JP,constants-only,2147632412,8,2147638836,8
US,JP,constants-only,2147633180,36,2147639604,36
US,JP,constants-only,2147635512,116,2147641936,116
US,JP,constants-only,2147637016,316,2147643508,316
US,JP,constants-only,2147648528,44,2147654644,44
US,JP,constants-only,2147648572,44,2147654688,44
US,JP,constants-only,2147652320,28,2147658492,28
US,JP,constants-only,2147653860,56,2147660032,56
US,JP,constants-only,2147653916,108,2147660088,108
US,JP,constants-only,2147654024,200,2147660196,200
US,JP,constants-only,2147654224,100,2147660396,100
US,JP,constants-only,2147654324,120,2147660496,120
US,JP,constants-only,2147654720,100,2147660892,100
US,JP,constants-only,2147655104,12,2147661276,12
US,JP,constants-only,2147657276,60,2147663888,60
US,JP,constants-only,2147657420,100,2147664032,100
US,JP,constants-only,2147658224,84,2147664884,84
US,JP,constants-only,2147658308,212,2147664968,212
US,JP,constants-only,2147658900,36,2147665560,36
US,JP,constants-only,2147658936,76,2147665596,76
US,JP,constants-only,2147659012,108,2147665672,108
US,JP,constants-only,2147660000,80,2147666660,80
US,JP,constants-only,2147660080,192,2147666740,192
US,JP,constants-only,2147660272,12,2147666932,12
US,JP,constants-only,2147660284,12,2147666944,12
US,JP,constants-only,2147661064,56,2147667716,56
US,JP,constants-only,2147661120,116,2147667772,116
US,JP,constants-only,2147661236,84,2147667888,84
US,JP,constants-only,2147664268,68,2147670920,68
US,JP,constants-only,2147664336,56,2147670988,56
US,JP,constants-only,2147664716,216,2147671368,216
US,JP,constants-only,2147664932,236,2147671584,236
US,JP,constants-only,2147666088,112,2147672740,112
US,JP,constants-only,2147666868,52,2147673520,52
US,JP,constants-only,2147669196,64,2147676044,64
US,JP,constants-only,2147671332,80,2147678392,80
US,JP,constants-only,2147672888,24,2147680028,24
US,JP,constants-only,2147672912,200,2147680052,200
US,JP,constants-only,2147673112,84,2147680252,84
US,JP,constants-only,2147673112,84,2147680336,84
US,JP,constants-only,2147673196,84,2147680252,84
US,JP,constants-only,2147673196,84,2147680336,84
US,JP,constants-only,2147673280,44,2147680420,44
US,JP,constants-only,2147673324,56,2147680464,56
US,JP,constants-only,2147673380,24,2147680520,24
US,JP,constants-only,2147673404,20,2147680544,20
US,JP,constants-only,2147673424,12,2147680564,12
US,JP,constants-only,2147673548,140,2147680688,140
US,JP,constants-only,2147685500,68,2147692668,68
US,JP,constants-only,2147685568,328,2147692736,328
US,JP,constants-only,2147687388,64,2147694556,64
US,JP,constants-only,2147687544,184,2147694712,184
US,JP,constants-only,2147687728,208,2147694896,208
US,JP,constants-only,2147687936,228,2147695104,228
US,JP,constants-only,2147688412,472,2147695580,472
US,JP,constants-only,2147689624,252,2147696792,252
US,JP,constants-only,2147689876,216,2147697044,216
US,JP,constants-only,2147690092,72,2147697260,72
US,JP,constants-only,2147699528,116,2147706808,116
US,JP,constants-only,2147699644,408,2147706924,408
US,JP,constants-only,2147702404,308,2147710272,308
US,JP,constants-only,2147702712,1464,2147710580,1464
US,JP,constants-only,2147704176,256,2147712044,256
US,JP,constants-only,2147720652,204,2147726000,204
US,JP,constants-only,2147725032,156,2147730548,156
US,JP,constants-only,2147725188,132,2147730704,132
US,JP,constants-only,2147725320,232,2147730836,232
US,JP,constants-only,2147726396,660,2147731908,660
US,JP,constants-only,2147727056,612,2147732568,612
US,JP,constants-only,2147729876,116,2147735388,116
US,JP,constants-only,2147733372,68,2147739412,68
US,JP,constants-only,2147733440,168,2147739480,168
US,JP,constants-only,2147733892,60,2147739932,60
US,JP,constants-only,2147733952,84,2147739992,84
US,JP,constants-only,2147734916,148,2147740956,148
US,JP,constants-only,2147735064,208,2147741104,208
US,JP,constants-only,2147735512,388,2147741552,388
US,JP,constants-only,2147735900,144,2147741940,144
US,JP,constants-only,2147736044,124,2147742084,124
US,JP,constants-only,2147736044,124,2147742320,124
US,JP,constants-only,2147736168,124,2147742084,124
US,JP,constants-only,2147736168,124,2147742320,124
US,JP,constants-only,2147736292,112,2147742208,112
US,JP,constants-only,2147736292,112,2147742444,112
US,JP,constants-only,2147736472,96,2147742624,96
US,JP,constants-only,2147736568,56,2147742720,56
US,JP,constants-only,2147736624,108,2147742776,108
US,JP,constants-only,2147736732,116,2147742884,116
US,JP,constants-only,2147739036,100,2147745720,100
US,JP,constants-only,2147739136,120,2147745820,120
US,JP,constants-only,2147739256,92,2147745940,92
US,JP,constants-only,2147739348,108,2147746032,108
US,JP,constants-only,2147739660,36,2147746344,36
US,JP,constants-only,2147739696,44,2147746380,44
US,JP,constants-only,2147739740,24,2147746424,24
US,JP,constants-only,2147739764,116,2147746448,116
US,JP,constants-only,2147739880,80,2147746564,80
US,JP,constants-only,2147739960,20,2147746644,20
US,JP,constants-only,2147739980,44,2147746664,44
US,JP,constants-only,2147740024,64,2147746708,64
US,JP,constants-only,2147740088,24,2147746772,24
US,JP,constants-only,2147740112,56,2147746796,56
US,JP,constants-only,2147740168,32,2147746852,32
US,JP,constants-only,2147740200,68,2147746884,68
US,JP,constants-only,2147761948,12,2147768568,12
US,JP,constants-only,2147761960,28,2147768580,28
US,JP,constants-only,2147762060,36,2147768680,36
US,JP,constants-only,2147762312,12,2147768932,12
US,JP,constants-only,2147762324,12,2147768944,12
US,JP,constants-only,2147762832,16,2147769452,16
US,JP,constants-only,2147766264,316,2147772884,316
US,JP,constants-only,2147772816,56,2147779484,56
US,JP,constants-only,2147772872,172,2147779540,172
US,JP,constants-only,2147773044,28,2147779712,28
US,JP,constants-only,2147773072,140,2147779740,140
US,JP,constants-only,2147773212,68,2147779880,68
US,JP,constants-only,2147774872,20,2147781540,20
US,JP,constants-only,2147774892,24,2147781560,24
US,JP,constants-only,2147774916,36,2147781584,36
US,JP,constants-only,2147774952,60,2147781620,60
US,JP,constants-only,2147775012,12,2147781680,12
US,JP,constants-only,2147791780,120,2147800068,120
US,JP,constants-only,2147803360,668,2147813600,668
US,JP,constants-only,2147804028,740,2147814268,740
US,JP,constants-only,2147804768,632,2147815008,632
US,JP,constants-only,2147833644,276,2147844976,276
US,JP,constants-only,2147843176,36,2147854768,36
US,JP,constants-only,2147843176,36,2147854804,36
US,JP,constants-only,2147857680,424,2147869592,424
US,JP,constants-only,2147861332,1744,2147873244,1744
US,JP,constants-only,2147863836,584,2147875780,584
US,JP,constants-only,2147864420,364,2147876364,364
US,JP,constants-only,2147868932,272,2147880876,272
US,JP,constants-only,2147874972,688,2147886916,688
US,JP,constants-only,2147878024,280,2147889968,280
US,JP,constants-only,2147882120,436,2147894064,436
US,JP,constants-only,2147903204,152,2147915452,152
US,JP,constants-only,2147917716,104,2147929964,104
US,JP,constants-only,2147917820,1224,2147930068,1224
US,JP,constants-only,2147919044,1508,2147931292,1508
US,JP,constants-only,2147921524,1620,2147933772,1620
US,JP,constants-only,2147927088,108,2147939336,108
US,JP,constants-only,2147927792,2468,2147940040,2468
US,JP,constants-only,2147935624,2472,2147947872,2472
US,JP,constants-only,2147938096,104,2147950344,104
US,JP,constants-only,2147938308,2468,2147950556,2468
US,JP,constants-only,2147941896,104,2147954144,104
US,JP,constants-only,2147943044,80,2147955292,80
US,JP,constants-only,2147943124,52,2147955372,52
US,JP,constants-only,2147944784,3028,2147957032,3028
US,JP,constants-only,2147947920,88,2147960168,88
US,JP,constants-only,2147948268,32,2147960516,32
US,JP,constants-only,2147948348,384,2147972832,384
US,JP,constants-only,2147948860,48,2147973344,48
US,JP,constants-only,2147948908,16,2147973392,16
US,JP,constants-only,2147948908,16,2147973408,16
US,JP,constants-only,2147948908,16,2147973424,16
US,JP,constants-only,2147948924,16,2147973392,16
US,JP,constants-only,2147948924,16,2147973408,16
US,JP,constants-only,2147948924,16,2147973424,16
US,JP,constants-only,2147948940,16,2147973392,16
US,JP,constants-only,2147948940,16,2147973408,16
US,JP,constants-only,2147948940,16,2147973424,16
US,JP,constants-only,2147948956,12,2147767776,12
US,JP,constants-only,2147948956,12,2147973440,12
US,JP,constants-only,2147949000,20,2147973484,20
US,JP,constants-only,2147949000,20,2147973536,20
US,JP,constants-only,2147949000,20,2147973556,20
US,JP,constants-only,2147949000,20,2147985756,20
US,JP,constants-only,2147949000,20,2147986988,20
US,JP,constants-only,2147949052,20,2147973484,20
US,JP,constants-only,2147949052,20,2147973536,20
US,JP,constants-only,2147949052,20,2147973556,20
US,JP,constants-only,2147949052,20,2147985756,20
US,JP,constants-only,2147949052,20,2147986988,20
US,JP,constants-only,2147949072,20,2147973484,20
US,JP,constants-only,2147949072,20,2147973536,20
US,JP,constants-only,2147949072,20,2147973556,20
US,JP,constants-only,2147949072,20,2147985756,20
US,JP,constants-only,2147949072,20,2147986988,20
US,JP,constants-only,2147949092,316,2147973576,316
US,JP,constants-only,2147949408,308,2147973892,308
US,JP,constants-only,2147949716,332,2147974200,332
US,JP,constants-only,2147950904,320,2147975388,320
US,JP,constants-only,2147951224,64,2147975708,64
US,JP,constants-only,2147951288,728,2147975772,728
US,JP,constants-only,2147953704,48,2147978188,48
US,JP,constants-only,2147953816,32,2147978300,32
US,JP,constants-only,2147953848,112,2147978332,112
US,JP,constants-only,2147953960,372,2147961076,372
US,JP,constants-only,2147954332,92,2147961448,92
US,JP,constants-only,2147954424,96,2147961540,96
US,JP,constants-only,2147954520,152,2147961636,152
US,JP,constants-only,2147954672,104,2147961788,104
US,JP,constants-only,2147954776,284,2147961892,284
US,JP,constants-only,2147955060,96,2147962176,96
US,JP,constants-only,2147955060,96,2147962272,96
US,JP,constants-only,2147955156,96,2147962176,96
US,JP,constants-only,2147955156,96,2147962272,96
US,JP,constants-only,2147955252,184,2147962368,184
US,JP,constants-only,2147955436,172,2147962552,172
US,JP,constants-only,2147955608,112,2147962816,112
US,JP,constants-only,2147955720,192,2147962928,192
US,JP,constants-only,2147955912,1272,2147963120,1272
US,JP,constants-only,2147957184,504,2147964392,504
US,JP,constants-only,2147957688,624,2147964896,624
US,JP,constants-only,2147958344,152,2147965552,152
US,JP,constants-only,2147958344,152,2147965704,152
US,JP,constants-only,2147958496,152,2147965552,152
US,JP,constants-only,2147958496,152,2147965704,152
US,JP,constants-only,2147958676,2268,2147965884,2268
US,JP,constants-only,2147960944,72,2147968152,72
US,JP,constants-only,2147961016,84,2147968224,84
US,JP,constants-only,2147961100,688,2147968308,688
US,JP,constants-only,2147961788,608,2147968996,608
US,JP,constants-only,2147962396,652,2147969604,652
US,JP,constants-only,2147963048,52,2147970256,52
US,JP,constants-only,2147963100,324,2147970308,324
US,JP,constants-only,2147963424,200,2147970632,200
US,JP,constants-only,2147963728,376,2147960548,376
US,JP,constants-only,2147964104,152,2147960924,152
US,JP,constants-only,2147964304,208,2147978556,208
US,JP,constants-only,2147964512,352,2147978764,352
US,JP,constants-only,2147965068,68,2147979320,68
US,JP,constants-only,2147965856,64,2147980108,64
US,JP,constants-only,2147965920,224,2147980172,224
US,JP,constants-only,2147966160,1248,2147980412,1248
US,JP,constants-only,2147967408,48,2147981660,48
US,JP,constants-only,2147967456,208,2147981708,208
US,JP,constants-only,2147967664,96,2147981916,96
US,JP,constants-only,2147967760,96,2147982012,96
US,JP,constants-only,2147967856,176,2147982108,176
US,JP,constants-only,2147968032,320,2147982284,320
US,JP,constants-only,2147968352,112,2147982604,112
US,JP,constants-only,2147968464,64,2147982716,64
US,JP,constants-only,2147968464,64,2147983276,64
US,JP,constants-only,2147968992,32,2147983244,32
US,JP,constants-only,2147969024,64,2147982716,64
US,JP,constants-only,2147969024,64,2147983276,64
US,JP,constants-only,2147969168,128,2147983420,128
US,JP,constants-only,2147970832,412,2147985084,412
US,JP,constants-only,2147971244,260,2147985496,260
US,JP,constants-only,2147971504,20,2147973484,20
US,JP,constants-only,2147971504,20,2147973536,20
US,JP,constants-only,2147971504,20,2147973556,20
US,JP,constants-only,2147971504,20,2147985756,20
US,JP,constants-only,2147971504,20,2147986988,20
US,JP,constants-only,2147971524,48,2147970872,48
US,JP,constants-only,2147971524,48,2147970920,48
US,JP,constants-only,2147971524,48,2147970968,48
US,JP,constants-only,2147971524,48,2147971068,48
US,JP,constants-only,2147971572,48,2147970872,48
US,JP,constants-only,2147971572,48,2147970920,48
US,JP,constants-only,2147971572,48,2147970968,48
US,JP,constants-only,2147971572,48,2147971068,48
US,JP,constants-only,2147971620,48,2147970872,48
US,JP,constants-only,2147971620,48,2147970920,48
US,JP,constants-only,2147971620,48,2147970968,48
US,JP,constants-only,2147971620,48,2147971068,48
US,JP,constants-only,2147971668,52,2147971016,52
US,JP,constants-only,2147971720,48,2147970872,48
US,JP,constants-only,2147971720,48,2147970920,48
US,JP,constants-only,2147971720,48,2147970968,48
US,JP,constants-only,2147971720,48,2147971068,48
US,JP,constants-only,2147971768,16,2147971116,16
US,JP,constants-only,2147971784,240,2147971132,240
US,JP,constants-only,2147972024,1072,2147971372,1072
US,JP,constants-only,2147973204,136,2147985848,136
US,JP,constants-only,2147973716,244,2147986360,244
US,JP,constants-only,2147973960,156,2147986604,156
US,JP,constants-only,2147974116,56,2147986760,56
US,JP,constants-only,2147974172,48,2147986816,48
US,JP,constants-only,2147974220,52,2147986864,52
US,JP,constants-only,2147974272,56,2147986916,56
US,JP,constants-only,2147974360,20,2147973484,20
US,JP,constants-only,2147974360,20,2147973536,20
US,JP,constants-only,2147974360,20,2147973556,20
US,JP,constants-only,2147974360,20,2147985756,20
US,JP,constants-only,2147974360,20,2147986988,20
US,JP,constants-only,2147974380,36,2147987008,36
US,JP,constants-only,2147976008,2192,2147988380,2192
US,JP,constants-only,2147980924,424,2147993296,424
US,JP,constants-only,2147981700,240,2147994072,240
US,JP,constants-only,2147981940,144,2147994312,144
US,JP,constants-only,2147982084,140,2147994456,140
US,JP,constants-only,2147982224,148,2147994596,148
US,JP,constants-only,2147982372,172,2147994744,172
US,JP,constants-only,2147984788,232,2147998280,232
US,JP,constants-only,2147985020,120,2147998512,120
US,JP,constants-only,2147985780,636,2147999272,636
US,JP,constants-only,2147986416,168,2147999908,168
US,JP,constants-only,2147986584,640,2148000076,640
US,JP,constants-only,2147987224,132,2148000716,132
US,JP,constants-only,2147987356,68,2148000848,68
US,JP,constants-only,2147987424,252,2148000916,252
US,JP,constants-only,2147987676,40,2148001168,40
US,JP,constants-only,2147987676,40,2148001208,40
US,JP,constants-only,2147987716,40,2148001168,40
US,JP,constants-only,2147987716,40,2148001208,40
US,JP,constants-only,2147991620,212,2148005112,212
US,JP,constants-only,2147991832,240,2148005324,240
US,JP,constants-only,2147992072,480,2148005564,480
US,JP,constants-only,2147992912,256,2148006404,256
US,JP,constants-only,2147993728,240,2147997160,240
US,JP,constants-only,2147994584,820,2148007692,820
US,JP,constants-only,2147995404,240,2148008512,240
US,JP,constants-only,2147996828,144,2148009936,144
US,JP,constants-only,2147996972,40,2148010080,40
US,JP,constants-only,2147997160,624,2148010268,624
US,JP,constants-only,2148003364,1624,2148016744,1624
US,JP,constants-only,2148004988,1028,2148018368,1028
US,JP,constants-only,2148006048,144,2148019428,144
US,JP,constants-only,2148006192,1232,2148019572,1232
US,JP,constants-only,2148007424,416,2148020804,416
US,JP,constants-only,2148009520,16,2148022164,16
US,JP,constants-only,2148009964,52,2148022608,52
US,JP,identical,2147558752,8,2147563940,8
US,JP,identical,2147558752,8,2147627336,8
US,JP,identical,2147558752,8,2147632412,8
US,JP,identical,2147558752,8,2147675492,8
US,JP,identical,2147586028,316,2147591304,316
US,JP,identical,2147609580,504,2147614888,504
US,JP,identical,2147610448,36,2147615756,36
US,JP,identical,2147610484,872,2147615792,872
US,JP,identical,2147611356,320,2147616664,320
US,JP,identical,2147612656,312,2147617964,312
US,JP,identical,2147621012,240,2147626320,240
US,JP,identical,2147621252,156,2147626560,156
US,JP,identical,2147621408,160,2147626716,160
US,JP,identical,2147621780,40,2147627088,40
US,JP,identical,2147622028,8,2147563940,8
US,JP,identical,2147622028,8,2147627336,8
US,JP,identical,2147622028,8,2147632412,8
US,JP,identical,2147622028,8,2147675492,8
US,JP,identical,2147622568,52,2147627832,52
US,JP,identical,2147625876,8,2147563940,8
US,JP,identical,2147625876,8,2147627336,8
US,JP,identical,2147625876,8,2147632412,8
US,JP,identical,2147625876,8,2147675492,8
US,JP,identical,2147626120,164,2147632656,164
US,JP,identical,2147626284,132,2147632820,132
US,JP,identical,2147632420,120,2147638844,120
US,JP,identical,2147642748,204,2147648864,204
US,JP,identical,2147657336,84,2147663948,84
US,JP,identical,2147658200,24,2147664860,24
US,JP,identical,2147668648,8,2147563940,8
US,JP,identical,2147668648,8,2147627336,8
US,JP,identical,2147668648,8,2147632412,8
US,JP,identical,2147668648,8,2147675492,8
US,JP,identical,2147673688,56,2147680828,56
US,JP,identical,2147674044,144,2147681184,144
US,JP,identical,2147679272,60,2147686440,60
US,JP,identical,2147686196,16,2147693364,16
US,JP,identical,2147686348,12,2147693516,12
US,JP,identical,2147686348,12,2147693528,12
US,JP,identical,2147686360,12,2147693516,12
US,JP,identical,2147686360,12,2147693528,12
US,JP,identical,2147687452,60,2147694620,60
US,JP,identical,2147690164,76,2147697332,76
US,JP,identical,2147734036,80,2147740076,80
US,JP,identical,2147734116,196,2147740156,196
US,JP,identical,2147734848,68,2147740888,68
US,JP,identical,2147754636,188,2147761256,188
US,JP,identical,2147766580,288,2147773200,288
US,JP,identical,2147773280,96,2147779948,96
US,JP,identical,2147773376,112,2147780044,112
US,JP,identical,2147778488,32,2147785268,32
US,JP,identical,2147778488,32,2147807912,32
US,JP,identical,2147778520,32,2147785300,32
US,JP,identical,2147778520,32,2147807944,32
US,JP,identical,2147793172,56,2147801460,56
US,JP,identical,2147793228,128,2147801516,128
US,JP,identical,2147793356,128,2147801644,128
US,JP,identical,2147793484,412,2147801772,412
US,JP,identical,2147793896,412,2147802184,412
US,JP,identical,2147794308,412,2147802596,412
US,JP,identical,2147794720,532,2147803008,532
US,JP,identical,2147795252,532,2147803540,532
US,JP,identical,2147795784,532,2147804072,532
US,JP,identical,2147797672,32,2147785268,32
US,JP,identical,2147797672,32,2147807912,32
US,JP,identical,2147797704,32,2147785300,32
US,JP,identical,2147797704,32,2147807944,32
US,JP,identical,2147806232,188,2147816472,188
US,JP,identical,2147806420,216,2147816660,216
US,JP,identical,2147848020,72,2147859676,72
US,JP,identical,2147848092,112,2147859748,112
US,JP,identical,2147848304,144,2147859960,144
US,JP,identical,2147856628,132,2147868540,132
US,JP,identical,2147861112,220,2147873024,220
US,JP,identical,2147877976,48,2147889920,48
US,JP,identical,2147878304,144,2147890248,144
US,JP,identical,2147916996,428,2147929244,428
US,JP,identical,2147920552,972,2147932800,972
US,JP,identical,2147923592,100,2147935840,100
US,JP,identical,2147923592,100,2147942960,100
US,JP,identical,2147923692,104,2147935940,104
US,JP,identical,2147923796,104,2147936044,104
US,JP,identical,2147923900,56,2147936148,56
US,JP,identical,2147923956,56,2147936204,56
US,JP,identical,2147926904,56,2147939152,56
US,JP,identical,2147927196,164,2147939444,164
US,JP,identical,2147927360,24,2147939608,24
US,JP,identical,2147927384,168,2147939632,168
US,JP,identical,2147927552,24,2147939800,24
US,JP,identical,2147927576,108,2147939824,108
US,JP,identical,2147927684,108,2147939932,108
US,JP,identical,2147930712,100,2147935840,100
US,JP,identical,2147930712,100,2147942960,100
US,JP,identical,2147930812,104,2147943060,104
US,JP,identical,2147930916,104,2147943164,104
US,JP,identical,2147931020,60,2147943268,60
US,JP,identical,2147931300,760,2147943548,760
US,JP,identical,2147933052,180,2147945300,180
US,JP,identical,2147933232,1596,2147945480,1596
US,JP,identical,2147934828,796,2147947076,796
US,JP,identical,2147938200,108,2147950448,108
US,JP,identical,2147943176,128,2147955424,128
US,JP,identical,2147947812,108,2147960060,108
US,JP,identical,2147948008,172,2147960256,172
US,JP,identical,2147948180,88,2147960428,88
US,JP,identical,2147948300,48,2147972784,48
US,JP,identical,2147948732,16,2147973216,16
US,JP,identical,2147948748,16,2147973232,16
US,JP,identical,2147948764,32,2147973248,32
US,JP,identical,2147948796,48,2147973280,48
US,JP,identical,2147948844,16,2147973328,16
US,JP,identical,2147950180,260,2147974664,260
US,JP,identical,2147950440,128,2147974924,128
US,JP,identical,2147958312,32,2147965520,32
US,JP,identical,2147958648,28,2147965856,28
US,JP,identical,2147963624,40,2147970832,40
US,JP,identical,2147963664,64,2147978444,64
US,JP,identical,2147964256,48,2147978508,48
US,JP,identical,2147966144,16,2147980396,16
US,JP,identical,2147968976,16,2147983228,16
US,JP,identical,2147969424,16,2147983676,16
US,JP,identical,2147973096,36,2147972444,36
US,JP,identical,2147973132,16,2147985776,16
US,JP,identical,2147973148,16,2147985792,16
US,JP,identical,2147973164,40,2147985808,40
US,JP,identical,2147973340,96,2147985984,96
US,JP,identical,2147974328,16,2147986972,16
US,JP,identical,2147974344,16,2147972752,16
US,JP,identical,2147974416,24,2147987044,24
US,JP,identical,2147974440,16,2147987068,16
US,JP,identical,2147974648,64,2147972672,64
US,JP,identical,2147974824,16,2147987196,16
US,JP,identical,2147974840,16,2147987212,16
US,JP,identical,2147974856,16,2147987228,16
US,JP,identical,2147974872,16,2147987244,16
US,JP,identical,2147975096,16,2147987468,16
US,JP,identical,2147975112,16,2147987484,16
US,JP,identical,2147975128,16,2147987500,16
US,JP,identical,2147975144,16,2147987516,16
US,JP,identical,2147975224,16,2147987596,16
US,JP,identical,2147975240,16,2147987612,16
US,JP,identical,2147975256,16,2147987628,16
US,JP,identical,2147975272,16,2147987644,16
US,JP,identical,2147975288,16,2147987660,16
US,JP,identical,2147975976,16,2147988348,16
US,JP,identical,2147975992,16,2147988364,16
US,JP,identical,2147978200,16,2147990572,16
US,JP,identical,2147980880,44,2147993252,44
US,JP,identical,2147993632,16,2147997512,16
US,JP,identical,2147993648,16,2148007124,16
US,JP,identical,2147993712,16,2147997528,16
US,JP,identical,2147993968,56,2147997400,56
US,JP,identical,2147994024,24,2147997456,24
US,JP,identical,2147994048,16,2147997480,16
US,JP,identical,2147997012,16,2148010120,16
US,JP,identical,2147997784,56,2148010892,56
US,JP,identical,2147999236,32,2148012344,32
US,JP,identical,2147999268,20,2148012376,20
US,JP,identical,2147999288,32,2148012396,32
US,JP,identical,2147999320,32,2148012428,32
US,JP,identical,2147999352,32,2148012460,32
US,JP,identical,2147999384,20,2148012492,20
US,JP,identical,2148006016,16,2148019396,16
US,JP,identical,2148006032,16,2148019412,16
US,JP,identical,2148008544,16,2147997544,16
US,JP,identical,2148008560,16,2147997560,16
US,JP,identical,2148009208,40,2147998208,40
US,JP,identical,2148009248,16,2147998248,16
US,JP,identical,2148009264,16,2147998264,16
US,JP,identical,2148009504,16,2148022148,16
US,JP,identical,2148009536,168,2148022180,168
US,JP,identical,2148010016,16,2148022660,16
US,JP,identical,2148010032,16,2148022676,16
US,JP,identical,2148010176,16,2148022820,16
US,JP,identical,2148010192,16,2148022836,16
US,JP,identical,2148010208,16,2148022852,16
US,JP,identical,2148010224,16,2148022868,16
US,JP,identical,2148010352,16,2148022996,16
US,JP,identical,2148010368,16,2148023012,16
US,JP,structure-only,2147558368,96,2147563556,96
US,JP,structure-only,2147558464,288,2147563652,288
US,JP,structure-only,2147562356,208,2147567636,208
US,JP,structure-only,2147562968,608,2147568256,608
US,JP,structure-only,2147563576,568,2147568864,568
US,JP,structure-only,2147564144,424,2147569432,424
US,JP,structure-only,2147576576,968,2147581852,968
US,JP,structure-only,2147577544,356,2147582820,356
US,JP,structure-only,2147577900,312,2147583176,312
US,JP,structure-only,2147578212,436,2147583488,436
US,JP,structure-only,2147578648,692,2147583924,692
US,JP,structure-only,2147579340,4176,2147584616,4176
US,JP,structure-only,2147584024,144,2147589300,144
US,JP,structure-only,2147584168,624,2147589444,624
US,JP,structure-only,2147584792,520,2147590068,520
US,JP,structure-only,2147585312,124,2147590588,124
US,JP,structure-only,2147585436,156,2147590712,156
US,JP,structure-only,2147585592,136,2147590868,136
US,JP,structure-only,2147585728,300,2147591004,300
US,JP,structure-only,2147587272,1072,2147592548,1072
US,JP,structure-only,2147588344,1412,2147593620,1412
US,JP,structure-only,2147589756,220,2147595032,220
US,JP,structure-only,2147590332,4504,2147595608,4504
US,JP,structure-only,2147594836,4364,2147600112,4364
US,JP,structure-only,2147599724,1144,2147605000,1144
US,JP,structure-only,2147600868,128,2147606144,128
US,JP,structure-only,2147601048,328,2147606324,328
US,JP,structure-only,2147602412,128,2147607720,128
US,JP,structure-only,2147604348,5008,2147609656,5008
US,JP,structure-only,2147609356,224,2147614664,224
US,JP,structure-only,2147613760,1060,2147619068,1060
US,JP,structure-only,2147615540,2340,2147620848,2340
US,JP,structure-only,2147617880,2216,2147623188,2216
US,JP,structure-only,2147622620,856,2147627884,856
US,JP,structure-only,2147623704,220,2147628968,220
US,JP,structure-only,2147625156,108,2147631676,108
US,JP,structure-only,2147628168,440,2147634704,440
US,JP,structure-only,2147628932,700,2147635468,700
US,JP,structure-only,2147630412,688,2147636948,688
US,JP,structure-only,2147631212,588,2147637636,588
US,JP,structure-only,2147631800,428,2147638224,428
US,JP,structure-only,2147632228,184,2147638652,184
US,JP,structure-only,2147632540,640,2147638964,640
US,JP,structure-only,2147633524,660,2147639948,660
US,JP,structure-only,2147634184,1328,2147640608,1328
US,JP,structure-only,2147635872,368,2147642304,368
US,JP,structure-only,2147640224,92,2147646172,92
US,JP,structure-only,2147640316,68,2147646264,68
US,JP,structure-only,2147640384,128,2147646332,128
US,JP,structure-only,2147640512,128,2147646460,128
US,JP,structure-only,2147640512,128,2147646588,128
US,JP,structure-only,2147640640,128,2147646460,128
US,JP,structure-only,2147640640,128,2147646588,128
US,JP,structure-only,2147640768,732,2147646716,732
US,JP,structure-only,2147642084,268,2147648200,268
US,JP,structure-only,2147642612,136,2147648728,136
US,JP,structure-only,2147642952,56,2147649068,56
US,JP,structure-only,2147643008,88,2147649124,88
US,JP,structure-only,2147643096,2400,2147649212,2400
US,JP,structure-only,2147645496,848,2147651612,848
US,JP,structure-only,2147646344,620,2147652460,620
US,JP,structure-only,2147646964,156,2147653080,156
US,JP,structure-only,2147647120,144,2147653236,144
US,JP,structure-only,2147647264,1132,2147653380,1132
US,JP,structure-only,2147648396,132,2147654512,132
US,JP,structure-only,2147648720,448,2147654836,448
US,JP,structure-only,2147649168,376,2147655284,376
US,JP,structure-only,2147649664,304,2147655780,304
US,JP,structure-only,2147649968,420,2147656084,420
US,JP,structure-only,2147650388,104,2147656504,104
US,JP,structure-only,2147650680,236,2147656852,236
US,JP,structure-only,2147650916,124,2147657088,124
US,JP,structure-only,2147651040,124,2147657212,124
US,JP,structure-only,2147651164,216,2147657336,216
US,JP,structure-only,2147651380,212,2147657552,212
US,JP,structure-only,2147651592,196,2147657764,196
US,JP,structure-only,2147651788,212,2147657960,212
US,JP,structure-only,2147652000,184,2147658172,184
US,JP,structure-only,2147652184,136,2147658356,136
US,JP,structure-only,2147652348,188,2147658520,188
US,JP,structure-only,2147652536,780,2147658708,780
US,JP,structure-only,2147653316,108,2147659488,108
US,JP,structure-only,2147653424,112,2147659596,112
US,JP,structure-only,2147653536,132,2147659708,132
US,JP,structure-only,2147653668,76,2147659840,76
US,JP,structure-only,2147653744,116,2147659916,116
US,JP,structure-only,2147654444,276,2147660616,276
US,JP,structure-only,2147654820,284,2147660992,284
US,JP,structure-only,2147655116,436,2147661288,436
US,JP,structure-only,2147658520,244,2147665180,244
US,JP,structure-only,2147659120,244,2147665780,244
US,JP,structure-only,2147659364,264,2147666024,264
US,JP,structure-only,2147659628,196,2147666288,196
US,JP,structure-only,2147659824,176,2147666484,176
US,JP,structure-only,2147660296,712,2147666956,712
US,JP,structure-only,2147661320,456,2147667972,456
US,JP,structure-only,2147661776,200,2147668428,200
US,JP,structure-only,2147661976,288,2147668628,288
US,JP,structure-only,2147662264,216,2147668916,216
US,JP,structure-only,2147662480,284,2147669132,284
US,JP,structure-only,2147662764,752,2147669416,752
US,JP,structure-only,2147663516,752,2147670168,752
US,JP,structure-only,2147664392,324,2147671044,324
US,JP,structure-only,2147665168,316,2147671820,316
US,JP,structure-only,2147665484,312,2147672136,312
US,JP,structure-only,2147665796,292,2147672448,292
US,JP,structure-only,2147666200,400,2147672852,400
US,JP,structure-only,2147666600,56,2147673252,56
US,JP,structure-only,2147666656,100,2147673308,100
US,JP,structure-only,2147666756,112,2147673408,112
US,JP,structure-only,2147668216,432,2147675060,432
US,JP,structure-only,2147668656,68,2147675500,68
US,JP,structure-only,2147669260,72,2147676108,72
US,JP,structure-only,2147671116,96,2147678032,96
US,JP,structure-only,2147671412,212,2147678472,212
US,JP,structure-only,2147674188,372,2147681328,372
US,JP,structure-only,2147674808,300,2147681948,300
US,JP,structure-only,2147675108,1272,2147682248,1272
US,JP,structure-only,2147676380,1304,2147683520,1304
US,JP,structure-only,2147679332,708,2147686500,708
US,JP,structure-only,2147680040,1424,2147687208,1424
US,JP,structure-only,2147681464,660,2147688632,660
US,JP,structure-only,2147682124,44,2147689292,44
US,JP,structure-only,2147682168,244,2147689336,244
US,JP,structure-only,2147682412,120,2147689580,120
US,JP,structure-only,2147682532,192,2147689700,192
US,JP,structure-only,2147682724,260,2147689892,260
US,JP,structure-only,2147682984,44,2147690152,44
US,JP,structure-only,2147683028,1024,2147690196,1024
US,JP,structure-only,2147684716,252,2147691884,252
US,JP,structure-only,2147684968,532,2147692136,532
US,JP,structure-only,2147686780,296,2147693948,296
US,JP,structure-only,2147687076,172,2147694244,172
US,JP,structure-only,2147687248,140,2147694416,140
US,JP,structure-only,2147688164,248,2147695332,248
US,JP,structure-only,2147688884,400,2147696052,400
US,JP,structure-only,2147690240,220,2147697408,220
US,JP,structure-only,2147690460,80,2147697628,80
US,JP,structure-only,2147690540,804,2147697708,804
US,JP,structure-only,2147691556,268,2147698672,268
US,JP,structure-only,2147691824,144,2147698940,144
US,JP,structure-only,2147691968,572,2147699084,572
US,JP,structure-only,2147692540,268,2147699656,268
US,JP,structure-only,2147692808,528,2147699924,528
US,JP,structure-only,2147693684,128,2147700864,128
US,JP,structure-only,2147693812,124,2147700992,124
US,JP,structure-only,2147693936,108,2147701116,108
US,JP,structure-only,2147694044,52,2147701224,52
US,JP,structure-only,2147698804,116,2147706076,116
US,JP,structure-only,2147698920,32,2147706192,32
US,JP,structure-only,2147698920,32,2147706248,32
US,JP,structure-only,2147698920,32,2147706280,32
US,JP,structure-only,2147698952,24,2147706224,24
US,JP,structure-only,2147698976,32,2147706192,32
US,JP,structure-only,2147698976,32,2147706248,32
US,JP,structure-only,2147698976,32,2147706280,32
US,JP,structure-only,2147699008,32,2147706192,32
US,JP,structure-only,2147699008,32,2147706248,32
US,JP,structure-only,2147699008,32,2147706280,32
US,JP,structure-only,2147699140,100,2147706420,100
US,JP,structure-only,2147699240,288,2147706520,288
US,JP,structure-only,2147711936,480,2147718836,480
US,JP,structure-only,2147719676,976,2147725024,976
US,JP,structure-only,2147720856,272,2147726204,272
US,JP,structure-only,2147721908,328,2147727292,328
US,JP,structure-only,2147726132,264,2147731644,264
US,JP,structure-only,2147727668,2208,2147733180,2208
US,JP,structure-only,2147730712,116,2147736264,116
US,JP,structure-only,2147733608,284,2147739648,284
US,JP,structure-only,2147734756,92,2147740796,92
US,JP,structure-only,2147735272,72,2147741312,72
US,JP,structure-only,2147736848,156,2147743000,156
US,JP,structure-only,2147739456,204,2147746140,204
US,JP,structure-only,2147740268,64,2147746952,64
US,JP,structure-only,2147740332,1028,2147747016,1028
US,JP,structure-only,2147741360,76,2147748044,76
US,JP,structure-only,2147741436,1336,2147748120,1336
US,JP,structure-only,2147742772,88,2147749456,88
US,JP,structure-only,2147743120,3448,2147749804,3448
US,JP,structure-only,2147746568,1352,2147753252,1352
US,JP,structure-only,2147747920,104,2147754604,104
US,JP,structure-only,2147753092,376,2147759712,376
US,JP,structure-only,2147753504,124,2147760124,124
US,JP,structure-only,2147753628,104,2147760248,104
US,JP,structure-only,2147753972,104,2147760592,104
US,JP,structure-only,2147754076,560,2147760696,560
US,JP,structure-only,2147760424,400,2147767044,400
US,JP,structure-only,2147760824,332,2147767444,332
US,JP,structure-only,2147761168,276,2147767788,276
US,JP,structure-only,2147761444,504,2147768064,504
US,JP,structure-only,2147761988,72,2147768608,72
US,JP,structure-only,2147762096,124,2147768716,124
US,JP,structure-only,2147762220,44,2147768840,44
US,JP,structure-only,2147762264,48,2147768884,48
US,JP,structure-only,2147762336,496,2147768956,496
US,JP,structure-only,2147762848,584,2147769468,584
US,JP,structure-only,2147763432,2576,2147770052,2576
US,JP,structure-only,2147766160,104,2147772780,104
US,JP,structure-only,2147767948,292,2147774568,292
US,JP,structure-only,2147768240,572,2147774860,572
US,JP,structure-only,2147772428,388,2147779096,388
US,JP,structure-only,2147773488,1028,2147780156,1028
US,JP,structure-only,2147775024,160,2147781692,160
US,JP,structure-only,2147777112,780,2147783892,780
US,JP,structure-only,2147777892,444,2147784672,444
US,JP,structure-only,2147778336,152,2147785116,152
US,JP,structure-only,2147778552,1492,2147785332,1492
US,JP,structure-only,2147780044,788,2147786824,788
US,JP,structure-only,2147780832,336,2147787612,336
US,JP,structure-only,2147781168,880,2147787948,880
US,JP,structure-only,2147782048,68,2147788828,68
US,JP,structure-only,2147782116,72,2147788896,72
US,JP,structure-only,2147782364,48,2147789176,48
US,JP,structure-only,2147789320,88,2147797024,88
US,JP,structure-only,2147797736,988,2147807976,988
US,JP,structure-only,2147798724,1872,2147808964,1872
US,JP,structure-only,2147800596,672,2147810836,672
US,JP,structure-only,2147801268,760,2147811508,760
US,JP,structure-only,2147802028,152,2147812268,152
US,JP,structure-only,2147802180,280,2147812420,280
US,JP,structure-only,2147802460,396,2147812700,396
US,JP,structure-only,2147802856,276,2147813096,276
US,JP,structure-only,2147803132,228,2147813372,228
US,JP,structure-only,2147809752,860,2147820548,860
US,JP,structure-only,2147810612,1832,2147821408,1832
US,JP,structure-only,2147812444,204,2147823240,204
US,JP,structure-only,2147812648,300,2147823444,300
US,JP,structure-only,2147812948,396,2147823744,396
US,JP,structure-only,2147814136,296,2147824940,296
US,JP,structure-only,2147814432,588,2147825236,588
US,JP,structure-only,2147815020,172,2147825824,172
US,JP,structure-only,2147815192,172,2147825996,172
US,JP,structure-only,2147815192,172,2147826168,172
US,JP,structure-only,2147815192,172,2147826340,172
US,JP,structure-only,2147815364,172,2147825996,172
US,JP,structure-only,2147815364,172,2147826168,172
US,JP,structure-only,2147815364,172,2147826340,172
US,JP,structure-only,2147815536,172,2147825996,172
US,JP,structure-only,2147815536,172,2147826168,172
US,JP,structure-only,2147815536,172,2147826340,172
US,JP,structure-only,2147815708,164,2147826512,164
US,JP,structure-only,2147815872,1260,2147826676,1260
US,JP,structure-only,2147817132,1464,2147827936,1464
US,JP,structure-only,2147818596,448,2147829400,448
US,JP,structure-only,2147819044,1068,2147829848,1068
US,JP,structure-only,2147820112,628,2147830916,628
US,JP,structure-only,2147820740,2772,2147831544,2772
US,JP,structure-only,2147828376,196,2147839740,196
US,JP,structure-only,2147828572,768,2147839936,768
US,JP,structure-only,2147829340,940,2147840704,940
US,JP,structure-only,2147830392,388,2147841756,388
US,JP,structure-only,2147830780,1272,2147842144,1272
US,JP,structure-only,2147832484,1160,2147843816,1160
US,JP,structure-only,2147836448,220,2147847784,220
US,JP,structure-only,2147840720,332,2147852348,332
US,JP,structure-only,2147841052,1128,2147852680,1128
US,JP,structure-only,2147842180,960,2147853808,960
US,JP,structure-only,2147846296,176,2147857928,176
US,JP,structure-only,2147846472,280,2147858104,280
US,JP,structure-only,2147847244,224,2147858900,224
US,JP,structure-only,2147847468,404,2147859124,404
US,JP,structure-only,2147847872,148,2147859528,148
US,JP,structure-only,2147848448,580,2147860104,580
US,JP,structure-only,2147849028,532,2147860684,532
US,JP,structure-only,2147849560,552,2147861216,552
US,JP,structure-only,2147850112,664,2147861768,664
US,JP,structure-only,2147850776,4364,2147862432,4364
US,JP,structure-only,2147855140,216,2147866796,216
US,JP,structure-only,2147856760,920,2147868672,920
US,JP,structure-only,2147858104,104,2147870016,104
US,JP,structure-only,2147858208,2560,2147870120,2560
US,JP,structure-only,2147860768,344,2147872680,344
US,JP,structure-only,2147864784,328,2147876728,328
US,JP,structure-only,2147865112,492,2147877056,492
US,JP,structure-only,2147865604,3328,2147877548,3328
US,JP,structure-only,2147869204,3104,2147881148,3104
US,JP,structure-only,2147872308,2664,2147884252,2664
US,JP,structure-only,2147875660,2316,2147887604,2316
US,JP,structure-only,2147878448,2268,2147890392,2268
US,JP,structure-only,2147880716,1404,2147892660,1404
US,JP,structure-only,2147887988,800,2147899960,800
US,JP,structure-only,2147888788,1952,2147900760,1952
US,JP,structure-only,2147891508,672,2147903616,672
US,JP,structure-only,2147892180,748,2147904288,748
US,JP,structure-only,2147892928,916,2147905036,916
US,JP,structure-only,2147893844,636,2147905952,636
US,JP,structure-only,2147894480,152,2147906588,152
US,JP,structure-only,2147896292,84,2147908416,84
US,JP,structure-only,2147897236,820,2147909484,820
US,JP,structure-only,2147898056,324,2147910304,324
US,JP,structure-only,2147898380,4824,2147910628,4824
US,JP,structure-only,2147903356,1332,2147915604,1332
US,JP,structure-only,2147904688,1280,2147916936,1280
US,JP,structure-only,2147905968,1568,2147918216,1568
US,JP,structure-only,2147907536,1916,2147919784,1916
US,JP,structure-only,2147909452,1192,2147921700,1192
US,JP,structure-only,2147911088,148,2147923336,148
US,JP,structure-only,2147911236,3136,2147923484,3136
US,JP,structure-only,2147914372,2348,2147926620,2348
US,JP,structure-only,2147950568,144,2147975052,144
US,JP,structure-only,2147952048,708,2147976532,708
US,JP,structure-only,2147952756,164,2147977240,164
US,JP,structure-only,2147952920,668,2147977404,668
US,JP,structure-only,2147964864,204,2147979116,204
US,JP,structure-only,2147965136,368,2147979388,368
US,JP,structure-only,2147965504,352,2147979756,352
US,JP,structure-only,2147968528,448,2147982780,448
US,JP,structure-only,2147969440,904,2147983692,904
US,JP,structure-only,2147970344,488,2147984596,488
US,JP,structure-only,2147973436,168,2147986080,168
US,JP,structure-only,2147973604,112,2147986248,112
US,JP,structure-only,2147975304,672,2147987676,672
US,JP,structure-only,2147978548,2332,2147990920,2332
US,JP,structure-only,2147981348,352,2147993720,352
US,JP,structure-only,2147982544,1348,2147994916,1348
US,JP,structure-only,2147983892,272,2147996264,272
US,JP,structure-only,2147984164,624,2147996536,624
US,JP,structure-only,2147985140,640,2147998632,640
US,JP,structure-only,2147987860,1372,2148001352,1372
US,JP,structure-only,2147989232,640,2148002724,640
US,JP,structure-only,2147989872,712,2148003364,712
US,JP,structure-only,2147990584,1036,2148004076,1036
US,JP,structure-only,2147992552,360,2148006044,360
US,JP,structure-only,2147993168,464,2148006660,464
US,JP,structure-only,2147995644,548,2148008752,548
US,JP,structure-only,2147996192,636,2148009300,636
US,JP,structure-only,2147997840,1396,2148010948,1396
US,JP,structure-only,2147999404,32,2148012512,32
US,JP,structure-only,2148001600,1764,2148014980,1764
US,JP,structure-only,2148007840,704,2148021220,704
US,JP,structure-only,2148008576,632,2147997576,632
US,JP,structure-only,2148009280,224,2148021924,224
US,JP,structure-only,2148009704,148,2148022348,148
US,JP,structure-only,2148009852,112,2148022496,112
US,JP,structure-only,2148010048,128,2148022692,128
US,JP,structure-only,2148010240,64,2148022884,64
US,JP,unique-in-base,2147558808,3548,,
US,JP,unique-in-base,2147562564,404,,
US,JP,unique-in-base,2147564568,12008,,
US,JP,unique-in-base,2147599200,192,,
US,JP,unique-in-base,2147601844,484,,
US,JP,unique-in-base,2147622036,268,,
US,JP,unique-in-base,2147623924,220,,
US,JP,unique-in-base,2147624188,892,,
US,JP,unique-in-base,2147625264,516,,
US,JP,unique-in-base,2147631100,112,,
US,JP,unique-in-base,2147635628,92,,
US,JP,unique-in-base,2147636240,420,,
US,JP,unique-in-base,2147636660,356,,
US,JP,unique-in-base,2147637332,1212,,
US,JP,unique-in-base,2147638808,1208,,
US,JP,unique-in-base,2147641500,584,,
US,JP,unique-in-base,2147650492,188,,
US,JP,unique-in-base,2147655552,496,,
US,JP,unique-in-base,2147656048,1228,,
US,JP,unique-in-base,2147657520,680,,
US,JP,unique-in-base,2147661008,56,,
US,JP,unique-in-base,2147666920,832,,
US,JP,unique-in-base,2147667752,464,,
US,JP,unique-in-base,2147668724,472,,
US,JP,unique-in-base,2147669332,296,,
US,JP,unique-in-base,2147669628,1488,,
US,JP,unique-in-base,2147671212,120,,
US,JP,unique-in-base,2147671624,1264,,
US,JP,unique-in-base,2147677684,1588,,
US,JP,unique-in-base,2147691344,212,,
US,JP,unique-in-base,2147693336,348,,
US,JP,unique-in-base,2147694096,4708,,
US,JP,unique-in-base,2147699040,100,,
US,JP,unique-in-base,2147700052,2352,,
US,JP,unique-in-base,2147704432,7044,,
US,JP,unique-in-base,2147711476,460,,
US,JP,unique-in-base,2147712416,7260,,
US,JP,unique-in-base,2147721128,780,,
US,JP,unique-in-base,2147722236,2796,,
US,JP,unique-in-base,2147725552,484,,
US,JP,unique-in-base,2147730460,252,,
US,JP,unique-in-base,2147730828,2544,,
US,JP,unique-in-base,2147737004,1164,,
US,JP,unique-in-base,2147738168,100,,
US,JP,unique-in-base,2147738268,168,,
US,JP,unique-in-base,2147738436,472,,
US,JP,unique-in-base,2147738908,128,,
US,JP,unique-in-base,2147748024,3132,,
US,JP,unique-in-base,2147751156,1936,,
US,JP,unique-in-base,2147754900,576,,
US,JP,unique-in-base,2147761156,12,,
US,JP,unique-in-base,2147768812,304,,
US,JP,unique-in-base,2147769116,308,,
US,JP,unique-in-base,2147769424,352,,
US,JP,unique-in-base,2147769776,1620,,
US,JP,unique-in-base,2147771396,84,,
US,JP,unique-in-base,2147771480,220,,
US,JP,unique-in-base,2147771700,728,,
US,JP,unique-in-base,2147775184,1928,,
US,JP,unique-in-base,2147782188,176,,
US,JP,unique-in-base,2147782412,6908,,
US,JP,unique-in-base,2147789408,2236,,
US,JP,unique-in-base,2147796316,1356,,
US,JP,unique-in-base,2147806636,2792,,
US,JP,unique-in-base,2147809428,324,,
US,JP,unique-in-base,2147813344,792,,
US,JP,unique-in-base,2147823512,4864,,
US,JP,unique-in-base,2147832052,432,,
US,JP,unique-in-base,2147833920,2108,,
US,JP,unique-in-base,2147836028,420,,
US,JP,unique-in-base,2147836668,4052,,
US,JP,unique-in-base,2147843140,36,,
US,JP,unique-in-base,2147843212,3084,,
US,JP,unique-in-base,2147846752,324,,
US,JP,unique-in-base,2147847076,168,,
US,JP,unique-in-base,2147855356,1224,,
US,JP,unique-in-base,2147863076,760,,
US,JP,unique-in-base,2147883036,4952,,
US,JP,unique-in-base,2147890740,768,,
US,JP,unique-in-base,2147894632,1660,,
US,JP,unique-in-base,2147896376,860,,
US,JP,unique-in-base,2147993664,48,,
US,JP,unique-in-base,2147994064,520,,
US,JP,unique-in-base,2147999436,2164,,
US,JP,unique-in-base,2148010384,52848,,
US,JP,unique-in-target,,,2147558660,2468
US,JP,unique-in-target,,,2147561128,468
US,JP,unique-in-target,,,2147561596,240
US,JP,unique-in-target,,,2147561836,364
US,JP,unique-in-target,,,2147562200,372
US,JP,unique-in-target,,,2147562572,436
US,JP,unique-in-target,,,2147563008,148
US,JP,unique-in-target,,,2147563156,400
US,JP,unique-in-target,,,2147563996,3640
US,JP,unique-in-target,,,2147567844,412
US,JP,unique-in-target,,,2147569856,11996
US,JP,unique-in-target,,,2147604476,192
US,JP,unique-in-target,,,2147607120,516
US,JP,unique-in-target,,,2147627344,224
US,JP,unique-in-target,,,2147629188,168
US,JP,unique-in-target,,,2147629356,320
US,JP,unique-in-target,,,2147629720,224
US,JP,unique-in-target,,,2147629944,1656
US,JP,unique-in-target,,,2147631784,532
US,JP,unique-in-target,,,2147642052,100
US,JP,unique-in-target,,,2147642672,472
US,JP,unique-in-target,,,2147643144,364
US,JP,unique-in-target,,,2147643824,976
US,JP,unique-in-target,,,2147645064,900
US,JP,unique-in-target,,,2147647448,752
US,JP,unique-in-target,,,2147656608,168
US,JP,unique-in-target,,,2147656776,76
US,JP,unique-in-target,,,2147661724,852
US,JP,unique-in-target,,,2147662576,1312
US,JP,unique-in-target,,,2147664132,728
US,JP,unique-in-target,,,2147667668,48
US,JP,unique-in-target,,,2147673572,860
US,JP,unique-in-target,,,2147674432,628
US,JP,unique-in-target,,,2147675568,476
US,JP,unique-in-target,,,2147676180,312
US,JP,unique-in-target,,,2147676492,1540
US,JP,unique-in-target,,,2147678128,132
US,JP,unique-in-target,,,2147678260,132
US,JP,unique-in-target,,,2147678684,1344
US,JP,unique-in-target,,,2147684824,1616
US,JP,unique-in-target,,,2147698512,160
US,JP,unique-in-target,,,2147700452,412
US,JP,unique-in-target,,,2147701276,4800
US,JP,unique-in-target,,,2147706312,108
US,JP,unique-in-target,,,2147707332,2940
US,JP,unique-in-target,,,2147712300,6536
US,JP,unique-in-target,,,2147719316,5708
US,JP,unique-in-target,,,2147726476,816
US,JP,unique-in-target,,,2147727620,2928
US,JP,unique-in-target,,,2147731068,480
US,JP,unique-in-target,,,2147735972,108
US,JP,unique-in-target,,,2147736080,112
US,JP,unique-in-target,,,2147736192,72
US,JP,unique-in-target,,,2147736380,3032
US,JP,unique-in-target,,,2147743156,240
US,JP,unique-in-target,,,2147743396,1392
US,JP,unique-in-target,,,2147744788,116
US,JP,unique-in-target,,,2147744904,180
US,JP,unique-in-target,,,2147745084,484
US,JP,unique-in-target,,,2147745568,152
US,JP,unique-in-target,,,2147754708,3028
US,JP,unique-in-target,,,2147757736,1976
US,JP,unique-in-target,,,2147761520,468
US,JP,unique-in-target,,,2147761988,108
US,JP,unique-in-target,,,2147775432,264
US,JP,unique-in-target,,,2147775696,304
US,JP,unique-in-target,,,2147776000,352
US,JP,unique-in-target,,,2147776352,1568
US,JP,unique-in-target,,,2147777920,112
US,JP,unique-in-target,,,2147778032,320
US,JP,unique-in-target,,,2147778352,744
US,JP,unique-in-target,,,2147781852,2040
US,JP,unique-in-target,,,2147788968,208
US,JP,unique-in-target,,,2147789224,7800
US,JP,unique-in-target,,,2147797112,2820
US,JP,unique-in-target,,,2147804604,436
US,JP,unique-in-target,,,2147805040,2872
US,JP,unique-in-target,,,2147816876,3324
US,JP,unique-in-target,,,2147820200,348
US,JP,unique-in-target,,,2147824140,800
US,JP,unique-in-target,,,2147834316,1288
US,JP,unique-in-target,,,2147835604,4136
US,JP,unique-in-target,,,2147843416,400
US,JP,unique-in-target,,,2147845252,2112
US,JP,unique-in-target,,,2147847364,420
US,JP,unique-in-target,,,2147848004,4344
US,JP,unique-in-target,,,2147854840,3088
US,JP,unique-in-target,,,2147858384,324
US,JP,unique-in-target,,,2147858708,192
US,JP,unique-in-target,,,2147867012,1480
US,JP,unique-in-target,,,2147874988,792
US,JP,unique-in-target,,,2147894980,4980
US,JP,unique-in-target,,,2147902712,904
US,JP,unique-in-target,,,2147906740,1676
US,JP,unique-in-target,,,2147908500,984
US,JP,unique-in-target,,,2147962724,92
US,JP,unique-in-target,,,2147972736,16
US,JP,unique-in-target,,,2147972768,16
US,JP,unique-in-target,,,2147997496,16
US,JP,unique-in-target,,,2148007140,552
US,JP,unique-in-target,,,2148012544,2436
US,JP,unique-in-target,,,2148023028,54540
US,PAL,address-shift-only,2147599392,80,2147599412,80
US,PAL,address-shift-only,2147602628,1356,2147602692,1356
US,PAL,address-shift-only,2147603984,364,2147604048,364
US,PAL,address-shift-only,2147610084,364,2147610148,364
US,PAL,address-shift-only,2147611676,608,2147611740,608
US,PAL,address-shift-only,2147612284,116,2147612348,116
US,PAL,address-shift-only,2147612400,256,2147612464,256
US,PAL,address-shift-only,2147612968,792,2147613032,792
US,PAL,address-shift-only,2147614820,720,2147614884,720
US,PAL,address-shift-only,2147620096,148,2147620160,148
US,PAL,address-shift-only,2147620244,488,2147620308,488
US,PAL,address-shift-only,2147620732,280,2147620796,280
US,PAL,address-shift-only,2147621568,212,2147621632,212
US,PAL,address-shift-only,2147622304,124,2147622324,124
US,PAL,address-shift-only,2147622428,140,2147622448,140
US,PAL,address-shift-only,2147624144,44,2147624184,44
US,PAL,address-shift-only,2147625080,76,2147625640,76
US,PAL,address-shift-only,2147625780,96,2147626356,96
US,PAL,address-shift-only,2147626416,276,2147626992,276
US,PAL,address-shift-only,2147626692,400,2147627268,400
US,PAL,address-shift-only,2147627092,316,2147627668,316
US,PAL,address-shift-only,2147629632,780,2147630208,780
US,PAL,address-shift-only,2147633216,124,2147633680,124
US,PAL,address-shift-only,2147633340,184,2147633804,184
US,PAL,address-shift-only,2147635720,152,2147636192,152
US,PAL,address-shift-only,2147640016,208,2147640004,208
US,PAL,address-shift-only,2147642352,52,2147642508,52
US,PAL,address-shift-only,2147642404,148,2147642560,148
US,PAL,address-shift-only,2147642552,60,2147642708,60
US,PAL,address-shift-only,2147648616,44,2147648772,44
US,PAL,address-shift-only,2147648660,60,2147648816,60
US,PAL,address-shift-only,2147649544,60,2147649788,60
US,PAL,address-shift-only,2147649604,60,2147649848,60
US,PAL,address-shift-only,2147658764,136,2147659008,136
US,PAL,address-shift-only,2147673436,112,2147674084,112
US,PAL,address-shift-only,2147673744,148,2147674392,148
US,PAL,address-shift-only,2147673892,60,2147674540,60
US,PAL,address-shift-only,2147673952,92,2147674600,92
US,PAL,address-shift-only,2147674560,132,2147675208,132
US,PAL,address-shift-only,2147674692,116,2147675340,116
US,PAL,address-shift-only,2147684052,264,2147684728,264
US,PAL,address-shift-only,2147684316,128,2147684992,128
US,PAL,address-shift-only,2147684444,120,2147685120,120
US,PAL,address-shift-only,2147684564,88,2147685240,88
US,PAL,address-shift-only,2147684652,64,2147685328,64
US,PAL,address-shift-only,2147685896,300,2147686572,300
US,PAL,address-shift-only,2147686212,68,2147686888,68
US,PAL,address-shift-only,2147686280,68,2147686956,68
US,PAL,address-shift-only,2147686372,136,2147687048,136
US,PAL,address-shift-only,2147686508,272,2147687184,272
US,PAL,address-shift-only,2147687512,32,2147688252,32
US,PAL,address-shift-only,2147689528,96,2147690280,96
US,PAL,address-shift-only,2147726036,96,2147725236,96
US,PAL,address-shift-only,2147729992,200,2147729192,200
US,PAL,address-shift-only,2147734312,80,2147733740,80
US,PAL,address-shift-only,2147734392,232,2147733820,232
US,PAL,address-shift-only,2147734624,132,2147734052,132
US,PAL,address-shift-only,2147735344,168,2147734772,168
US,PAL,address-shift-only,2147736404,68,2147735832,68
US,PAL,address-shift-only,2147742860,56,2147742288,56
US,PAL,address-shift-only,2147742916,204,2147742344,204
US,PAL,address-shift-only,2147753468,36,2147752896,36
US,PAL,address-shift-only,2147753732,84,2147753160,84
US,PAL,address-shift-only,2147753816,156,2147753244,156
US,PAL,address-shift-only,2147754824,76,2147754252,76
US,PAL,address-shift-only,2147755476,292,2147754904,292
US,PAL,address-shift-only,2147756304,100,2147755732,100
US,PAL,address-shift-only,2147756404,280,2147755832,280
US,PAL,address-shift-only,2147756684,376,2147756112,376
US,PAL,address-shift-only,2147757648,672,2147757076,672
US,PAL,address-shift-only,2147766008,152,2147765436,152
US,PAL,address-shift-only,2147766868,404,2147766296,404
US,PAL,address-shift-only,2147767272,332,2147766700,332
US,PAL,address-shift-only,2147767604,284,2147767032,284
US,PAL,address-shift-only,2147767888,60,2147767316,60
US,PAL,address-shift-only,2147774516,356,2147773976,356
US,PAL,address-shift-only,2147791644,84,2147791444,84
US,PAL,address-shift-only,2147791728,52,2147791528,52
US,PAL,address-shift-only,2147791900,84,2147791700,84
US,PAL,address-shift-only,2147830280,112,2147830260,112
US,PAL,address-shift-only,2147848204,100,2147848452,100
US,PAL,address-shift-only,2147856580,48,2147856828,48
US,PAL,address-shift-only,2147882556,116,2147882836,116
US,PAL,address-shift-only,2147882672,284,2147882952,284
US,PAL,address-shift-only,2147882956,80,2147883236,80
US,PAL,address-shift-only,2147910644,444,2147910924,444
US,PAL,address-shift-only,2147916720,276,2147917000,276
US,PAL,address-shift-only,2147917424,156,2147917704,156
US,PAL,address-shift-only,2147917580,136,2147917860,136
US,PAL,address-shift-only,2147923144,448,2147923424,448
US,PAL,address-shift-only,2147924012,2680,2147924292,2680
US,PAL,address-shift-only,2147926692,212,2147926972,212
US,PAL,address-shift-only,2147926960,128,2147927240,128
US,PAL,address-shift-only,2147930260,452,2147930540,452
US,PAL,address-shift-only,2147931080,220,2147931360,220
US,PAL,address-shift-only,2147932060,200,2147932340,200
US,PAL,address-shift-only,2147932260,228,2147932540,228
US,PAL,address-shift-only,2147932488,264,2147932768,264
US,PAL,address-shift-only,2147932752,300,2147933032,300
US,PAL,address-shift-only,2147940776,1120,2147941056,1120
US,PAL,address-shift-only,2147942000,1044,2147942280,1044
US,PAL,address-shift-only,2147943304,920,2147943584,920
US,PAL,address-shift-only,2147944224,300,2147944504,300
US,PAL,address-shift-only,2147944524,260,2147944804,260
US,PAL,address-shift-only,2147948968,32,2147949248,32
US,PAL,address-shift-only,2147948968,32,2147949300,32
US,PAL,address-shift-only,2147948968,32,2147950428,32
US,PAL,address-shift-only,2147949020,32,2147949248,32
US,PAL,address-shift-only,2147949020,32,2147949300,32
US,PAL,address-shift-only,2147949020,32,2147950428,32
US,PAL,address-shift-only,2147950048,32,2147950328,32
US,PAL,address-shift-only,2147950048,32,2147950360,32
US,PAL,address-shift-only,2147950080,32,2147950328,32
US,PAL,address-shift-only,2147950080,32,2147950360,32
US,PAL,address-shift-only,2147950112,36,2147950392,36
US,PAL,address-shift-only,2147950148,32,2147949248,32
US,PAL,address-shift-only,2147950148,32,2147949300,32
US,PAL,address-shift-only,2147950148,32,2147950428,32
US,PAL,address-shift-only,2147950712,192,2147950992,192
US,PAL,address-shift-only,2147952016,32,2147952296,32
US,PAL,address-shift-only,2147953588,116,2147953868,116
US,PAL,address-shift-only,2147953752,64,2147954032,64
US,PAL,address-shift-only,2147969088,48,2147969368,48
US,PAL,address-shift-only,2147969136,32,2147969416,32
US,PAL,address-shift-only,2147969296,128,2147969576,128
US,PAL,address-shift-only,2147974456,192,2147975516,192
US,PAL,address-shift-only,2147974712,112,2147975772,112
US,PAL,address-shift-only,2147974888,108,2147975948,108
US,PAL,address-shift-only,2147974996,56,2147976056,56
US,PAL,address-shift-only,2147975052,44,2147976112,44
US,PAL,address-shift-only,2147975160,64,2147976220,64
US,PAL,address-shift-only,2147978216,332,2147979276,332
US,PAL,address-shift-only,2147987756,104,2147988816,104
US,PAL,address-shift-only,2147993664,48,2147994724,48
US,PAL,address-shift-only,2147997028,132,2147998088,132
US,PAL,address-shift-only,2148010304,48,2148011636,48
US,PAL,constants-only,2147558368,96,2147558400,96
US,PAL,constants-only,2147558464,288,2147558496,288
US,PAL,constants-only,2147558760,48,2147558792,48
US,PAL,constants-only,2147558808,3548,2147558840,3548
US,PAL,constants-only,2147562356,208,2147562388,208
US,PAL,constants-only,2147562968,608,2147563008,608
US,PAL,constants-only,2147563576,568,2147563616,568
US,PAL,constants-only,2147564144,424,2147564184,424
US,PAL,constants-only,2147576576,968,2147576604,968
US,PAL,constants-only,2147577544,356,2147577572,356
US,PAL,constants-only,2147577900,312,2147577928,312
US,PAL,constants-only,2147578212,436,2147578240,436
US,PAL,constants-only,2147578648,692,2147578676,692
US,PAL,constants-only,2147579340,4176,2147579368,4176
US,PAL,constants-only,2147584024,144,2147584052,144
US,PAL,constants-only,2147584168,624,2147584196,624
US,PAL,constants-only,2147584792,520,2147584820,520
US,PAL,constants-only,2147585312,124,2147585340,124
US,PAL,constants-only,2147585436,156,2147585464,156
US,PAL,constants-only,2147585592,136,2147585620,136
US,PAL,constants-only,2147585728,300,2147585756,300
US,PAL,constants-only,2147586344,928,2147586372,928
US,PAL,constants-only,2147587272,1072,2147587300,1072
US,PAL,constants-only,2147588344,1412,2147588372,1412
US,PAL,constants-only,2147589756,220,2147589784,220
US,PAL,constants-only,2147589976,356,2147590004,356
US,PAL,constants-only,2147590332,4504,2147590360,4504
US,PAL,constants-only,2147594836,4364,2147594864,4364
US,PAL,constants-only,2147599472,132,2147599492,132
US,PAL,constants-only,2147599604,120,2147599624,120
US,PAL,constants-only,2147600868,128,2147600900,128
US,PAL,constants-only,2147600996,52,2147601028,52
US,PAL,constants-only,2147601048,328,2147601080,328
US,PAL,constants-only,2147601376,56,2147601408,56
US,PAL,constants-only,2147601432,264,2147601464,264
US,PAL,constants-only,2147601696,148,2147601728,148
US,PAL,constants-only,2147602328,84,2147602392,84
US,PAL,constants-only,2147602412,128,2147602476,128
US,PAL,constants-only,2147602540,40,2147602604,40
US,PAL,constants-only,2147602580,48,2147602644,48
US,PAL,constants-only,2147604348,5008,2147604412,5008
US,PAL,constants-only,2147609356,224,2147609420,224
US,PAL,constants-only,2147613760,1060,2147613824,1060
US,PAL,constants-only,2147615540,2340,2147615604,2340
US,PAL,constants-only,2147617880,2216,2147617944,2216
US,PAL,constants-only,2147621820,112,2147621884,112
US,PAL,constants-only,2147621932,96,2147621996,96
US,PAL,constants-only,2147622620,856,2147622640,856
US,PAL,constants-only,2147623476,172,2147623496,172
US,PAL,constants-only,2147623648,56,2147623668,56
US,PAL,constants-only,2147623704,220,2147623724,220
US,PAL,constants-only,2147625156,108,2147625716,108
US,PAL,constants-only,2147625884,64,2147626460,64
US,PAL,constants-only,2147625948,172,2147626524,172
US,PAL,constants-only,2147627408,760,2147627984,760
US,PAL,constants-only,2147628168,440,2147628744,440
US,PAL,constants-only,2147628608,324,2147629184,324
US,PAL,constants-only,2147628932,700,2147629508,700
US,PAL,constants-only,2147630412,688,2147630988,688
US,PAL,constants-only,2147631212,588,2147631676,588
US,PAL,constants-only,2147631800,428,2147632264,428
US,PAL,constants-only,2147632228,184,2147632692,184
US,PAL,constants-only,2147632412,8,2147632876,8
US,PAL,constants-only,2147633180,36,2147633644,36
US,PAL,constants-only,2147633524,660,2147633988,660
US,PAL,constants-only,2147634184,1328,2147634648,1328
US,PAL,constants-only,2147635512,116,2147635976,116
US,PAL,constants-only,2147635872,368,2147636344,368
US,PAL,constants-only,2147637016,316,2147637548,316
US,PAL,constants-only,2147638544,264,2147638840,264
US,PAL,constants-only,2147640224,92,2147640212,92
US,PAL,constants-only,2147640316,68,2147640304,68
US,PAL,constants-only,2147640384,128,2147640372,128
US,PAL,constants-only,2147640512,128,2147640500,128
US,PAL,constants-only,2147640512,128,2147640628,128
US,PAL,constants-only,2147640640,128,2147640500,128
US,PAL,constants-only,2147640640,128,2147640628,128
US,PAL,constants-only,2147640768,732,2147640756,732
US,PAL,constants-only,2147642084,268,2147642240,268
US,PAL,constants-only,2147642612,136,2147642768,136
US,PAL,constants-only,2147642952,56,2147643108,56
US,PAL,constants-only,2147643008,88,2147643164,88
US,PAL,constants-only,2147643096,2400,2147643252,2400
US,PAL,constants-only,2147645496,848,2147645652,848
US,PAL,constants-only,2147646344,620,2147646500,620
US,PAL,constants-only,2147646964,156,2147647120,156
US,PAL,constants-only,2147647120,144,2147647276,144
US,PAL,constants-only,2147647264,1132,2147647420,1132
US,PAL,constants-only,2147648396,132,2147648552,132
US,PAL,constants-only,2147648528,44,2147648684,44
US,PAL,constants-only,2147648572,44,2147648728,44
US,PAL,constants-only,2147649168,376,2147649412,376
US,PAL,constants-only,2147649664,304,2147649908,304
US,PAL,constants-only,2147649968,420,2147650212,420
US,PAL,constants-only,2147650388,104,2147650632,104
US,PAL,constants-only,2147650492,188,2147650736,188
US,PAL,constants-only,2147650680,236,2147650924,236
US,PAL,constants-only,2147650916,124,2147651160,124
US,PAL,constants-only,2147651040,124,2147651284,124
US,PAL,constants-only,2147651164,216,2147651408,216
US,PAL,constants-only,2147651380,212,2147651624,212
US,PAL,constants-only,2147651592,196,2147651836,196
US,PAL,constants-only,2147651788,212,2147652032,212
US,PAL,constants-only,2147652000,184,2147652244,184
US,PAL,constants-only,2147652184,136,2147652428,136
US,PAL,constants-only,2147652320,28,2147652564,28
US,PAL,constants-only,2147652348,188,2147652592,188
US,PAL,constants-only,2147652536,780,2147652780,780
US,PAL,constants-only,2147653316,108,2147653560,108
US,PAL,constants-only,2147653424,112,2147653668,112
US,PAL,constants-only,2147653536,132,2147653780,132
US,PAL,constants-only,2147653668,76,2147653912,76
US,PAL,constants-only,2147653744,116,2147653988,116
US,PAL,constants-only,2147653860,56,2147654104,56
US,PAL,constants-only,2147653916,108,2147654160,108
US,PAL,constants-only,2147654024,200,2147654268,200
US,PAL,constants-only,2147654224,100,2147654468,100
US,PAL,constants-only,2147654324,120,2147654568,120
US,PAL,constants-only,2147654444,276,2147654688,276
US,PAL,constants-only,2147654720,100,2147654964,100
US,PAL,constants-only,2147654820,284,2147655064,284
US,PAL,constants-only,2147655104,12,2147655348,12
US,PAL,constants-only,2147655552,496,2147655796,496
US,PAL,constants-only,2147657276,60,2147657520,60
US,PAL,constants-only,2147657420,100,2147657664,100
US,PAL,constants-only,2147657520,680,2147657764,680
US,PAL,constants-only,2147658224,84,2147658468,84
US,PAL,constants-only,2147658308,212,2147658552,212
US,PAL,constants-only,2147658900,36,2147659144,36
US,PAL,constants-only,2147658936,76,2147659180,76
US,PAL,constants-only,2147659012,108,2147659256,108
US,PAL,constants-only,2147659120,244,2147659364,244
US,PAL,constants-only,2147660000,80,2147660244,80
US,PAL,constants-only,2147660080,192,2147660324,192
US,PAL,constants-only,2147660272,12,2147660516,12
US,PAL,constants-only,2147660284,12,2147660528,12
US,PAL,constants-only,2147660296,712,2147660540,712
US,PAL,constants-only,2147661064,56,2147661300,56
US,PAL,constants-only,2147661120,116,2147661356,116
US,PAL,constants-only,2147661236,84,2147661472,84
US,PAL,constants-only,2147662764,752,2147663000,752
US,PAL,constants-only,2147664268,68,2147664504,68
US,PAL,constants-only,2147664336,56,2147664572,56
US,PAL,constants-only,2147664716,216,2147664952,216
US,PAL,constants-only,2147664932,236,2147665168,236
US,PAL,constants-only,2147666088,112,2147666324,112
US,PAL,constants-only,2147666600,56,2147666836,56
US,PAL,constants-only,2147666656,100,2147666892,100
US,PAL,constants-only,2147666756,112,2147666992,112
US,PAL,constants-only,2147666868,52,2147667104,52
US,PAL,constants-only,2147666920,832,2147667156,832
US,PAL,constants-only,2147667752,464,2147667988,464
US,PAL,constants-only,2147668216,432,2147668452,432
US,PAL,constants-only,2147668656,68,2147668892,68
US,PAL,constants-only,2147669196,64,2147669436,64
US,PAL,constants-only,2147669260,72,2147669500,72
US,PAL,constants-only,2147671116,96,2147671424,96
US,PAL,constants-only,2147671212,120,2147671520,120
US,PAL,constants-only,2147671332,80,2147671640,80
US,PAL,constants-only,2147672888,24,2147673536,24
US,PAL,constants-only,2147672912,200,2147673560,200
US,PAL,constants-only,2147673112,84,2147673760,84
US,PAL,constants-only,2147673112,84,2147673844,84
US,PAL,constants-only,2147673196,84,2147673760,84
US,PAL,constants-only,2147673196,84,2147673844,84
US,PAL,constants-only,2147673280,44,2147673928,44
US,PAL,constants-only,2147673324,56,2147673972,56
US,PAL,constants-only,2147673380,24,2147674028,24
US,PAL,constants-only,2147673404,20,2147674052,20
US,PAL,constants-only,2147673424,12,2147674072,12
US,PAL,constants-only,2147673548,140,2147674196,140
US,PAL,constants-only,2147674188,372,2147674836,372
US,PAL,constants-only,2147674808,300,2147675456,300
US,PAL,constants-only,2147675108,1272,2147675756,1272
US,PAL,constants-only,2147676380,1304,2147677028,1304
US,PAL,constants-only,2147679332,708,2147680008,708
US,PAL,constants-only,2147680040,1424,2147680716,1424
US,PAL,constants-only,2147681464,660,2147682140,660
US,PAL,constants-only,2147682124,44,2147682800,44
US,PAL,constants-only,2147682168,244,2147682844,244
US,PAL,constants-only,2147682412,120,2147683088,120
US,PAL,constants-only,2147682532,192,2147683208,192
US,PAL,constants-only,2147682724,260,2147683400,260
US,PAL,constants-only,2147682984,44,2147683660,44
US,PAL,constants-only,2147683028,1024,2147683704,1024
US,PAL,constants-only,2147684716,252,2147685392,252
US,PAL,constants-only,2147684968,532,2147685644,532
US,PAL,constants-only,2147685500,68,2147686176,68
US,PAL,constants-only,2147685568,328,2147686244,328
US,PAL,constants-only,2147687076,172,2147687816,172
US,PAL,constants-only,2147687248,140,2147687988,140
US,PAL,constants-only,2147687388,64,2147688128,64
US,PAL,constants-only,2147687544,184,2147688284,184
US,PAL,constants-only,2147687728,208,2147688468,208
US,PAL,constants-only,2147687936,228,2147688676,228
US,PAL,constants-only,2147688164,248,2147688904,248
US,PAL,constants-only,2147688412,472,2147689152,472
US,PAL,constants-only,2147688884,400,2147689624,400
US,PAL,constants-only,2147689624,252,2147690376,252
US,PAL,constants-only,2147689876,216,2147690628,216
US,PAL,constants-only,2147690092,72,2147690844,72
US,PAL,constants-only,2147690240,220,2147690992,220
US,PAL,constants-only,2147690460,80,2147691212,80
US,PAL,constants-only,2147690540,804,2147691292,804
US,PAL,constants-only,2147691824,144,2147692708,144
US,PAL,constants-only,2147691968,572,2147692852,572
US,PAL,constants-only,2147692540,268,2147693424,268
US,PAL,constants-only,2147692808,528,2147693692,528
US,PAL,constants-only,2147693684,128,2147694632,128
US,PAL,constants-only,2147693812,124,2147694760,124
US,PAL,constants-only,2147693936,108,2147694884,108
US,PAL,constants-only,2147694044,52,2147694992,52
US,PAL,constants-only,2147698804,116,2147699832,116
US,PAL,constants-only,2147698920,32,2147699948,32
US,PAL,constants-only,2147698920,32,2147700004,32
US,PAL,constants-only,2147698920,32,2147700036,32
US,PAL,constants-only,2147698952,24,2147699980,24
US,PAL,constants-only,2147698976,32,2147699948,32
US,PAL,constants-only,2147698976,32,2147700004,32
US,PAL,constants-only,2147698976,32,2147700036,32
US,PAL,constants-only,2147699008,32,2147699948,32
US,PAL,constants-only,2147699008,32,2147700004,32
US,PAL,constants-only,2147699008,32,2147700036,32
US,PAL,constants-only,2147699140,100,2147700168,100
US,PAL,constants-only,2147699240,288,2147700268,288
US,PAL,constants-only,2147699528,116,2147700556,116
US,PAL,constants-only,2147699644,408,2147700672,408
US,PAL,constants-only,2147700052,2352,2147701080,2352
US,PAL,constants-only,2147702404,308,2147703432,308
US,PAL,constants-only,2147702712,1464,2147703740,1464
US,PAL,constants-only,2147704176,256,2147705204,256
US,PAL,constants-only,2147711936,480,2147712580,480
US,PAL,constants-only,2147719676,976,2147718840,976
US,PAL,constants-only,2147720652,204,2147719816,204
US,PAL,constants-only,2147720856,272,2147720020,272
US,PAL,constants-only,2147721128,780,2147720292,780
US,PAL,constants-only,2147721908,328,2147721072,328
US,PAL,constants-only,2147725032,156,2147724236,156
US,PAL,constants-only,2147725188,132,2147724392,132
US,PAL,constants-only,2147725320,232,2147724524,232
US,PAL,constants-only,2147726132,264,2147725332,264
US,PAL,constants-only,2147726396,660,2147725596,660
US,PAL,constants-only,2147727056,612,2147726256,612
US,PAL,constants-only,2147727668,2208,2147726868,2208
US,PAL,constants-only,2147729876,116,2147729076,116
US,PAL,constants-only,2147730192,268,2147729392,268
US,PAL,constants-only,2147730712,116,2147729944,116
US,PAL,constants-only,2147733372,68,2147732800,68
US,PAL,constants-only,2147733440,168,2147732868,168
US,PAL,constants-only,2147733608,284,2147733036,284
US,PAL,constants-only,2147733892,60,2147733320,60
US,PAL,constants-only,2147733952,84,2147733380,84
US,PAL,constants-only,2147734756,92,2147734184,92
US,PAL,constants-only,2147734916,148,2147734344,148
US,PAL,constants-only,2147735064,208,2147734492,208
US,PAL,constants-only,2147735272,72,2147734700,72
US,PAL,constants-only,2147735512,388,2147734940,388
US,PAL,constants-only,2147735900,144,2147735328,144
US,PAL,constants-only,2147736044,124,2147735472,124
US,PAL,constants-only,2147736044,124,2147735596,124
US,PAL,constants-only,2147736168,124,2147735472,124
US,PAL,constants-only,2147736168,124,2147735596,124
US,PAL,constants-only,2147736292,112,2147735720,112
US,PAL,constants-only,2147736472,96,2147735900,96
US,PAL,constants-only,2147736568,56,2147735996,56
US,PAL,constants-only,2147736624,108,2147736052,108
US,PAL,constants-only,2147736732,116,2147736160,116
US,PAL,constants-only,2147736848,156,2147736276,156
US,PAL,constants-only,2147737004,1164,2147736432,1164
US,PAL,constants-only,2147738168,100,2147737596,100
US,PAL,constants-only,2147738268,168,2147737696,168
US,PAL,constants-only,2147738436,472,2147737864,472
US,PAL,constants-only,2147738908,128,2147738336,128
US,PAL,constants-only,2147739036,100,2147738464,100
US,PAL,constants-only,2147739136,120,2147738564,120
US,PAL,constants-only,2147739256,92,2147738684,92
US,PAL,constants-only,2147739348,108,2147738776,108
US,PAL,constants-only,2147739456,204,2147738884,204
US,PAL,constants-only,2147739660,36,2147739088,36
US,PAL,constants-only,2147739696,44,2147739124,44
US,PAL,constants-only,2147739740,24,2147739168,24
US,PAL,constants-only,2147739764,116,2147739192,116
US,PAL,constants-only,2147739880,80,2147739308,80
US,PAL,constants-only,2147739960,20,2147739388,20
US,PAL,constants-only,2147739980,44,2147739408,44
US,PAL,constants-only,2147740024,64,2147739452,64
US,PAL,constants-only,2147740088,24,2147739516,24
US,PAL,constants-only,2147740112,56,2147739540,56
US,PAL,constants-only,2147740168,32,2147739596,32
US,PAL,constants-only,2147740200,68,2147739628,68
US,PAL,constants-only,2147740268,64,2147739696,64
US,PAL,constants-only,2147740332,1028,2147739760,1028
US,PAL,constants-only,2147741360,76,2147740788,76
US,PAL,constants-only,2147741436,1336,2147740864,1336
US,PAL,constants-only,2147742772,88,2147742200,88
US,PAL,constants-only,2147746568,1352,2147745996,1352
US,PAL,constants-only,2147747920,104,2147747348,104
US,PAL,constants-only,2147748024,3132,2147747452,3132
US,PAL,constants-only,2147751156,1936,2147750584,1936
US,PAL,constants-only,2147753092,376,2147752520,376
US,PAL,constants-only,2147753504,124,2147752932,124
US,PAL,constants-only,2147753628,104,2147753056,104
US,PAL,constants-only,2147753972,104,2147753400,104
US,PAL,constants-only,2147754076,560,2147753504,560
US,PAL,constants-only,2147754900,576,2147754328,576
US,PAL,constants-only,2147755768,536,2147755196,536
US,PAL,constants-only,2147757060,588,2147756488,588
US,PAL,constants-only,2147758320,2104,2147757748,2104
US,PAL,constants-only,2147760424,400,2147759852,400
US,PAL,constants-only,2147760824,332,2147760252,332
US,PAL,constants-only,2147761156,12,2147760584,12
US,PAL,constants-only,2147761168,276,2147760596,276
US,PAL,constants-only,2147761444,504,2147760872,504
US,PAL,constants-only,2147761948,12,2147761376,12
US,PAL,constants-only,2147761960,28,2147761388,28
US,PAL,constants-only,2147761988,72,2147761416,72
US,PAL,constants-only,2147762060,36,2147761488,36
US,PAL,constants-only,2147762096,124,2147761524,124
US,PAL,constants-only,2147762220,44,2147761648,44
US,PAL,constants-only,2147762264,48,2147761692,48
US,PAL,constants-only,2147762312,12,2147761740,12
US,PAL,constants-only,2147762324,12,2147761752,12
US,PAL,constants-only,2147762832,16,2147762260,16
US,PAL,constants-only,2147762848,584,2147762276,584
US,PAL,constants-only,2147763432,2576,2147762860,2576
US,PAL,constants-only,2147766160,104,2147765588,104
US,PAL,constants-only,2147766264,316,2147765692,316
US,PAL,constants-only,2147767948,292,2147767376,292
US,PAL,constants-only,2147768240,572,2147767668,572
US,PAL,constants-only,2147768812,304,2147768240,304
US,PAL,constants-only,2147769116,308,2147768544,308
US,PAL,constants-only,2147771480,220,2147770980,220
US,PAL,constants-only,2147771700,728,2147771200,728
US,PAL,constants-only,2147772428,388,2147771928,388
US,PAL,constants-only,2147772816,56,2147772316,56
US,PAL,constants-only,2147772872,172,2147772372,172
US,PAL,constants-only,2147773044,28,2147772544,28
US,PAL,constants-only,2147773072,140,2147772572,140
US,PAL,constants-only,2147773212,68,2147772712,68
US,PAL,constants-only,2147774872,20,2147774332,20
US,PAL,constants-only,2147774892,24,2147774352,24
US,PAL,constants-only,2147774916,36,2147774376,36
US,PAL,constants-only,2147774952,60,2147774412,60
US,PAL,constants-only,2147775012,12,2147774472,12
US,PAL,constants-only,2147775024,160,2147774484,160
US,PAL,constants-only,2147775184,1928,2147774644,1928
US,PAL,constants-only,2147777112,780,2147776572,780
US,PAL,constants-only,2147777892,444,2147777352,444
US,PAL,constants-only,2147778336,152,2147777796,152
US,PAL,constants-only,2147778520,32,2147777980,32
US,PAL,constants-only,2147778520,32,2147797504,32
US,PAL,constants-only,2147778552,1492,2147778012,1492
US,PAL,constants-only,2147780044,788,2147779504,788
US,PAL,constants-only,2147780832,336,2147780292,336
US,PAL,constants-only,2147782048,68,2147781524,68
US,PAL,constants-only,2147782116,72,2147781592,72
US,PAL,constants-only,2147782188,176,2147781664,176
US,PAL,constants-only,2147782364,48,2147781840,48
US,PAL,constants-only,2147789320,88,2147788980,88
US,PAL,constants-only,2147791780,120,2147791580,120
US,PAL,constants-only,2147791984,1188,2147791784,1188
US,PAL,constants-only,2147796316,1356,2147796116,1356
US,PAL,constants-only,2147797704,32,2147777980,32
US,PAL,constants-only,2147797704,32,2147797504,32
US,PAL,constants-only,2147797736,988,2147797536,988
US,PAL,constants-only,2147798724,1872,2147798524,1872
US,PAL,constants-only,2147800596,672,2147800396,672
US,PAL,constants-only,2147802028,152,2147801828,152
US,PAL,constants-only,2147802180,280,2147801980,280
US,PAL,constants-only,2147802460,396,2147802260,396
US,PAL,constants-only,2147802856,276,2147802656,276
US,PAL,constants-only,2147803132,228,2147802932,228
US,PAL,constants-only,2147803360,668,2147803160,668
US,PAL,constants-only,2147804028,740,2147803828,740
US,PAL,constants-only,2147804768,632,2147804568,632
US,PAL,constants-only,2147805400,464,2147805200,464
US,PAL,constants-only,2147805864,368,2147805664,368
US,PAL,constants-only,2147809752,860,2147809668,860
US,PAL,constants-only,2147810612,1832,2147810528,1832
US,PAL,constants-only,2147812444,204,2147812360,204
US,PAL,constants-only,2147812648,300,2147812564,300
US,PAL,constants-only,2147812948,396,2147812864,396
US,PAL,constants-only,2147814136,296,2147814060,296
US,PAL,constants-only,2147814432,588,2147814356,588
US,PAL,constants-only,2147815020,172,2147814944,172
US,PAL,constants-only,2147815192,172,2147815116,172
US,PAL,constants-only,2147815192,172,2147815288,172
US,PAL,constants-only,2147815192,172,2147815460,172
US,PAL,constants-only,2147815364,172,2147815116,172
US,PAL,constants-only,2147815364,172,2147815288,172
US,PAL,constants-only,2147815364,172,2147815460,172
US,PAL,constants-only,2147815536,172,2147815116,172
US,PAL,constants-only,2147815536,172,2147815288,172
US,PAL,constants-only,2147815536,172,2147815460,172
US,PAL,constants-only,2147815708,164,2147815632,164
US,PAL,constants-only,2147815872,1260,2147815796,1260
US,PAL,constants-only,2147817132,1464,2147817056,1464
US,PAL,constants-only,2147818596,448,2147818520,448
US,PAL,constants-only,2147819044,1068,2147818968,1068
US,PAL,constants-only,2147820112,628,2147820036,628
US,PAL,constants-only,2147820740,2772,2147820664,2772
US,PAL,constants-only,2147828376,196,2147828356,196
US,PAL,constants-only,2147828572,768,2147828552,768
US,PAL,constants-only,2147829340,940,2147829320,940
US,PAL,constants-only,2147830392,388,2147830372,388
US,PAL,constants-only,2147830780,1272,2147830760,1272
US,PAL,constants-only,2147832484,1160,2147832432,1160
US,PAL,constants-only,2147833644,276,2147833592,276
US,PAL,constants-only,2147836448,220,2147836400,220
US,PAL,constants-only,2147840720,332,2147840944,332
US,PAL,constants-only,2147841052,1128,2147841276,1128
US,PAL,constants-only,2147843176,36,2147843364,36
US,PAL,constants-only,2147843176,36,2147843400,36
US,PAL,constants-only,2147846296,176,2147846520,176
US,PAL,constants-only,2147846472,280,2147846696,280
US,PAL,constants-only,2147847244,224,2147847492,224
US,PAL,constants-only,2147847468,404,2147847716,404
US,PAL,constants-only,2147847872,148,2147848120,148
US,PAL,constants-only,2147848448,580,2147848696,580
US,PAL,constants-only,2147849028,532,2147849276,532
US,PAL,constants-only,2147849560,552,2147849808,552
US,PAL,constants-only,2147850112,664,2147850360,664
US,PAL,constants-only,2147850776,4364,2147851024,4364
US,PAL,constants-only,2147855140,216,2147855388,216
US,PAL,constants-only,2147855356,1224,2147855604,1224
US,PAL,constants-only,2147856760,920,2147857008,920
US,PAL,constants-only,2147857680,424,2147857928,424
US,PAL,constants-only,2147858104,104,2147858352,104
US,PAL,constants-only,2147858208,2560,2147858456,2560
US,PAL,constants-only,2147860768,344,2147861016,344
US,PAL,constants-only,2147861332,1744,2147861580,1744
US,PAL,constants-only,2147863836,584,2147864116,584
US,PAL,constants-only,2147864420,364,2147864700,364
US,PAL,constants-only,2147864784,328,2147865064,328
US,PAL,constants-only,2147865112,492,2147865392,492
US,PAL,constants-only,2147865604,3328,2147865884,3328
US,PAL,constants-only,2147868932,272,2147869212,272
US,PAL,constants-only,2147869204,3104,2147869484,3104
US,PAL,constants-only,2147874972,688,2147875252,688
US,PAL,constants-only,2147875660,2316,2147875940,2316
US,PAL,constants-only,2147878024,280,2147878304,280
US,PAL,constants-only,2147878448,2268,2147878728,2268
US,PAL,constants-only,2147880716,1404,2147880996,1404
US,PAL,constants-only,2147882120,436,2147882400,436
US,PAL,constants-only,2147883036,4952,2147883316,4952
US,PAL,constants-only,2147887988,800,2147888268,800
US,PAL,constants-only,2147888788,1952,2147889068,1952
US,PAL,constants-only,2147890740,768,2147891020,768
US,PAL,constants-only,2147891508,672,2147891788,672
US,PAL,constants-only,2147892180,748,2147892460,748
US,PAL,constants-only,2147892928,916,2147893208,916
US,PAL,constants-only,2147893844,636,2147894124,636
US,PAL,constants-only,2147894480,152,2147894760,152
US,PAL,constants-only,2147894632,1660,2147894912,1660
US,PAL,constants-only,2147896292,84,2147896572,84
US,PAL,constants-only,2147897236,820,2147897516,820
US,PAL,constants-only,2147898056,324,2147898336,324
US,PAL,constants-only,2147898380,4824,2147898660,4824
US,PAL,constants-only,2147903204,152,2147903484,152
US,PAL,constants-only,2147903356,1332,2147903636,1332
US,PAL,constants-only,2147904688,1280,2147904968,1280
US,PAL,constants-only,2147905968,1568,2147906248,1568
US,PAL,constants-only,2147907536,1916,2147907816,1916
US,PAL,constants-only,2147911088,148,2147911368,148
US,PAL,constants-only,2147911236,3136,2147911516,3136
US,PAL,constants-only,2147914372,2348,2147914652,2348
US,PAL,constants-only,2147917716,104,2147917996,104
US,PAL,constants-only,2147917820,1224,2147918100,1224
US,PAL,constants-only,2147919044,1508,2147919324,1508
US,PAL,constants-only,2147921524,1620,2147921804,1620
US,PAL,constants-only,2147927088,108,2147927368,108
US,PAL,constants-only,2147927792,2468,2147928072,2468
US,PAL,constants-only,2147934828,796,2147935108,796
US,PAL,constants-only,2147935624,2472,2147935904,2472
US,PAL,constants-only,2147938096,104,2147938376,104
US,PAL,constants-only,2147938308,2468,2147938588,2468
US,PAL,constants-only,2147941896,104,2147942176,104
US,PAL,constants-only,2147943044,80,2147943324,80
US,PAL,constants-only,2147943124,52,2147943404,52
US,PAL,constants-only,2147944784,3028,2147945064,3028
US,PAL,constants-only,2147947920,88,2147948200,88
US,PAL,constants-only,2147948268,32,2147948548,32
US,PAL,constants-only,2147948348,384,2147948628,384
US,PAL,constants-only,2147948860,48,2147949140,48
US,PAL,constants-only,2147948908,16,2147949188,16
US,PAL,constants-only,2147948908,16,2147949204,16
US,PAL,constants-only,2147948908,16,2147949220,16
US,PAL,constants-only,2147948924,16,2147949188,16
US,PAL,constants-only,2147948924,16,2147949204,16
US,PAL,constants-only,2147948924,16,2147949220,16
US,PAL,constants-only,2147948940,16,2147949188,16
US,PAL,constants-only,2147948940,16,2147949204,16
US,PAL,constants-only,2147948940,16,2147949220,16
US,PAL,constants-only,2147948956,12,2147949236,12
US,PAL,constants-only,2147949000,20,2147949280,20
US,PAL,constants-only,2147949000,20,2147949332,20
US,PAL,constants-only,2147949000,20,2147949352,20
US,PAL,constants-only,2147949000,20,2147971784,20
US,PAL,constants-only,2147949000,20,2147975420,20
US,PAL,constants-only,2147949052,20,2147949280,20
US,PAL,constants-only,2147949052,20,2147949332,20
US,PAL,constants-only,2147949052,20,2147949352,20
US,PAL,constants-only,2147949052,20,2147971784,20
US,PAL,constants-only,2147949052,20,2147975420,20
US,PAL,constants-only,2147949072,20,2147949280,20
US,PAL,constants-only,2147949072,20,2147949332,20
US,PAL,constants-only,2147949072,20,2147949352,20
US,PAL,constants-only,2147949072,20,2147971784,20
US,PAL,constants-only,2147949072,20,2147975420,20
US,PAL,constants-only,2147949092,316,2147949372,316
US,PAL,constants-only,2147949408,308,2147949688,308
US,PAL,constants-only,2147949716,332,2147949996,332
US,PAL,constants-only,2147950568,144,2147950848,144
US,PAL,constants-only,2147950904,320,2147951184,320
US,PAL,constants-only,2147951224,64,2147951504,64
US,PAL,constants-only,2147951288,728,2147951568,728
US,PAL,constants-only,2147952048,708,2147952328,708
US,PAL,constants-only,2147952756,164,2147953036,164
US,PAL,constants-only,2147952920,668,2147953200,668
US,PAL,constants-only,2147953704,48,2147953984,48
US,PAL,constants-only,2147953816,32,2147954096,32
US,PAL,constants-only,2147953848,112,2147954128,112
US,PAL,constants-only,2147953960,372,2147954240,372
US,PAL,constants-only,2147954332,92,2147954612,92
US,PAL,constants-only,2147954424,96,2147954704,96
US,PAL,constants-only,2147954520,152,2147954800,152
US,PAL,constants-only,2147954672,104,2147954952,104
US,PAL,constants-only,2147954776,284,2147955056,284
US,PAL,constants-only,2147955060,96,2147955340,96
US,PAL,constants-only,2147955060,96,2147955436,96
US,PAL,constants-only,2147955156,96,2147955340,96
US,PAL,constants-only,2147955156,96,2147955436,96
US,PAL,constants-only,2147955252,184,2147955532,184
US,PAL,constants-only,2147955436,172,2147955716,172
US,PAL,constants-only,2147955608,112,2147955888,112
US,PAL,constants-only,2147955720,192,2147956000,192
US,PAL,constants-only,2147955912,1272,2147956192,1272
US,PAL,constants-only,2147957184,504,2147957464,504
US,PAL,constants-only,2147957688,624,2147957968,624
US,PAL,constants-only,2147958344,152,2147958624,152
US,PAL,constants-only,2147958344,152,2147958776,152
US,PAL,constants-only,2147958496,152,2147958624,152
US,PAL,constants-only,2147958496,152,2147958776,152
US,PAL,constants-only,2147958676,2268,2147958956,2268
US,PAL,constants-only,2147960944,72,2147961224,72
US,PAL,constants-only,2147961016,84,2147961296,84
US,PAL,constants-only,2147961100,688,2147961380,688
US,PAL,constants-only,2147961788,608,2147962068,608
US,PAL,constants-only,2147962396,652,2147962676,652
US,PAL,constants-only,2147963048,52,2147963328,52
US,PAL,constants-only,2147963100,324,2147963380,324
US,PAL,constants-only,2147963424,200,2147963704,200
US,PAL,constants-only,2147963728,376,2147964008,376
US,PAL,constants-only,2147964104,152,2147964384,152
US,PAL,constants-only,2147964304,208,2147964584,208
US,PAL,constants-only,2147964512,352,2147964792,352
US,PAL,constants-only,2147964864,204,2147965144,204
US,PAL,constants-only,2147965068,68,2147965348,68
US,PAL,constants-only,2147965136,368,2147965416,368
US,PAL,constants-only,2147965504,352,2147965784,352
US,PAL,constants-only,2147965856,64,2147966136,64
US,PAL,constants-only,2147965920,224,2147966200,224
US,PAL,constants-only,2147966160,1248,2147966440,1248
US,PAL,constants-only,2147967408,48,2147967688,48
US,PAL,constants-only,2147967456,208,2147967736,208
US,PAL,constants-only,2147967664,96,2147967944,96
US,PAL,constants-only,2147967760,96,2147968040,96
US,PAL,constants-only,2147967856,176,2147968136,176
US,PAL,constants-only,2147968032,320,2147968312,320
US,PAL,constants-only,2147968352,112,2147968632,112
US,PAL,constants-only,2147968464,64,2147968744,64
US,PAL,constants-only,2147968464,64,2147969304,64
US,PAL,constants-only,2147968528,448,2147968808,448
US,PAL,constants-only,2147968992,32,2147969272,32
US,PAL,constants-only,2147969024,64,2147968744,64
US,PAL,constants-only,2147969024,64,2147969304,64
US,PAL,constants-only,2147969168,128,2147969448,128
US,PAL,constants-only,2147969440,904,2147969720,904
US,PAL,constants-only,2147970344,488,2147970624,488
US,PAL,constants-only,2147970832,412,2147971112,412
US,PAL,constants-only,2147971244,260,2147971524,260
US,PAL,constants-only,2147971504,20,2147949280,20
US,PAL,constants-only,2147971504,20,2147949332,20
US,PAL,constants-only,2147971504,20,2147949352,20
US,PAL,constants-only,2147971504,20,2147971784,20
US,PAL,constants-only,2147971504,20,2147975420,20
US,PAL,constants-only,2147971524,48,2147971804,48
US,PAL,constants-only,2147971524,48,2147971852,48
US,PAL,constants-only,2147971524,48,2147971900,48
US,PAL,constants-only,2147971524,48,2147972000,48
US,PAL,constants-only,2147971572,48,2147971804,48
US,PAL,constants-only,2147971572,48,2147971852,48
US,PAL,constants-only,2147971572,48,2147971900,48
US,PAL,constants-only,2147971572,48,2147972000,48
US,PAL,constants-only,2147971620,48,2147971804,48
US,PAL,constants-only,2147971620,48,2147971852,48
US,PAL,constants-only,2147971620,48,2147971900,48
US,PAL,constants-only,2147971620,48,2147972000,48
US,PAL,constants-only,2147971668,52,2147971948,52
US,PAL,constants-only,2147971720,48,2147971804,48
US,PAL,constants-only,2147971720,48,2147971852,48
US,PAL,constants-only,2147971720,48,2147971900,48
US,PAL,constants-only,2147971720,48,2147972000,48
US,PAL,constants-only,2147971768,16,2147972048,16
US,PAL,constants-only,2147971784,240,2147972064,240
US,PAL,constants-only,2147972024,1072,2147972304,1072
US,PAL,constants-only,2147973204,136,2147973484,136
US,PAL,constants-only,2147973436,168,2147973716,168
US,PAL,constants-only,2147973604,112,2147973884,112
US,PAL,constants-only,2147973716,244,2147973996,244
US,PAL,constants-only,2147973960,156,2147974240,156
US,PAL,constants-only,2147974116,56,2147974396,56
US,PAL,constants-only,2147974172,48,2147974452,48
US,PAL,constants-only,2147974220,52,2147974500,52
US,PAL,constants-only,2147974272,56,2147974552,56
US,PAL,constants-only,2147974360,20,2147949280,20
US,PAL,constants-only,2147974360,20,2147949332,20
US,PAL,constants-only,2147974360,20,2147949352,20
US,PAL,constants-only,2147974360,20,2147971784,20
US,PAL,constants-only,2147974360,20,2147975420,20
US,PAL,constants-only,2147974380,36,2147975440,36
US,PAL,constants-only,2147975304,672,2147976364,672
US,PAL,constants-only,2147976008,2192,2147977068,2192
US,PAL,constants-only,2147978548,2332,2147979608,2332
US,PAL,constants-only,2147980924,424,2147981984,424
US,PAL,constants-only,2147981348,352,2147982408,352
US,PAL,constants-only,2147981700,240,2147982760,240
US,PAL,constants-only,2147981940,144,2147983000,144
US,PAL,constants-only,2147982084,140,2147983144,140
US,PAL,constants-only,2147982224,148,2147983284,148
US,PAL,constants-only,2147982372,172,2147983432,172
US,PAL,constants-only,2147982544,1348,2147983604,1348
US,PAL,constants-only,2147983892,272,2147984952,272
US,PAL,constants-only,2147984164,624,2147985224,624
US,PAL,constants-only,2147984788,232,2147985848,232
US,PAL,constants-only,2147985020,120,2147986080,120
US,PAL,constants-only,2147985140,640,2147986200,640
US,PAL,constants-only,2147985780,636,2147986840,636
US,PAL,constants-only,2147986416,168,2147987476,168
US,PAL,constants-only,2147986584,640,2147987644,640
US,PAL,constants-only,2147987224,132,2147988284,132
US,PAL,constants-only,2147987356,68,2147988416,68
US,PAL,constants-only,2147987424,252,2147988484,252
US,PAL,constants-only,2147987676,40,2147988736,40
US,PAL,constants-only,2147987676,40,2147988776,40
US,PAL,constants-only,2147987716,40,2147988736,40
US,PAL,constants-only,2147987716,40,2147988776,40
US,PAL,constants-only,2147987860,1372,2147988920,1372
US,PAL,constants-only,2147989232,640,2147990292,640
US,PAL,constants-only,2147989872,712,2147990932,712
US,PAL,constants-only,2147990584,1036,2147991644,1036
US,PAL,constants-only,2147991620,212,2147992680,212
US,PAL,constants-only,2147991832,240,2147992892,240
US,PAL,constants-only,2147992072,480,2147993132,480
US,PAL,constants-only,2147992552,360,2147993612,360
US,PAL,constants-only,2147992912,256,2147993972,256
US,PAL,constants-only,2147993168,464,2147994228,464
US,PAL,constants-only,2147993728,240,2147994788,240
US,PAL,constants-only,2147994064,520,2147995124,520
US,PAL,constants-only,2147994584,820,2147995644,820
US,PAL,constants-only,2147995404,240,2147996464,240
US,PAL,constants-only,2147995644,548,2147996704,548
US,PAL,constants-only,2147996192,636,2147997252,636
US,PAL,constants-only,2147996828,144,2147997888,144
US,PAL,constants-only,2147996972,40,2147998032,40
US,PAL,constants-only,2147997160,624,2147998220,624
US,PAL,constants-only,2147997840,1396,2147998900,1396
US,PAL,constants-only,2147999404,32,2148000464,32
US,PAL,constants-only,2148001600,1764,2148002932,1764
US,PAL,constants-only,2148003364,1624,2148004696,1624
US,PAL,constants-only,2148004988,1028,2148006320,1028
US,PAL,constants-only,2148006048,144,2148007380,144
US,PAL,constants-only,2148006192,1232,2148007524,1232
US,PAL,constants-only,2148007424,416,2148008756,416
US,PAL,constants-only,2148007840,704,2148009172,704
US,PAL,constants-only,2148008576,632,2148009908,632
US,PAL,constants-only,2148009280,224,2148010612,224
US,PAL,constants-only,2148009520,16,2148010852,16
US,PAL,constants-only,2148009704,148,2148011036,148
US,PAL,constants-only,2148009852,112,2148011184,112
US,PAL,constants-only,2148009964,52,2148011296,52
US,PAL,constants-only,2148010048,128,2148011380,128
US,PAL,constants-only,2148010240,64,2148011572,64
US,PAL,identical,2147558752,8,2147558784,8
US,PAL,identical,2147558752,8,2147622092,8
US,PAL,identical,2147558752,8,2147626452,8
US,PAL,identical,2147558752,8,2147668884,8
US,PAL,identical,2147586028,316,2147586056,316
US,PAL,identical,2147609580,504,2147609644,504
US,PAL,identical,2147610448,36,2147610512,36
US,PAL,identical,2147610484,872,2147610548,872
US,PAL,identical,2147611356,320,2147611420,320
US,PAL,identical,2147612656,312,2147612720,312
US,PAL,identical,2147621012,240,2147621076,240
US,PAL,identical,2147621252,156,2147621316,156
US,PAL,identical,2147621408,160,2147621472,160
US,PAL,identical,2147621780,40,2147621844,40
US,PAL,identical,2147622028,8,2147558784,8
US,PAL,identical,2147622028,8,2147622092,8
US,PAL,identical,2147622028,8,2147626452,8
US,PAL,identical,2147622028,8,2147668884,8
US,PAL,identical,2147622568,52,2147622588,52
US,PAL,identical,2147625876,8,2147558784,8
US,PAL,identical,2147625876,8,2147622092,8
US,PAL,identical,2147625876,8,2147626452,8
US,PAL,identical,2147625876,8,2147668884,8
US,PAL,identical,2147626120,164,2147626696,164
US,PAL,identical,2147626284,132,2147626860,132
US,PAL,identical,2147632420,120,2147632884,120
US,PAL,identical,2147642748,204,2147642904,204
US,PAL,identical,2147657336,84,2147657580,84
US,PAL,identical,2147658200,24,2147658444,24
US,PAL,identical,2147668648,8,2147558784,8
US,PAL,identical,2147668648,8,2147622092,8
US,PAL,identical,2147668648,8,2147626452,8
US,PAL,identical,2147668648,8,2147668884,8
US,PAL,identical,2147673688,56,2147674336,56
US,PAL,identical,2147674044,144,2147674692,144
US,PAL,identical,2147679272,60,2147679948,60
US,PAL,identical,2147686196,16,2147686872,16
US,PAL,identical,2147686348,12,2147687024,12
US,PAL,identical,2147686348,12,2147687036,12
US,PAL,identical,2147686360,12,2147687024,12
US,PAL,identical,2147686360,12,2147687036,12
US,PAL,identical,2147687452,60,2147688192,60
US,PAL,identical,2147690164,76,2147690916,76
US,PAL,identical,2147699040,100,2147700068,100
US,PAL,identical,2147734036,80,2147733464,80
US,PAL,identical,2147734116,196,2147733544,196
US,PAL,identical,2147734848,68,2147734276,68
US,PAL,identical,2147754636,188,2147754064,188
US,PAL,identical,2147766580,288,2147766008,288
US,PAL,identical,2147773280,96,2147772780,96
US,PAL,identical,2147773376,112,2147772876,112
US,PAL,identical,2147778488,32,2147777948,32
US,PAL,identical,2147778488,32,2147797472,32
US,PAL,identical,2147793172,56,2147792972,56
US,PAL,identical,2147793228,128,2147793028,128
US,PAL,identical,2147793356,128,2147793156,128
US,PAL,identical,2147793484,412,2147793284,412
US,PAL,identical,2147793896,412,2147793696,412
US,PAL,identical,2147794308,412,2147794108,412
US,PAL,identical,2147794720,532,2147794520,532
US,PAL,identical,2147795252,532,2147795052,532
US,PAL,identical,2147795784,532,2147795584,532
US,PAL,identical,2147797672,32,2147777948,32
US,PAL,identical,2147797672,32,2147797472,32
US,PAL,identical,2147806232,188,2147806032,188
US,PAL,identical,2147806420,216,2147806220,216
US,PAL,identical,2147848020,72,2147848268,72
US,PAL,identical,2147848092,112,2147848340,112
US,PAL,identical,2147848304,144,2147848552,144
US,PAL,identical,2147856628,132,2147856876,132
US,PAL,identical,2147861112,220,2147861360,220
US,PAL,identical,2147877976,48,2147878256,48
US,PAL,identical,2147878304,144,2147878584,144
US,PAL,identical,2147916996,428,2147917276,428
US,PAL,identical,2147920552,972,2147920832,972
US,PAL,identical,2147923592,100,2147923872,100
US,PAL,identical,2147923592,100,2147930992,100
US,PAL,identical,2147923692,104,2147923972,104
US,PAL,identical,2147923796,104,2147924076,104
US,PAL,identical,2147923900,56,2147924180,56
US,PAL,identical,2147923956,56,2147924236,56
US,PAL,identical,2147926904,56,2147927184,56
US,PAL,identical,2147927196,164,2147927476,164
US,PAL,identical,2147927360,24,2147927640,24
US,PAL,identical,2147927384,168,2147927664,168
US,PAL,identical,2147927552,24,2147927832,24
US,PAL,identical,2147927576,108,2147927856,108
US,PAL,identical,2147927684,108,2147927964,108
US,PAL,identical,2147930712,100,2147923872,100
US,PAL,identical,2147930712,100,2147930992,100
US,PAL,identical,2147930812,104,2147931092,104
US,PAL,identical,2147930916,104,2147931196,104
US,PAL,identical,2147931020,60,2147931300,60
US,PAL,identical,2147931300,760,2147931580,760
US,PAL,identical,2147933052,180,2147933332,180
US,PAL,identical,2147933232,1596,2147933512,1596
US,PAL,identical,2147938200,108,2147938480,108
US,PAL,identical,2147943176,128,2147943456,128
US,PAL,identical,2147947812,108,2147948092,108
US,PAL,identical,2147948008,172,2147948288,172
US,PAL,identical,2147948180,88,2147948460,88
US,PAL,identical,2147948300,48,2147948580,48
US,PAL,identical,2147948732,16,2147949012,16
US,PAL,identical,2147948748,16,2147949028,16
US,PAL,identical,2147948764,32,2147949044,32
US,PAL,identical,2147948796,48,2147949076,48
US,PAL,identical,2147948844,16,2147949124,16
US,PAL,identical,2147950180,260,2147950460,260
US,PAL,identical,2147950440,128,2147950720,128
US,PAL,identical,2147958312,32,2147958592,32
US,PAL,identical,2147958648,28,2147958928,28
US,PAL,identical,2147963624,40,2147963904,40
US,PAL,identical,2147963664,64,2147963944,64
US,PAL,identical,2147964256,48,2147964536,48
US,PAL,identical,2147966144,16,2147966424,16
US,PAL,identical,2147968976,16,2147969256,16
US,PAL,identical,2147969424,16,2147969704,16
US,PAL,identical,2147973096,36,2147973376,36
US,PAL,identical,2147973132,16,2147973412,16
US,PAL,identical,2147973148,16,2147973428,16
US,PAL,identical,2147973164,40,2147973444,40
US,PAL,identical,2147973340,96,2147973620,96
US,PAL,identical,2147974328,16,2147974608,16
US,PAL,identical,2147974344,16,2147974624,16
US,PAL,identical,2147974416,24,2147975476,24
US,PAL,identical,2147974440,16,2147975500,16
US,PAL,identical,2147974648,64,2147975708,64
US,PAL,identical,2147974824,16,2147975884,16
US,PAL,identical,2147974840,16,2147975900,16
US,PAL,identical,2147974856,16,2147975916,16
US,PAL,identical,2147974872,16,2147975932,16
US,PAL,identical,2147975096,16,2147976156,16
US,PAL,identical,2147975112,16,2147976172,16
US,PAL,identical,2147975128,16,2147976188,16
US,PAL,identical,2147975144,16,2147976204,16
US,PAL,identical,2147975224,16,2147976284,16
US,PAL,identical,2147975240,16,2147976300,16
US,PAL,identical,2147975256,16,2147976316,16
US,PAL,identical,2147975272,16,2147976332,16
US,PAL,identical,2147975288,16,2147976348,16
US,PAL,identical,2147975976,16,2147977036,16
US,PAL,identical,2147975992,16,2147977052,16
US,PAL,identical,2147978200,16,2147979260,16
US,PAL,identical,2147980880,44,2147981940,44
US,PAL,identical,2147993632,16,2147994692,16
US,PAL,identical,2147993648,16,2147994708,16
US,PAL,identical,2147993712,16,2147994772,16
US,PAL,identical,2147993968,56,2147995028,56
US,PAL,identical,2147994024,24,2147995084,24
US,PAL,identical,2147994048,16,2147995108,16
US,PAL,identical,2147997012,16,2147998072,16
US,PAL,identical,2147997784,56,2147998844,56
US,PAL,identical,2147999236,32,2148000296,32
US,PAL,identical,2147999268,20,2148000328,20
US,PAL,identical,2147999288,32,2148000348,32
US,PAL,identical,2147999320,32,2148000380,32
US,PAL,identical,2147999352,32,2148000412,32
US,PAL,identical,2147999384,20,2148000444,20
US,PAL,identical,2148006016,16,2148007348,16
US,PAL,identical,2148006032,16,2148007364,16
US,PAL,identical,2148008544,16,2148009876,16
US,PAL,identical,2148008560,16,2148009892,16
US,PAL,identical,2148009208,40,2148010540,40
US,PAL,identical,2148009248,16,2148010580,16
US,PAL,identical,2148009264,16,2148010596,16
US,PAL,identical,2148009504,16,2148010836,16
US,PAL,identical,2148009536,168,2148010868,168
US,PAL,identical,2148010016,16,2148011348,16
US,PAL,identical,2148010032,16,2148011364,16
US,PAL,identical,2148010176,16,2148011508,16
US,PAL,identical,2148010192,16,2148011524,16
US,PAL,identical,2148010208,16,2148011540,16
US,PAL,identical,2148010224,16,2148011556,16
US,PAL,identical,2148010352,16,2148011684,16
US,PAL,identical,2148010368,16,2148011700,16
US,PAL,structure-only,2147655116,436,2147655360,436
US,PAL,structure-only,2147656048,1228,2147656292,1228
US,PAL,structure-only,2147658520,244,2147658764,244
US,PAL,structure-only,2147659364,264,2147659608,264
US,PAL,structure-only,2147659628,196,2147659872,196
US,PAL,structure-only,2147659824,176,2147660068,176
US,PAL,structure-only,2147661320,456,2147661556,456
US,PAL,structure-only,2147661776,200,2147662012,200
US,PAL,structure-only,2147661976,288,2147662212,288
US,PAL,structure-only,2147662264,216,2147662500,216
US,PAL,structure-only,2147662480,284,2147662716,284
US,PAL,structure-only,2147663516,752,2147663752,752
US,PAL,structure-only,2147664392,324,2147664628,324
US,PAL,structure-only,2147665168,316,2147665404,316
US,PAL,structure-only,2147665484,312,2147665720,312
US,PAL,structure-only,2147665796,292,2147666032,292
US,PAL,structure-only,2147666200,400,2147666436,400
US,PAL,structure-only,2147801268,760,2147801068,760
US,PAL,structure-only,2147842180,960,2147842404,960
US,PAL,structure-only,2147843212,3084,2147843436,3084
US,PAL,structure-only,2147872308,2664,2147872588,2664
US,PAL,structure-only,2147896376,860,2147896656,860
US,PAL,structure-only,2147909452,1192,2147909732,1192
US,PAL,unique-in-base,2147562564,404,,
US,PAL,unique-in-base,2147564568,12008,,
US,PAL,unique-in-base,2147583516,508,,
US,PAL,unique-in-base,2147599200,192,,
US,PAL,unique-in-base,2147599724,1144,,
US,PAL,unique-in-base,2147601844,484,,
US,PAL,unique-in-base,2147622036,268,,
US,PAL,unique-in-base,2147623924,220,,
US,PAL,unique-in-base,2147624188,892,,
US,PAL,unique-in-base,2147625264,516,,
US,PAL,unique-in-base,2147631100,112,,
US,PAL,unique-in-base,2147632540,640,,
US,PAL,unique-in-base,2147635628,92,,
US,PAL,unique-in-base,2147636240,420,,
US,PAL,unique-in-base,2147636660,356,,
US,PAL,unique-in-base,2147637332,1212,,
US,PAL,unique-in-base,2147638808,1208,,
US,PAL,unique-in-base,2147641500,584,,
US,PAL,unique-in-base,2147648720,448,,
US,PAL,unique-in-base,2147661008,56,,
US,PAL,unique-in-base,2147668724,472,,
US,PAL,unique-in-base,2147669332,296,,
US,PAL,unique-in-base,2147669628,1488,,
US,PAL,unique-in-base,2147671412,212,,
US,PAL,unique-in-base,2147671624,1264,,
US,PAL,unique-in-base,2147677684,1588,,
US,PAL,unique-in-base,2147686780,296,,
US,PAL,unique-in-base,2147689284,244,,
US,PAL,unique-in-base,2147691344,212,,
US,PAL,unique-in-base,2147691556,268,,
US,PAL,unique-in-base,2147693336,348,,
US,PAL,unique-in-base,2147694096,4708,,
US,PAL,unique-in-base,2147704432,7044,,
US,PAL,unique-in-base,2147711476,460,,
US,PAL,unique-in-base,2147712416,7260,,
US,PAL,unique-in-base,2147722236,2796,,
US,PAL,unique-in-base,2147725552,484,,
US,PAL,unique-in-base,2147730460,252,,
US,PAL,unique-in-base,2147730828,2544,,
US,PAL,unique-in-base,2147743120,3448,,
US,PAL,unique-in-base,2147762336,496,,
US,PAL,unique-in-base,2147769424,352,,
US,PAL,unique-in-base,2147769776,1620,,
US,PAL,unique-in-base,2147771396,84,,
US,PAL,unique-in-base,2147773488,1028,,
US,PAL,unique-in-base,2147781168,880,,
US,PAL,unique-in-base,2147782412,6908,,
US,PAL,unique-in-base,2147789408,2236,,
US,PAL,unique-in-base,2147806636,2792,,
US,PAL,unique-in-base,2147809428,324,,
US,PAL,unique-in-base,2147813344,792,,
US,PAL,unique-in-base,2147823512,4864,,
US,PAL,unique-in-base,2147832052,432,,
US,PAL,unique-in-base,2147833920,2108,,
US,PAL,unique-in-base,2147836028,420,,
US,PAL,unique-in-base,2147836668,4052,,
US,PAL,unique-in-base,2147843140,36,,
US,PAL,unique-in-base,2147846752,324,,
US,PAL,unique-in-base,2147847076,168,,
US,PAL,unique-in-base,2147863076,760,,
US,PAL,unique-in-base,2147999436,2164,,
US,PAL,unique-in-base,2148010384,52848,,
US,PAL,unique-in-target,,,2147562596,412
US,PAL,unique-in-target,,,2147564608,11996
US,PAL,unique-in-target,,,2147583544,508
US,PAL,unique-in-target,,,2147599228,184
US,PAL,unique-in-target,,,2147599744,1156
US,PAL,unique-in-target,,,2147601876,516
US,PAL,unique-in-target,,,2147622100,224
US,PAL,unique-in-target,,,2147623944,240
US,PAL,unique-in-target,,,2147624228,1412
US,PAL,unique-in-target,,,2147625824,532
US,PAL,unique-in-target,,,2147633004,640
US,PAL,unique-in-target,,,2147636092,100
US,PAL,unique-in-target,,,2147636712,472
US,PAL,unique-in-target,,,2147637184,364
US,PAL,unique-in-target,,,2147637864,976
US,PAL,unique-in-target,,,2147639104,900
US,PAL,unique-in-target,,,2147641488,752
US,PAL,unique-in-target,,,2147648876,536
US,PAL,unique-in-target,,,2147661252,48
US,PAL,unique-in-target,,,2147668960,476
US,PAL,unique-in-target,,,2147669572,312
US,PAL,unique-in-target,,,2147669884,1540
US,PAL,unique-in-target,,,2147671720,260
US,PAL,unique-in-target,,,2147671980,1556
US,PAL,unique-in-target,,,2147678332,1616
US,PAL,unique-in-target,,,2147687456,360
US,PAL,unique-in-target,,,2147690024,256
US,PAL,unique-in-target,,,2147692096,260
US,PAL,unique-in-target,,,2147692356,352
US,PAL,unique-in-target,,,2147694220,412
US,PAL,unique-in-target,,,2147695044,4788
US,PAL,unique-in-target,,,2147705460,7120
US,PAL,unique-in-target,,,2147713060,5780
US,PAL,unique-in-target,,,2147721400,2836
US,PAL,unique-in-target,,,2147724756,480
US,PAL,unique-in-target,,,2147729660,100
US,PAL,unique-in-target,,,2147729760,184
US,PAL,unique-in-target,,,2147730060,2740
US,PAL,unique-in-target,,,2147742548,3200
US,PAL,unique-in-target,,,2147745748,248
US,PAL,unique-in-target,,,2147761764,224
US,PAL,unique-in-target,,,2147761988,272
US,PAL,unique-in-target,,,2147768852,372
US,PAL,unique-in-target,,,2147769224,1644
US,PAL,unique-in-target,,,2147770868,112
US,PAL,unique-in-target,,,2147772988,988
US,PAL,unique-in-target,,,2147780628,896
US,PAL,unique-in-target,,,2147781888,7092
US,PAL,unique-in-target,,,2147789068,2376
US,PAL,unique-in-target,,,2147806436,2884
US,PAL,unique-in-target,,,2147809320,348
US,PAL,unique-in-target,,,2147813260,800
US,PAL,unique-in-target,,,2147823436,752
US,PAL,unique-in-target,,,2147824188,4168
US,PAL,unique-in-target,,,2147832032,400
US,PAL,unique-in-target,,,2147833868,2112
US,PAL,unique-in-target,,,2147835980,420
US,PAL,unique-in-target,,,2147836620,4324
US,PAL,unique-in-target,,,2147846976,324
US,PAL,unique-in-target,,,2147847300,192
US,PAL,unique-in-target,,,2147863324,792
US,PAL,unique-in-target,,,2147974640,780
US,PAL,unique-in-target,,,2148000496,2436
US,PAL,unique-in-target,,,2148011716,53564
